
 /----------------------------------------------------------------------------\
 |  yosys -- Yosys Open SYnthesis Suite                                       |
 |  Copyright (C) 2012 - 2026  Claire Xenia Wolf <claire@yosyshq.com>         |
 |  Distributed under an ISC-like license, type "license" to see terms        |
 \----------------------------------------------------------------------------/
 Yosys 0.69+24 (git sha1 d0e71cfb7-dirty, Release, Clang /usr/bin/clang++ 21.1.8)

-- Executing script file `out/core_synth.ys' --

1. Executing Verilog-2005 frontend: ../rtl/alu.sv
Parsing SystemVerilog input from `../rtl/alu.sv' to AST representation.
Generating RTLIL representation for module `\alu'.
Successfully finished Verilog frontend.

2. Executing Verilog-2005 frontend: ../rtl/muldiv.sv
Parsing SystemVerilog input from `../rtl/muldiv.sv' to AST representation.
Generating RTLIL representation for module `\muldiv'.
Successfully finished Verilog frontend.

3. Executing Verilog-2005 frontend: ../rtl/regfile.sv
Parsing SystemVerilog input from `../rtl/regfile.sv' to AST representation.
Generating RTLIL representation for module `\regfile'.
Successfully finished Verilog frontend.

4. Executing Verilog-2005 frontend: ../rtl/decode.sv
Parsing SystemVerilog input from `../rtl/decode.sv' to AST representation.
Generating RTLIL representation for module `\decode'.
Successfully finished Verilog frontend.

5. Executing Verilog-2005 frontend: ../rtl/core.sv
Parsing SystemVerilog input from `../rtl/core.sv' to AST representation.
Generating RTLIL representation for module `\core'.
Successfully finished Verilog frontend.

6. Executing HIERARCHY pass (managing design hierarchy).

6.1. Analyzing design hierarchy..
Top module:  \core
Used module:     \regfile
Used module:     \muldiv
Used module:     \alu
Used module:     \decode

6.2. Analyzing design hierarchy..
Top module:  \core
Used module:     \regfile
Used module:     \muldiv
Used module:     \alu
Used module:     \decode
Removed 0 unused modules.

7. Executing SYNTH pass.

7.1. Executing HIERARCHY pass (managing design hierarchy).

7.1.1. Analyzing design hierarchy..
Top module:  \core
Used module:     \regfile
Used module:     \muldiv
Used module:     \alu
Used module:     \decode

7.1.2. Analyzing design hierarchy..
Top module:  \core
Used module:     \regfile
Used module:     \muldiv
Used module:     \alu
Used module:     \decode
Removed 0 unused modules.

7.2. Executing PROC pass (convert processes to netlists).

7.2.1. Executing PROC_CLEAN pass (remove empty switches from decision trees).
Cleaned up 0 empty switches.

7.2.2. Executing PROC_RMDEAD pass (remove dead branches from decision trees).
Marked 1 switch rules as full_case in process $proc$../rtl/core.sv:108$170 in module core.
Marked 4 switch rules as full_case in process $proc$../rtl/core.sv:100$161 in module core.
Removed 2 dead cases from process $proc$../rtl/decode.sv:32$126 in module decode.
Marked 2 switch rules as full_case in process $proc$../rtl/decode.sv:32$126 in module decode.
Marked 1 switch rules as full_case in process $proc$../rtl/regfile.sv:13$117 in module regfile.
Marked 7 switch rules as full_case in process $proc$../rtl/muldiv.sv:83$29 in module muldiv.
Marked 1 switch rules as full_case in process $proc$../rtl/muldiv.sv:38$25 in module muldiv.
Marked 1 switch rules as full_case in process $proc$../rtl/alu.sv:9$1 in module alu.
Removed a total of 2 dead cases.

7.2.3. Executing PROC_PRUNE pass (remove redundant assignments in processes).
Removed 2 redundant assignments.
Promoted 36 assignments to connections.

7.2.4. Executing PROC_INIT pass (extract init attributes).

7.2.5. Executing PROC_ARST pass (detect async resets in processes).

7.2.6. Executing PROC_ROM pass (convert switches to ROMs).
Converted 0 switches.
<suppressed ~30 debug messages>

7.2.7. Executing PROC_MUX pass (convert decision trees to multiplexers).
Creating decoders for process `\core.$proc$../rtl/core.sv:108$170'.
     1/1: $0\pc[63:0]
Creating decoders for process `\core.$proc$../rtl/core.sv:100$161'.
     1/4: $4\pc_next[63:0]
     2/4: $3\pc_next[63:0]
     3/4: $2\pc_next[63:0]
     4/4: $1\pc_next[63:0]
Creating decoders for process `\core.$proc$../rtl/core.sv:72$150'.
     1/1: $1\load_data[63:0]
Creating decoders for process `\core.$proc$../rtl/core.sv:53$142'.
     1/1: $1\branch_taken[0:0]
Creating decoders for process `\decode.$proc$../rtl/decode.sv:17$135'.
Creating decoders for process `\decode.$proc$../rtl/decode.sv:16$134'.
Creating decoders for process `\decode.$proc$../rtl/decode.sv:15$133'.
Creating decoders for process `\decode.$proc$../rtl/decode.sv:32$126'.
     1/24: $7\alu_op[3:0]
     2/24: $3\muldiv_op[2:0]
     3/24: $3\is_muldiv[0:0]
     4/24: $6\alu_op[3:0]
     5/24: $5\alu_op[3:0]
     6/24: $4\alu_op[3:0]
     7/24: $2\muldiv_op[2:0]
     8/24: $2\is_muldiv[0:0]
     9/24: $3\alu_op[3:0]
    10/24: $2\alu_op[3:0]
    11/24: $1\imm[63:0]
    12/24: $1\reg_write[0:0]
    13/24: $1\is_lui[0:0]
    14/24: $1\muldiv_op[2:0]
    15/24: $1\is_muldiv[0:0]
    16/24: $1\is_auipc[0:0]
    17/24: $1\is_jalr[0:0]
    18/24: $1\is_jal[0:0]
    19/24: $1\is_branch[0:0]
    20/24: $1\is_store[0:0]
    21/24: $1\is_load[0:0]
    22/24: $1\alu_src_imm[0:0]
    23/24: $1\alu_op[3:0]
    24/24: $1\is_word[0:0]
Creating decoders for process `\regfile.$proc$../rtl/regfile.sv:13$117'.
     1/3: $1$memwr$\regs$../rtl/regfile.sv:14$110_EN[63:0]$125
     2/3: $1$memwr$\regs$../rtl/regfile.sv:14$110_DATA[63:0]$124
     3/3: $1$memwr$\regs$../rtl/regfile.sv:14$110_ADDR[4:0]$123
Creating decoders for process `\muldiv.$proc$../rtl/muldiv.sv:83$29'.
     1/52: $4$unnamed_block$20.rem_f[63:0]$103
     2/52: $4$unnamed_block$20.quo_f[63:0]$102
     3/52: $3$unnamed_block$20.rem_f[63:0]$100
     4/52: $3$unnamed_block$20.quo_f[63:0]$99
     5/52: $5\neg_rem[0:0]
     6/52: $5\neg_quo[0:0]
     7/52: $5$unnamed_block$19.bmag[63:0]$68
     8/52: $5$unnamed_block$19.amag[63:0]$67
     9/52: $4$unnamed_block$19.bmag[63:0]$54
    10/52: $4$unnamed_block$19.amag[63:0]$53
    11/52: $4$unnamed_block$19.is_signed_op[0:0]$52
    12/52: $4\sign_ovf[0:0]
    13/52: $4\div_by_zero[0:0]
    14/52: $4\neg_rem[0:0]
    15/52: $4\neg_quo[0:0]
    16/52: $3$unnamed_block$19.bmag[63:0]$50
    17/52: $3$unnamed_block$19.amag[63:0]$49
    18/52: $3$unnamed_block$19.is_signed_op[0:0]$48
    19/52: $3\sign_ovf[0:0]
    20/52: $3\div_by_zero[0:0]
    21/52: $3\neg_rem[0:0]
    22/52: $3\neg_quo[0:0]
    23/52: $2$unnamed_block$19.bmag[63:0]$44
    24/52: $2$unnamed_block$19.amag[63:0]$43
    25/52: $2$unnamed_block$19.is_signed_op[0:0]$42
    26/52: $2\sign_ovf[0:0]
    27/52: $2\div_by_zero[0:0]
    28/52: $2\neg_rem[0:0]
    29/52: $2\neg_quo[0:0]
    30/52: $2$unnamed_block$20.result[63:0]$47
    31/52: $2$unnamed_block$20.rem_f[63:0]$46
    32/52: $2$unnamed_block$20.quo_f[63:0]$45
    33/52: $0\done[0:0]
    34/52: $1$unnamed_block$20.result[63:0]$41
    35/52: $1$unnamed_block$20.rem_f[63:0]$40
    36/52: $1$unnamed_block$20.quo_f[63:0]$39
    37/52: $1$unnamed_block$19.bmag[63:0]$38
    38/52: $1$unnamed_block$19.amag[63:0]$37
    39/52: $1$unnamed_block$19.is_signed_op[0:0]$36
    40/52: $1\sign_ovf[0:0]
    41/52: $1\div_by_zero[0:0]
    42/52: $1\neg_rem[0:0]
    43/52: $1\neg_quo[0:0]
    44/52: $0\state[1:0]
    45/52: $0\a_lat[63:0]
    46/52: $0\op_is_word_r[0:0]
    47/52: $0\op_is_rem[0:0]
    48/52: $0\divisor_r[63:0]
    49/52: $0\quo_r[63:0]
    50/52: $0\rem_r[63:0]
    51/52: $0\iter[6:0]
    52/52: $0\y[63:0]
Creating decoders for process `\muldiv.$proc$../rtl/muldiv.sv:38$25'.
     1/3: $3\mul_result[63:0]
     2/3: $2\mul_result[63:0]
     3/3: $1\mul_result[63:0]
Creating decoders for process `\alu.$proc$../rtl/alu.sv:9$1'.
     1/4: $2\y[63:0]
     2/4: $2\yw[31:0]
     3/4: $1\y[63:0]
     4/4: $1\yw[31:0]

7.2.8. Executing PROC_DLATCH pass (convert process syncs to latches).
No latch inferred for signal `\core.\pc_next' from process `\core.$proc$../rtl/core.sv:100$161'.
No latch inferred for signal `\core.\load_data' from process `\core.$proc$../rtl/core.sv:72$150'.
No latch inferred for signal `\core.\branch_taken' from process `\core.$proc$../rtl/core.sv:53$142'.
No latch inferred for signal `\decode.\funct7_0' from process `\decode.$proc$../rtl/decode.sv:17$135'.
No latch inferred for signal `\decode.\funct7_5' from process `\decode.$proc$../rtl/decode.sv:16$134'.
No latch inferred for signal `\decode.\opcode' from process `\decode.$proc$../rtl/decode.sv:15$133'.
No latch inferred for signal `\decode.\is_word' from process `\decode.$proc$../rtl/decode.sv:32$126'.
No latch inferred for signal `\decode.\imm' from process `\decode.$proc$../rtl/decode.sv:32$126'.
No latch inferred for signal `\decode.\alu_op' from process `\decode.$proc$../rtl/decode.sv:32$126'.
No latch inferred for signal `\decode.\alu_src_imm' from process `\decode.$proc$../rtl/decode.sv:32$126'.
No latch inferred for signal `\decode.\reg_write' from process `\decode.$proc$../rtl/decode.sv:32$126'.
No latch inferred for signal `\decode.\is_load' from process `\decode.$proc$../rtl/decode.sv:32$126'.
No latch inferred for signal `\decode.\is_store' from process `\decode.$proc$../rtl/decode.sv:32$126'.
No latch inferred for signal `\decode.\is_branch' from process `\decode.$proc$../rtl/decode.sv:32$126'.
No latch inferred for signal `\decode.\is_jal' from process `\decode.$proc$../rtl/decode.sv:32$126'.
No latch inferred for signal `\decode.\is_jalr' from process `\decode.$proc$../rtl/decode.sv:32$126'.
No latch inferred for signal `\decode.\is_lui' from process `\decode.$proc$../rtl/decode.sv:32$126'.
No latch inferred for signal `\decode.\is_auipc' from process `\decode.$proc$../rtl/decode.sv:32$126'.
No latch inferred for signal `\decode.\is_muldiv' from process `\decode.$proc$../rtl/decode.sv:32$126'.
No latch inferred for signal `\decode.\muldiv_op' from process `\decode.$proc$../rtl/decode.sv:32$126'.
No latch inferred for signal `\muldiv.\mul_result' from process `\muldiv.$proc$../rtl/muldiv.sv:38$25'.
No latch inferred for signal `\alu.\y' from process `\alu.$proc$../rtl/alu.sv:9$1'.
No latch inferred for signal `\alu.\yw' from process `\alu.$proc$../rtl/alu.sv:9$1'.

7.2.9. Executing PROC_DFF pass (convert process syncs to FFs).
Creating register for signal `\core.\pc' using process `\core.$proc$../rtl/core.sv:108$170'.
  created $dff cell `$procdff$1011' with positive edge clock.
Creating register for signal `\regfile.$memwr$\regs$../rtl/regfile.sv:14$110_ADDR' using process `\regfile.$proc$../rtl/regfile.sv:13$117'.
  created $dff cell `$procdff$1012' with positive edge clock.
Creating register for signal `\regfile.$memwr$\regs$../rtl/regfile.sv:14$110_DATA' using process `\regfile.$proc$../rtl/regfile.sv:13$117'.
  created $dff cell `$procdff$1013' with positive edge clock.
Creating register for signal `\regfile.$memwr$\regs$../rtl/regfile.sv:14$110_EN' using process `\regfile.$proc$../rtl/regfile.sv:13$117'.
  created $dff cell `$procdff$1014' with positive edge clock.
Creating register for signal `\muldiv.\y' using process `\muldiv.$proc$../rtl/muldiv.sv:83$29'.
  created $dff cell `$procdff$1015' with positive edge clock.
Creating register for signal `\muldiv.\done' using process `\muldiv.$proc$../rtl/muldiv.sv:83$29'.
  created $dff cell `$procdff$1016' with positive edge clock.
Creating register for signal `\muldiv.\iter' using process `\muldiv.$proc$../rtl/muldiv.sv:83$29'.
  created $dff cell `$procdff$1017' with positive edge clock.
Creating register for signal `\muldiv.\rem_r' using process `\muldiv.$proc$../rtl/muldiv.sv:83$29'.
  created $dff cell `$procdff$1018' with positive edge clock.
Creating register for signal `\muldiv.\quo_r' using process `\muldiv.$proc$../rtl/muldiv.sv:83$29'.
  created $dff cell `$procdff$1019' with positive edge clock.
Creating register for signal `\muldiv.\divisor_r' using process `\muldiv.$proc$../rtl/muldiv.sv:83$29'.
  created $dff cell `$procdff$1020' with positive edge clock.
Creating register for signal `\muldiv.\neg_quo' using process `\muldiv.$proc$../rtl/muldiv.sv:83$29'.
  created $dff cell `$procdff$1021' with positive edge clock.
Creating register for signal `\muldiv.\neg_rem' using process `\muldiv.$proc$../rtl/muldiv.sv:83$29'.
  created $dff cell `$procdff$1022' with positive edge clock.
Creating register for signal `\muldiv.\op_is_rem' using process `\muldiv.$proc$../rtl/muldiv.sv:83$29'.
  created $dff cell `$procdff$1023' with positive edge clock.
Creating register for signal `\muldiv.\op_is_word_r' using process `\muldiv.$proc$../rtl/muldiv.sv:83$29'.
  created $dff cell `$procdff$1024' with positive edge clock.
Creating register for signal `\muldiv.\div_by_zero' using process `\muldiv.$proc$../rtl/muldiv.sv:83$29'.
  created $dff cell `$procdff$1025' with positive edge clock.
Creating register for signal `\muldiv.\sign_ovf' using process `\muldiv.$proc$../rtl/muldiv.sv:83$29'.
  created $dff cell `$procdff$1026' with positive edge clock.
Creating register for signal `\muldiv.\a_lat' using process `\muldiv.$proc$../rtl/muldiv.sv:83$29'.
  created $dff cell `$procdff$1027' with positive edge clock.
Creating register for signal `\muldiv.\state' using process `\muldiv.$proc$../rtl/muldiv.sv:83$29'.
  created $dff cell `$procdff$1028' with positive edge clock.
Creating register for signal `\muldiv.$unnamed_block$19.is_signed_op' using process `\muldiv.$proc$../rtl/muldiv.sv:83$29'.
  created $dff cell `$procdff$1029' with positive edge clock.
Creating register for signal `\muldiv.$unnamed_block$19.amag' using process `\muldiv.$proc$../rtl/muldiv.sv:83$29'.
  created $dff cell `$procdff$1030' with positive edge clock.
Creating register for signal `\muldiv.$unnamed_block$19.bmag' using process `\muldiv.$proc$../rtl/muldiv.sv:83$29'.
  created $dff cell `$procdff$1031' with positive edge clock.
Creating register for signal `\muldiv.$unnamed_block$20.quo_f' using process `\muldiv.$proc$../rtl/muldiv.sv:83$29'.
  created $dff cell `$procdff$1032' with positive edge clock.
Creating register for signal `\muldiv.$unnamed_block$20.rem_f' using process `\muldiv.$proc$../rtl/muldiv.sv:83$29'.
  created $dff cell `$procdff$1033' with positive edge clock.
Creating register for signal `\muldiv.$unnamed_block$20.result' using process `\muldiv.$proc$../rtl/muldiv.sv:83$29'.
  created $dff cell `$procdff$1034' with positive edge clock.

7.2.10. Executing PROC_MEMWR pass (convert process memory writes to cells).

7.2.11. Executing PROC_CLEAN pass (remove empty switches from decision trees).
Found and cleaned up 1 empty switch in `\core.$proc$../rtl/core.sv:108$170'.
Removing empty process `core.$proc$../rtl/core.sv:108$170'.
Found and cleaned up 4 empty switches in `\core.$proc$../rtl/core.sv:100$161'.
Removing empty process `core.$proc$../rtl/core.sv:100$161'.
Found and cleaned up 1 empty switch in `\core.$proc$../rtl/core.sv:72$150'.
Removing empty process `core.$proc$../rtl/core.sv:72$150'.
Found and cleaned up 1 empty switch in `\core.$proc$../rtl/core.sv:53$142'.
Removing empty process `core.$proc$../rtl/core.sv:53$142'.
Removing empty process `decode.$proc$../rtl/decode.sv:17$135'.
Removing empty process `decode.$proc$../rtl/decode.sv:16$134'.
Removing empty process `decode.$proc$../rtl/decode.sv:15$133'.
Found and cleaned up 7 empty switches in `\decode.$proc$../rtl/decode.sv:32$126'.
Removing empty process `decode.$proc$../rtl/decode.sv:32$126'.
Found and cleaned up 1 empty switch in `\regfile.$proc$../rtl/regfile.sv:13$117'.
Removing empty process `regfile.$proc$../rtl/regfile.sv:13$117'.
Found and cleaned up 9 empty switches in `\muldiv.$proc$../rtl/muldiv.sv:83$29'.
Removing empty process `muldiv.$proc$../rtl/muldiv.sv:83$29'.
Found and cleaned up 3 empty switches in `\muldiv.$proc$../rtl/muldiv.sv:38$25'.
Removing empty process `muldiv.$proc$../rtl/muldiv.sv:38$25'.
Found and cleaned up 3 empty switches in `\alu.$proc$../rtl/alu.sv:9$1'.
Removing empty process `alu.$proc$../rtl/alu.sv:9$1'.
Cleaned up 30 empty switches.

7.2.12. Executing OPT_EXPR pass (perform const folding).
Optimizing module core.
<suppressed ~3 debug messages>
Optimizing module decode.
<suppressed ~3 debug messages>
Optimizing module regfile.
<suppressed ~3 debug messages>
Optimizing module muldiv.
<suppressed ~57 debug messages>
Optimizing module alu.
<suppressed ~2 debug messages>

7.3. Executing OPT_EXPR pass (perform const folding).
Optimizing module core.
Optimizing module decode.
Optimizing module regfile.
Optimizing module muldiv.
Optimizing module alu.

7.4. Executing CHECK pass (checking for obvious problems).
Checking module core...
Checking module decode...
Checking module regfile...
Checking module muldiv...
Checking module alu...
Found and reported 0 problems.

7.5. Executing OPT_CLEAN pass (remove unused cells and wires).
Finding unused cells or wires in module \core..
Finding unused cells or wires in module \decode..
Finding unused cells or wires in module \regfile..
Finding unused cells or wires in module \muldiv..
Finding unused cells or wires in module \alu..
Removed 62 unused cells and 365 unused wires.
<suppressed ~68 debug messages>

7.6. Executing OPT pass (performing simple optimizations).

7.6.1. Executing OPT_EXPR pass (perform const folding).
Optimizing module core.
Optimizing module decode.
Optimizing module regfile.
Optimizing module muldiv.
Optimizing module alu.

7.6.2. Executing OPT_MERGE pass (detect identical cells).
Finding identical cells in module `\core'.
Computing hashes of 60 cells of `\core'.
Finding duplicate cells in `\core'.
Computing hashes of 50 cells of `\core'.
Finding duplicate cells in `\core'.
<suppressed ~30 debug messages>
Finding identical cells in module `\decode'.
Computing hashes of 114 cells of `\decode'.
Finding duplicate cells in `\decode'.
Computing hashes of 61 cells of `\decode'.
Finding duplicate cells in `\decode'.
<suppressed ~159 debug messages>
Finding identical cells in module `\regfile'.
Computing hashes of 12 cells of `\regfile'.
Finding duplicate cells in `\regfile'.
Finding identical cells in module `\muldiv'.
Computing hashes of 228 cells of `\muldiv'.
Finding duplicate cells in `\muldiv'.
Computing hashes of 189 cells of `\muldiv'.
Finding duplicate cells in `\muldiv'.
<suppressed ~117 debug messages>
Finding identical cells in module `\alu'.
Computing hashes of 37 cells of `\alu'.
Finding duplicate cells in `\alu'.
Computing hashes of 32 cells of `\alu'.
Finding duplicate cells in `\alu'.
<suppressed ~15 debug messages>
Removed a total of 107 cells.

7.6.3. Executing OPT_MUXTREE pass (detect dead branches in mux trees).
Running muxtree optimizer on module \core..
  Creating internal representation of mux trees.
  Evaluating internal representation of mux trees.
  Analyzing evaluation results.
    dead port 1/2 on $mux $procmux$199.
    dead port 1/2 on $mux $procmux$193.
    dead port 1/2 on $mux $procmux$190.
    dead port 1/2 on $mux $procmux$184.
    dead port 1/2 on $mux $procmux$181.
    dead port 1/2 on $mux $procmux$178.
Running muxtree optimizer on module \decode..
  Creating internal representation of mux trees.
  Evaluating internal representation of mux trees.
  Analyzing evaluation results.
    dead port 2/2 on $mux $procmux$311.
    dead port 2/2 on $mux $procmux$296.
    dead port 2/2 on $mux $procmux$288.
    dead port 2/2 on $mux $procmux$280.
    dead port 2/2 on $mux $procmux$272.
    dead port 1/2 on $mux $procmux$270.
    dead port 2/2 on $mux $procmux$255.
    dead port 2/2 on $mux $procmux$247.
    dead port 2/2 on $mux $procmux$241.
    dead port 2/2 on $mux $procmux$235.
    dead port 2/2 on $mux $procmux$229.
    dead port 1/2 on $mux $procmux$227.
Running muxtree optimizer on module \regfile..
  Creating internal representation of mux trees.
  Evaluating internal representation of mux trees.
  Analyzing evaluation results.
Running muxtree optimizer on module \muldiv..
  Creating internal representation of mux trees.
  Evaluating internal representation of mux trees.
  Analyzing evaluation results.
    dead port 1/2 on $mux $procmux$781.
    dead port 1/2 on $mux $procmux$773.
    dead port 1/2 on $mux $procmux$765.
    dead port 1/2 on $mux $procmux$757.
    dead port 1/2 on $mux $procmux$725.
    dead port 2/2 on $mux $procmux$722.
    dead port 1/2 on $mux $procmux$714.
    dead port 2/2 on $mux $procmux$711.
    dead port 1/2 on $mux $procmux$703.
    dead port 2/2 on $mux $procmux$700.
    dead port 1/2 on $mux $procmux$692.
    dead port 2/2 on $mux $procmux$689.
    dead port 1/2 on $mux $procmux$969.
    dead port 2/2 on $mux $procmux$975.
    dead port 1/2 on $mux $procmux$648.
    dead port 2/2 on $mux $procmux$645.
    dead port 2/2 on $mux $procmux$643.
    dead port 1/2 on $mux $procmux$634.
    dead port 2/2 on $mux $procmux$631.
    dead port 2/2 on $mux $procmux$629.
    dead port 1/2 on $mux $procmux$620.
    dead port 2/2 on $mux $procmux$617.
    dead port 2/2 on $mux $procmux$615.
    dead port 1/2 on $mux $procmux$606.
    dead port 2/2 on $mux $procmux$603.
    dead port 2/2 on $mux $procmux$601.
    dead port 1/2 on $mux $procmux$550.
    dead port 2/2 on $mux $procmux$547.
    dead port 2/2 on $mux $procmux$545.
    dead port 2/2 on $mux $procmux$543.
    dead port 1/2 on $mux $procmux$533.
    dead port 2/2 on $mux $procmux$530.
    dead port 2/2 on $mux $procmux$528.
    dead port 2/2 on $mux $procmux$526.
    dead port 1/2 on $mux $procmux$516.
    dead port 2/2 on $mux $procmux$513.
    dead port 2/2 on $mux $procmux$511.
    dead port 2/2 on $mux $procmux$509.
    dead port 1/2 on $mux $procmux$499.
    dead port 2/2 on $mux $procmux$496.
    dead port 2/2 on $mux $procmux$494.
    dead port 2/2 on $mux $procmux$492.
    dead port 1/2 on $mux $procmux$482.
    dead port 2/2 on $mux $procmux$479.
    dead port 1/2 on $mux $procmux$473.
    dead port 2/2 on $mux $procmux$470.
    dead port 1/2 on $mux $procmux$464.
    dead port 2/2 on $mux $procmux$461.
    dead port 1/2 on $mux $procmux$459.
    dead port 1/2 on $mux $procmux$452.
    dead port 2/2 on $mux $procmux$449.
    dead port 1/2 on $mux $procmux$447.
Running muxtree optimizer on module \alu..
  Creating internal representation of mux trees.
  Evaluating internal representation of mux trees.
  Analyzing evaluation results.
    dead port 1/2 on $mux $procmux$993.
    dead port 2/2 on $mux $procmux$1003.
Removed 72 multiplexer ports.
<suppressed ~281 debug messages>

7.6.4. Executing OPT_REDUCE pass (consolidate $*mux and $reduce_* inputs).
  Optimizing cells in module \core.
  Optimizing cells in module \decode.
    New ctrl vector for $pmux cell $procmux$315: { $auto$opt_reduce.cc:137:opt_pmux$1039 $procmux$419_CMP $procmux$398_CMP $procmux$389_CMP $auto$opt_reduce.cc:137:opt_pmux$1037 }
    New ctrl vector for $pmux cell $procmux$416: $auto$opt_reduce.cc:137:opt_pmux$1041
    New ctrl vector for $pmux cell $procmux$326: $auto$opt_reduce.cc:137:opt_pmux$1043
    New ctrl vector for $pmux cell $procmux$430: $auto$opt_reduce.cc:137:opt_pmux$1045
  Optimizing cells in module \decode.
  Optimizing cells in module \regfile.
    Consolidated identical input bits for $mux cell $procmux$434:
      Old ports: A=64'0000000000000000000000000000000000000000000000000000000000000000, B=64'1111111111111111111111111111111111111111111111111111111111111111, Y=$0$memwr$\regs$../rtl/regfile.sv:14$110_EN[63:0]$120
      New ports: A=1'0, B=1'1, Y=$0$memwr$\regs$../rtl/regfile.sv:14$110_EN[63:0]$120 [0]
      New connections: $0$memwr$\regs$../rtl/regfile.sv:14$110_EN[63:0]$120 [63:1] = { $0$memwr$\regs$../rtl/regfile.sv:14$110_EN[63:0]$120 [0] $0$memwr$\regs$../rtl/regfile.sv:14$110_EN[63:0]$120 [0] $0$memwr$\regs$../rtl/regfile.sv:14$110_EN[63:0]$120 [0] $0$memwr$\regs$../rtl/regfile.sv:14$110_EN[63:0]$120 [0] $0$memwr$\regs$../rtl/regfile.sv:14$110_EN[63:0]$120 [0] $0$memwr$\regs$../rtl/regfile.sv:14$110_EN[63:0]$120 [0] $0$memwr$\regs$../rtl/regfile.sv:14$110_EN[63:0]$120 [0] $0$memwr$\regs$../rtl/regfile.sv:14$110_EN[63:0]$120 [0] $0$memwr$\regs$../rtl/regfile.sv:14$110_EN[63:0]$120 [0] $0$memwr$\regs$../rtl/regfile.sv:14$110_EN[63:0]$120 [0] $0$memwr$\regs$../rtl/regfile.sv:14$110_EN[63:0]$120 [0] $0$memwr$\regs$../rtl/regfile.sv:14$110_EN[63:0]$120 [0] $0$memwr$\regs$../rtl/regfile.sv:14$110_EN[63:0]$120 [0] $0$memwr$\regs$../rtl/regfile.sv:14$110_EN[63:0]$120 [0] $0$memwr$\regs$../rtl/regfile.sv:14$110_EN[63:0]$120 [0] $0$memwr$\regs$../rtl/regfile.sv:14$110_EN[63:0]$120 [0] $0$memwr$\regs$../rtl/regfile.sv:14$110_EN[63:0]$120 [0] $0$memwr$\regs$../rtl/regfile.sv:14$110_EN[63:0]$120 [0] $0$memwr$\regs$../rtl/regfile.sv:14$110_EN[63:0]$120 [0] $0$memwr$\regs$../rtl/regfile.sv:14$110_EN[63:0]$120 [0] $0$memwr$\regs$../rtl/regfile.sv:14$110_EN[63:0]$120 [0] $0$memwr$\regs$../rtl/regfile.sv:14$110_EN[63:0]$120 [0] $0$memwr$\regs$../rtl/regfile.sv:14$110_EN[63:0]$120 [0] $0$memwr$\regs$../rtl/regfile.sv:14$110_EN[63:0]$120 [0] $0$memwr$\regs$../rtl/regfile.sv:14$110_EN[63:0]$120 [0] $0$memwr$\regs$../rtl/regfile.sv:14$110_EN[63:0]$120 [0] $0$memwr$\regs$../rtl/regfile.sv:14$110_EN[63:0]$120 [0] $0$memwr$\regs$../rtl/regfile.sv:14$110_EN[63:0]$120 [0] $0$memwr$\regs$../rtl/regfile.sv:14$110_EN[63:0]$120 [0] $0$memwr$\regs$../rtl/regfile.sv:14$110_EN[63:0]$120 [0] $0$memwr$\regs$../rtl/regfile.sv:14$110_EN[63:0]$120 [0] $0$memwr$\regs$../rtl/regfile.sv:14$110_EN[63:0]$120 [0] $0$memwr$\regs$../rtl/regfile.sv:14$110_EN[63:0]$120 [0] $0$memwr$\regs$../rtl/regfile.sv:14$110_EN[63:0]$120 [0] $0$memwr$\regs$../rtl/regfile.sv:14$110_EN[63:0]$120 [0] $0$memwr$\regs$../rtl/regfile.sv:14$110_EN[63:0]$120 [0] $0$memwr$\regs$../rtl/regfile.sv:14$110_EN[63:0]$120 [0] $0$memwr$\regs$../rtl/regfile.sv:14$110_EN[63:0]$120 [0] $0$memwr$\regs$../rtl/regfile.sv:14$110_EN[63:0]$120 [0] $0$memwr$\regs$../rtl/regfile.sv:14$110_EN[63:0]$120 [0] $0$memwr$\regs$../rtl/regfile.sv:14$110_EN[63:0]$120 [0] $0$memwr$\regs$../rtl/regfile.sv:14$110_EN[63:0]$120 [0] $0$memwr$\regs$../rtl/regfile.sv:14$110_EN[63:0]$120 [0] $0$memwr$\regs$../rtl/regfile.sv:14$110_EN[63:0]$120 [0] $0$memwr$\regs$../rtl/regfile.sv:14$110_EN[63:0]$120 [0] $0$memwr$\regs$../rtl/regfile.sv:14$110_EN[63:0]$120 [0] $0$memwr$\regs$../rtl/regfile.sv:14$110_EN[63:0]$120 [0] $0$memwr$\regs$../rtl/regfile.sv:14$110_EN[63:0]$120 [0] $0$memwr$\regs$../rtl/regfile.sv:14$110_EN[63:0]$120 [0] $0$memwr$\regs$../rtl/regfile.sv:14$110_EN[63:0]$120 [0] $0$memwr$\regs$../rtl/regfile.sv:14$110_EN[63:0]$120 [0] $0$memwr$\regs$../rtl/regfile.sv:14$110_EN[63:0]$120 [0] $0$memwr$\regs$../rtl/regfile.sv:14$110_EN[63:0]$120 [0] $0$memwr$\regs$../rtl/regfile.sv:14$110_EN[63:0]$120 [0] $0$memwr$\regs$../rtl/regfile.sv:14$110_EN[63:0]$120 [0] $0$memwr$\regs$../rtl/regfile.sv:14$110_EN[63:0]$120 [0] $0$memwr$\regs$../rtl/regfile.sv:14$110_EN[63:0]$120 [0] $0$memwr$\regs$../rtl/regfile.sv:14$110_EN[63:0]$120 [0] $0$memwr$\regs$../rtl/regfile.sv:14$110_EN[63:0]$120 [0] $0$memwr$\regs$../rtl/regfile.sv:14$110_EN[63:0]$120 [0] $0$memwr$\regs$../rtl/regfile.sv:14$110_EN[63:0]$120 [0] $0$memwr$\regs$../rtl/regfile.sv:14$110_EN[63:0]$120 [0] $0$memwr$\regs$../rtl/regfile.sv:14$110_EN[63:0]$120 [0] }
  Optimizing cells in module \regfile.
  Optimizing cells in module \muldiv.
  Optimizing cells in module \alu.
Performed a total of 5 changes.

7.6.5. Executing OPT_MERGE pass (detect identical cells).
Finding identical cells in module `\core'.
Computing hashes of 44 cells of `\core'.
Finding duplicate cells in `\core'.
Finding identical cells in module `\decode'.
Computing hashes of 54 cells of `\decode'.
Finding duplicate cells in `\decode'.
Computing hashes of 48 cells of `\decode'.
Finding duplicate cells in `\decode'.
<suppressed ~18 debug messages>
Finding identical cells in module `\regfile'.
Computing hashes of 12 cells of `\regfile'.
Finding duplicate cells in `\regfile'.
Finding identical cells in module `\muldiv'.
Computing hashes of 137 cells of `\muldiv'.
Finding duplicate cells in `\muldiv'.
Finding identical cells in module `\alu'.
Computing hashes of 30 cells of `\alu'.
Finding duplicate cells in `\alu'.
Removed a total of 6 cells.

7.6.6. Executing OPT_DFF pass (perform DFF optimizations).

7.6.7. Executing OPT_CLEAN pass (remove unused cells and wires).
Finding unused cells or wires in module \core..
Finding unused cells or wires in module \decode..
Finding unused cells or wires in module \regfile..
Finding unused cells or wires in module \muldiv..
Finding unused cells or wires in module \alu..
Removed 0 unused cells and 185 unused wires.
<suppressed ~4 debug messages>

7.6.8. Executing OPT_EXPR pass (perform const folding).
Optimizing module core.
Optimizing module decode.
Optimizing module regfile.
Optimizing module muldiv.
Optimizing module alu.

7.6.9. Rerunning OPT passes. (Maybe there is more to do..)

7.6.10. Executing OPT_MUXTREE pass (detect dead branches in mux trees).
Running muxtree optimizer on module \core..
  Creating internal representation of mux trees.
  Evaluating internal representation of mux trees.
  Analyzing evaluation results.
Running muxtree optimizer on module \decode..
  Creating internal representation of mux trees.
  Evaluating internal representation of mux trees.
  Analyzing evaluation results.
Running muxtree optimizer on module \regfile..
  Creating internal representation of mux trees.
  Evaluating internal representation of mux trees.
  Analyzing evaluation results.
Running muxtree optimizer on module \muldiv..
  Creating internal representation of mux trees.
  Evaluating internal representation of mux trees.
  Analyzing evaluation results.
Running muxtree optimizer on module \alu..
  Creating internal representation of mux trees.
  Evaluating internal representation of mux trees.
  Analyzing evaluation results.
Removed 0 multiplexer ports.
<suppressed ~197 debug messages>

7.6.11. Executing OPT_REDUCE pass (consolidate $*mux and $reduce_* inputs).
  Optimizing cells in module \core.
  Optimizing cells in module \decode.
    New ctrl vector for $pmux cell $procmux$350: $auto$opt_reduce.cc:137:opt_pmux$1047
    New ctrl vector for $pmux cell $procmux$354: $auto$opt_reduce.cc:137:opt_pmux$1049
  Optimizing cells in module \decode.
  Optimizing cells in module \regfile.
  Optimizing cells in module \muldiv.
  Optimizing cells in module \alu.
Performed a total of 2 changes.

7.6.12. Executing OPT_MERGE pass (detect identical cells).
Finding identical cells in module `\core'.
Computing hashes of 44 cells of `\core'.
Finding duplicate cells in `\core'.
Finding identical cells in module `\decode'.
Computing hashes of 50 cells of `\decode'.
Finding duplicate cells in `\decode'.
Computing hashes of 49 cells of `\decode'.
Finding duplicate cells in `\decode'.
<suppressed ~3 debug messages>
Finding identical cells in module `\regfile'.
Computing hashes of 12 cells of `\regfile'.
Finding duplicate cells in `\regfile'.
Finding identical cells in module `\muldiv'.
Computing hashes of 137 cells of `\muldiv'.
Finding duplicate cells in `\muldiv'.
Finding identical cells in module `\alu'.
Computing hashes of 30 cells of `\alu'.
Finding duplicate cells in `\alu'.
Removed a total of 1 cells.

7.6.13. Executing OPT_DFF pass (perform DFF optimizations).

7.6.14. Executing OPT_CLEAN pass (remove unused cells and wires).
Finding unused cells or wires in module \core..
Finding unused cells or wires in module \decode..
Finding unused cells or wires in module \regfile..
Finding unused cells or wires in module \muldiv..
Finding unused cells or wires in module \alu..
Removed 0 unused cells and 1 unused wires.
<suppressed ~1 debug messages>

7.6.15. Executing OPT_EXPR pass (perform const folding).
Optimizing module core.
Optimizing module decode.
Optimizing module regfile.
Optimizing module muldiv.
Optimizing module alu.

7.6.16. Rerunning OPT passes. (Maybe there is more to do..)

7.6.17. Executing OPT_MUXTREE pass (detect dead branches in mux trees).
Running muxtree optimizer on module \core..
  Creating internal representation of mux trees.
  Evaluating internal representation of mux trees.
  Analyzing evaluation results.
Running muxtree optimizer on module \decode..
  Creating internal representation of mux trees.
  Evaluating internal representation of mux trees.
  Analyzing evaluation results.
Running muxtree optimizer on module \regfile..
  Creating internal representation of mux trees.
  Evaluating internal representation of mux trees.
  Analyzing evaluation results.
Running muxtree optimizer on module \muldiv..
  Creating internal representation of mux trees.
  Evaluating internal representation of mux trees.
  Analyzing evaluation results.
Running muxtree optimizer on module \alu..
  Creating internal representation of mux trees.
  Evaluating internal representation of mux trees.
  Analyzing evaluation results.
Removed 0 multiplexer ports.
<suppressed ~191 debug messages>

7.6.18. Executing OPT_REDUCE pass (consolidate $*mux and $reduce_* inputs).
  Optimizing cells in module \core.
  Optimizing cells in module \decode.
  Optimizing cells in module \regfile.
  Optimizing cells in module \muldiv.
  Optimizing cells in module \alu.
Performed a total of 0 changes.

7.6.19. Executing OPT_MERGE pass (detect identical cells).
Finding identical cells in module `\core'.
Computing hashes of 44 cells of `\core'.
Finding duplicate cells in `\core'.
Finding identical cells in module `\decode'.
Computing hashes of 49 cells of `\decode'.
Finding duplicate cells in `\decode'.
Finding identical cells in module `\regfile'.
Computing hashes of 12 cells of `\regfile'.
Finding duplicate cells in `\regfile'.
Finding identical cells in module `\muldiv'.
Computing hashes of 137 cells of `\muldiv'.
Finding duplicate cells in `\muldiv'.
Finding identical cells in module `\alu'.
Computing hashes of 30 cells of `\alu'.
Finding duplicate cells in `\alu'.
Removed a total of 0 cells.

7.6.20. Executing OPT_DFF pass (perform DFF optimizations).

7.6.21. Executing OPT_CLEAN pass (remove unused cells and wires).
Finding unused cells or wires in module \core..
Finding unused cells or wires in module \decode..
Finding unused cells or wires in module \regfile..
Finding unused cells or wires in module \muldiv..
Finding unused cells or wires in module \alu..

7.6.22. Executing OPT_EXPR pass (perform const folding).
Optimizing module core.
Optimizing module decode.
Optimizing module regfile.
Optimizing module muldiv.
Optimizing module alu.

7.6.23. Finished fast OPT passes. (There is nothing left to do.)

7.7. Executing FSM pass (extract and optimize FSM).

7.7.1. Executing FSM_DETECT pass (finding FSMs in design).
Not marking muldiv.state as FSM state register:
    Users of register don't seem to benefit from recoding.

7.7.2. Executing FSM_EXTRACT pass (extracting FSM from design).

7.7.3. Executing FSM_OPT pass (simple optimizations of FSMs).

7.7.4. Executing OPT_CLEAN pass (remove unused cells and wires).
Finding unused cells or wires in module \core..
Finding unused cells or wires in module \decode..
Finding unused cells or wires in module \regfile..
Finding unused cells or wires in module \muldiv..
Finding unused cells or wires in module \alu..

7.7.5. Executing FSM_OPT pass (simple optimizations of FSMs).

7.7.6. Executing FSM_RECODE pass (re-assigning FSM state encoding).

7.7.7. Executing FSM_INFO pass (dumping all available information on FSM cells).

7.7.8. Executing FSM_MAP pass (mapping FSMs to basic logic).

7.8. Executing OPT pass (performing simple optimizations).

7.8.1. Executing OPT_EXPR pass (perform const folding).
Optimizing module core.
Optimizing module decode.
Optimizing module regfile.
Optimizing module muldiv.
Optimizing module alu.

7.8.2. Executing OPT_MERGE pass (detect identical cells).
Finding identical cells in module `\core'.
Computing hashes of 44 cells of `\core'.
Finding duplicate cells in `\core'.
Finding identical cells in module `\decode'.
Computing hashes of 49 cells of `\decode'.
Finding duplicate cells in `\decode'.
Finding identical cells in module `\regfile'.
Computing hashes of 12 cells of `\regfile'.
Finding duplicate cells in `\regfile'.
Finding identical cells in module `\muldiv'.
Computing hashes of 137 cells of `\muldiv'.
Finding duplicate cells in `\muldiv'.
Finding identical cells in module `\alu'.
Computing hashes of 30 cells of `\alu'.
Finding duplicate cells in `\alu'.
Removed a total of 0 cells.

7.8.3. Executing OPT_MUXTREE pass (detect dead branches in mux trees).
Running muxtree optimizer on module \core..
  Creating internal representation of mux trees.
  Evaluating internal representation of mux trees.
  Analyzing evaluation results.
Running muxtree optimizer on module \decode..
  Creating internal representation of mux trees.
  Evaluating internal representation of mux trees.
  Analyzing evaluation results.
Running muxtree optimizer on module \regfile..
  Creating internal representation of mux trees.
  Evaluating internal representation of mux trees.
  Analyzing evaluation results.
Running muxtree optimizer on module \muldiv..
  Creating internal representation of mux trees.
  Evaluating internal representation of mux trees.
  Analyzing evaluation results.
Running muxtree optimizer on module \alu..
  Creating internal representation of mux trees.
  Evaluating internal representation of mux trees.
  Analyzing evaluation results.
Removed 0 multiplexer ports.
<suppressed ~191 debug messages>

7.8.4. Executing OPT_REDUCE pass (consolidate $*mux and $reduce_* inputs).
  Optimizing cells in module \core.
  Optimizing cells in module \decode.
  Optimizing cells in module \regfile.
  Optimizing cells in module \muldiv.
  Optimizing cells in module \alu.
Performed a total of 0 changes.

7.8.5. Executing OPT_MERGE pass (detect identical cells).
Finding identical cells in module `\core'.
Computing hashes of 44 cells of `\core'.
Finding duplicate cells in `\core'.
Finding identical cells in module `\decode'.
Computing hashes of 49 cells of `\decode'.
Finding duplicate cells in `\decode'.
Finding identical cells in module `\regfile'.
Computing hashes of 12 cells of `\regfile'.
Finding duplicate cells in `\regfile'.
Finding identical cells in module `\muldiv'.
Computing hashes of 137 cells of `\muldiv'.
Finding duplicate cells in `\muldiv'.
Finding identical cells in module `\alu'.
Computing hashes of 30 cells of `\alu'.
Finding duplicate cells in `\alu'.
Removed a total of 0 cells.

7.8.6. Executing OPT_DFF pass (perform DFF optimizations).
Adding SRST signal on $procdff$1011 ($dff) from module core (D = \pc_next, Q = \pc, rval = 64'0000000000000000000000000000000000000000000000000000000000000000).
Adding EN signal on $auto$ff.cc:337:slice$1050 ($sdff) from module core (D = $2\pc_next[63:0], Q = \pc).
Adding SRST signal on $procdff$1015 ($dff) from module muldiv (D = $procmux$950_Y, Q = \y, rval = 64'0000000000000000000000000000000000000000000000000000000000000000).
Adding EN signal on $auto$ff.cc:337:slice$1052 ($sdff) from module muldiv (D = $procmux$950_Y, Q = \y).
Adding SRST signal on $procdff$1028 ($dff) from module muldiv (D = $procmux$848_Y, Q = \state, rval = 2'00).
Adding EN signal on $auto$ff.cc:337:slice$1062 ($sdff) from module muldiv (D = $procmux$848_Y, Q = \state).
Adding EN signal on $procdff$1027 ($dff) from module muldiv (D = \a, Q = \a_lat).
Adding EN signal on $procdff$1026 ($dff) from module muldiv (D = $logic_and$../rtl/muldiv.sv:105$66_Y, Q = \sign_ovf).
Adding EN signal on $procdff$1025 ($dff) from module muldiv (D = $ternary$../rtl/muldiv.sv:104$58_Y, Q = \div_by_zero).
Adding EN signal on $procdff$1024 ($dff) from module muldiv (D = \is_word, Q = \op_is_word_r).
Adding EN signal on $procdff$1023 ($dff) from module muldiv (D = \op [1], Q = \op_is_rem).
Adding EN signal on $procdff$1022 ($dff) from module muldiv (D = $5\neg_rem[0:0], Q = \neg_rem).
Adding EN signal on $procdff$1021 ($dff) from module muldiv (D = $5\neg_quo[0:0], Q = \neg_quo).
Adding EN signal on $procdff$1020 ($dff) from module muldiv (D = $5$unnamed_block$19.bmag[63:0]$68, Q = \divisor_r).
Adding EN signal on $procdff$1019 ($dff) from module muldiv (D = $procmux$912_Y, Q = \quo_r).
Adding EN signal on $procdff$1018 ($dff) from module muldiv (D = $procmux$926_Y, Q = \rem_r).
Adding EN signal on $procdff$1017 ($dff) from module muldiv (D = $procmux$940_Y, Q = \iter).
Adding SRST signal on $procdff$1016 ($dff) from module muldiv (D = $procmux$802_Y, Q = \done, rval = 1'0).

7.8.7. Executing OPT_CLEAN pass (remove unused cells and wires).
Finding unused cells or wires in module \core..
Finding unused cells or wires in module \decode..
Finding unused cells or wires in module \regfile..
Finding unused cells or wires in module \muldiv..
Finding unused cells or wires in module \alu..
Removed 37 unused cells and 37 unused wires.
<suppressed ~40 debug messages>

7.8.8. Executing OPT_EXPR pass (perform const folding).
Optimizing module core.
Optimizing module decode.
Optimizing module regfile.
Optimizing module muldiv.
<suppressed ~4 debug messages>
Optimizing module alu.

7.8.9. Rerunning OPT passes. (Maybe there is more to do..)

7.8.10. Executing OPT_MUXTREE pass (detect dead branches in mux trees).
Running muxtree optimizer on module \core..
  Creating internal representation of mux trees.
  Evaluating internal representation of mux trees.
  Analyzing evaluation results.
Running muxtree optimizer on module \decode..
  Creating internal representation of mux trees.
  Evaluating internal representation of mux trees.
  Analyzing evaluation results.
Running muxtree optimizer on module \regfile..
  Creating internal representation of mux trees.
  Evaluating internal representation of mux trees.
  Analyzing evaluation results.
Running muxtree optimizer on module \muldiv..
  Creating internal representation of mux trees.
  Evaluating internal representation of mux trees.
  Analyzing evaluation results.
Running muxtree optimizer on module \alu..
  Creating internal representation of mux trees.
  Evaluating internal representation of mux trees.
  Analyzing evaluation results.
Removed 0 multiplexer ports.
<suppressed ~149 debug messages>

7.8.11. Executing OPT_REDUCE pass (consolidate $*mux and $reduce_* inputs).
  Optimizing cells in module \core.
  Optimizing cells in module \decode.
  Optimizing cells in module \regfile.
  Optimizing cells in module \muldiv.
  Optimizing cells in module \alu.
Performed a total of 0 changes.

7.8.12. Executing OPT_MERGE pass (detect identical cells).
Finding identical cells in module `\core'.
Computing hashes of 42 cells of `\core'.
Finding duplicate cells in `\core'.
Finding identical cells in module `\decode'.
Computing hashes of 49 cells of `\decode'.
Finding duplicate cells in `\decode'.
Finding identical cells in module `\regfile'.
Computing hashes of 12 cells of `\regfile'.
Finding duplicate cells in `\regfile'.
Finding identical cells in module `\muldiv'.
Computing hashes of 140 cells of `\muldiv'.
Finding duplicate cells in `\muldiv'.
Computing hashes of 122 cells of `\muldiv'.
Finding duplicate cells in `\muldiv'.
Computing hashes of 115 cells of `\muldiv'.
Finding duplicate cells in `\muldiv'.
<suppressed ~75 debug messages>
Finding identical cells in module `\alu'.
Computing hashes of 30 cells of `\alu'.
Finding duplicate cells in `\alu'.
Removed a total of 25 cells.

7.8.13. Executing OPT_DFF pass (perform DFF optimizations).

7.8.14. Executing OPT_CLEAN pass (remove unused cells and wires).
Finding unused cells or wires in module \core..
Finding unused cells or wires in module \decode..
Finding unused cells or wires in module \regfile..
Finding unused cells or wires in module \muldiv..
Finding unused cells or wires in module \alu..
Removed 0 unused cells and 25 unused wires.
<suppressed ~1 debug messages>

7.8.15. Executing OPT_EXPR pass (perform const folding).
Optimizing module core.
Optimizing module decode.
Optimizing module regfile.
Optimizing module muldiv.
Optimizing module alu.

7.8.16. Rerunning OPT passes. (Maybe there is more to do..)

7.8.17. Executing OPT_MUXTREE pass (detect dead branches in mux trees).
Running muxtree optimizer on module \core..
  Creating internal representation of mux trees.
  Evaluating internal representation of mux trees.
  Analyzing evaluation results.
Running muxtree optimizer on module \decode..
  Creating internal representation of mux trees.
  Evaluating internal representation of mux trees.
  Analyzing evaluation results.
Running muxtree optimizer on module \regfile..
  Creating internal representation of mux trees.
  Evaluating internal representation of mux trees.
  Analyzing evaluation results.
Running muxtree optimizer on module \muldiv..
  Creating internal representation of mux trees.
  Evaluating internal representation of mux trees.
  Analyzing evaluation results.
Running muxtree optimizer on module \alu..
  Creating internal representation of mux trees.
  Evaluating internal representation of mux trees.
  Analyzing evaluation results.
Removed 0 multiplexer ports.
<suppressed ~149 debug messages>

7.8.18. Executing OPT_REDUCE pass (consolidate $*mux and $reduce_* inputs).
  Optimizing cells in module \core.
  Optimizing cells in module \decode.
  Optimizing cells in module \regfile.
  Optimizing cells in module \muldiv.
  Optimizing cells in module \alu.
Performed a total of 0 changes.

7.8.19. Executing OPT_MERGE pass (detect identical cells).
Finding identical cells in module `\core'.
Computing hashes of 42 cells of `\core'.
Finding duplicate cells in `\core'.
Finding identical cells in module `\decode'.
Computing hashes of 49 cells of `\decode'.
Finding duplicate cells in `\decode'.
Finding identical cells in module `\regfile'.
Computing hashes of 12 cells of `\regfile'.
Finding duplicate cells in `\regfile'.
Finding identical cells in module `\muldiv'.
Computing hashes of 115 cells of `\muldiv'.
Finding duplicate cells in `\muldiv'.
Finding identical cells in module `\alu'.
Computing hashes of 30 cells of `\alu'.
Finding duplicate cells in `\alu'.
Removed a total of 0 cells.

7.8.20. Executing OPT_DFF pass (perform DFF optimizations).

7.8.21. Executing OPT_CLEAN pass (remove unused cells and wires).
Finding unused cells or wires in module \core..
Finding unused cells or wires in module \decode..
Finding unused cells or wires in module \regfile..
Finding unused cells or wires in module \muldiv..
Finding unused cells or wires in module \alu..

7.8.22. Executing OPT_EXPR pass (perform const folding).
Optimizing module core.
Optimizing module decode.
Optimizing module regfile.
Optimizing module muldiv.
Optimizing module alu.

7.8.23. Finished fast OPT passes. (There is nothing left to do.)

7.9. Executing WREDUCE pass (reducing word size of cells).
Removed top 61 bits (of 64) from port B of cell core.$add$../rtl/core.sv:105$169 ($add).
Removed top 1 bits (of 3) from port B of cell core.$procmux$209_CMP0 ($eq).
Removed top 2 bits (of 3) from port B of cell core.$procmux$218_CMP0 ($eq).
Removed top 3 bits (of 4) from mux cell decode.$ternary$../rtl/decode.sv:93$131 ($mux).
Removed top 3 bits (of 4) from mux cell decode.$ternary$../rtl/decode.sv:95$132 ($mux).
Removed top 1 bits (of 4) from mux cell decode.$procmux$222 ($pmux).
Removed top 1 bits (of 4) from mux cell decode.$procmux$245 ($mux).
Removed top 1 bits (of 4) from mux cell decode.$procmux$252 ($pmux).
Removed top 2 bits (of 3) from port B of cell decode.$procmux$304_CMP0 ($eq).
Removed top 1 bits (of 3) from port B of cell decode.$procmux$308_CMP0 ($eq).
Removed top 1 bits (of 3) from port B of cell decode.$procmux$309_CMP0 ($eq).
Removed top 1 bits (of 7) from port B of cell decode.$procmux$348_CMP0 ($eq).
Removed top 1 bits (of 7) from port B of cell decode.$procmux$419_CMP0 ($eq).
Removed top 5 bits (of 7) from port B of cell decode.$procmux$420_CMP0 ($eq).
Removed top 2 bits (of 7) from port B of cell decode.$procmux$422_CMP0 ($eq).
Removed top 1 bits (of 7) from port B of cell decode.$procmux$427_CMP0 ($eq).
Removed top 2 bits (of 7) from port B of cell decode.$procmux$428_CMP0 ($eq).
Removed top 1 bits (of 7) from port B of cell decode.$procmux$431_CMP0 ($eq).
Removed top 2 bits (of 7) from port B of cell decode.$procmux$432_CMP0 ($eq).
Removed top 3 bits (of 4) from wire decode.$ternary$../rtl/decode.sv:56$127_Y.
Removed top 1 bits (of 4) from wire decode.$7\alu_op[3:0].
Removed top 1 bits (of 4) from wire decode.$6\alu_op[3:0].
Removed top 1 bits (of 4) from wire decode.$5\alu_op[3:0].
Removed top 3 bits (of 4) from wire decode.$ternary$../rtl/decode.sv:66$128_Y.
Converting cell muldiv.$mul$../rtl/muldiv.sv:30$21 ($mul) from unsigned to signed.
Removed top 64 bits (of 128) from port A of cell muldiv.$mul$../rtl/muldiv.sv:30$21 ($mul).
Removed top 64 bits (of 128) from port B of cell muldiv.$mul$../rtl/muldiv.sv:30$21 ($mul).
Converting cell muldiv.$mul$../rtl/muldiv.sv:31$22 ($mul) from unsigned to signed.
Removed top 64 bits (of 128) from port A of cell muldiv.$mul$../rtl/muldiv.sv:31$22 ($mul).
Removed top 63 bits (of 128) from port B of cell muldiv.$mul$../rtl/muldiv.sv:31$22 ($mul).
Removed top 64 bits (of 128) from port A of cell muldiv.$mul$../rtl/muldiv.sv:32$23 ($mul).
Removed top 64 bits (of 128) from port B of cell muldiv.$mul$../rtl/muldiv.sv:32$23 ($mul).
Removed top 31 bits (of 32) from port A of cell muldiv.$sub$../rtl/muldiv.sv:109$70 ($sub).
Removed top 32 bits (of 64) from mux cell muldiv.$ternary$../rtl/muldiv.sv:109$71 ($mux).
Removed top 31 bits (of 32) from port A of cell muldiv.$sub$../rtl/muldiv.sv:110$73 ($sub).
Removed top 32 bits (of 64) from mux cell muldiv.$ternary$../rtl/muldiv.sv:110$74 ($mux).
Removed top 6 bits (of 7) from port B of cell muldiv.$sub$../rtl/muldiv.sv:132$97 ($sub).
Removed top 6 bits (of 7) from port B of cell muldiv.$eq$../rtl/muldiv.sv:133$98 ($eq).
Removed top 1 bits (of 2) from port B of cell muldiv.$procmux$849_CMP0 ($eq).
Removed top 1 bits (of 3) from port B of cell muldiv.$procmux$964_CMP0 ($eq).
Removed top 1 bits (of 3) from port B of cell muldiv.$procmux$965_CMP0 ($eq).
Removed top 2 bits (of 3) from port B of cell muldiv.$procmux$966_CMP0 ($eq).
Removed top 32 bits (of 64) from wire muldiv.$ternary$../rtl/muldiv.sv:109$71_Y.
Removed top 32 bits (of 64) from wire muldiv.$ternary$../rtl/muldiv.sv:110$74_Y.
Removed top 63 bits (of 64) from mux cell alu.$ternary$../rtl/alu.sv:26$11 ($mux).
Removed top 63 bits (of 64) from mux cell alu.$ternary$../rtl/alu.sv:27$13 ($mux).
Removed top 1 bits (of 4) from port B of cell alu.$procmux$986_CMP0 ($eq).
Removed top 1 bits (of 4) from port B of cell alu.$procmux$987_CMP0 ($eq).
Removed top 2 bits (of 4) from port B of cell alu.$procmux$988_CMP0 ($eq).
Removed top 1 bits (of 4) from port B of cell alu.$procmux$998_CMP0 ($eq).
Removed top 1 bits (of 4) from port B of cell alu.$procmux$999_CMP0 ($eq).
Removed top 2 bits (of 4) from port B of cell alu.$procmux$1000_CMP0 ($eq).
Removed top 3 bits (of 4) from port B of cell alu.$procmux$1001_CMP0 ($eq).
Removed top 63 bits (of 64) from wire alu.$ternary$../rtl/alu.sv:27$13_Y.
Removed top 63 bits (of 64) from wire alu.$ternary$../rtl/alu.sv:26$11_Y.

7.10. Executing PEEPOPT pass (run peephole optimizers).

7.11. Executing OPT_CLEAN pass (remove unused cells and wires).
Finding unused cells or wires in module \core..
Finding unused cells or wires in module \decode..
Finding unused cells or wires in module \regfile..
Finding unused cells or wires in module \muldiv..
Finding unused cells or wires in module \alu..
Removed 0 unused cells and 9 unused wires.
<suppressed ~3 debug messages>

7.12. Executing ALUMACC pass (create $alu and $macc cells).
Extracting $alu and $macc cells in module core:
  creating $macc model for $add$../rtl/core.sv:105$169 ($add).
  creating $macc model for $add$../rtl/core.sv:104$168 ($add).
  creating $macc model for $add$../rtl/core.sv:103$165 ($add).
  creating $alu model for $macc $add$../rtl/core.sv:103$165.
  creating $alu model for $macc $add$../rtl/core.sv:104$168.
  creating $alu model for $macc $add$../rtl/core.sv:105$169.
  creating $alu model for $ge$../rtl/core.sv:60$148 ($ge): new $alu
  creating $alu model for $lt$../rtl/core.sv:59$147 ($lt): merged with $ge$../rtl/core.sv:60$148.
  creating $alu model for $ge$../rtl/core.sv:58$146 ($ge): merged with $ge$../rtl/core.sv:60$148.
  creating $alu model for $lt$../rtl/core.sv:57$145 ($lt): merged with $ge$../rtl/core.sv:60$148.
  creating $alu model for $ne$../rtl/core.sv:56$144 ($ne): merged with $ge$../rtl/core.sv:60$148.
  creating $alu model for $eq$../rtl/core.sv:55$143 ($eq): merged with $ge$../rtl/core.sv:60$148.
  creating $alu cell for $ge$../rtl/core.sv:60$148, $lt$../rtl/core.sv:59$147, $ge$../rtl/core.sv:58$146, $lt$../rtl/core.sv:57$145, $ne$../rtl/core.sv:56$144, $eq$../rtl/core.sv:55$143: $auto$alumacc.cc:548:replace_alu$1154
  creating $alu cell for $add$../rtl/core.sv:105$169: $auto$alumacc.cc:548:replace_alu$1179
  creating $alu cell for $add$../rtl/core.sv:104$168: $auto$alumacc.cc:548:replace_alu$1182
  creating $alu cell for $add$../rtl/core.sv:103$165: $auto$alumacc.cc:548:replace_alu$1185
  created 4 $alu and 0 $macc cells.
Extracting $alu and $macc cells in module decode:
  created 0 $alu and 0 $macc cells.
Extracting $alu and $macc cells in module regfile:
  created 0 $alu and 0 $macc cells.
Extracting $alu and $macc cells in module muldiv:
  creating $macc model for $neg$../rtl/muldiv.sv:145$106 ($neg).
  creating $macc model for $neg$../rtl/muldiv.sv:144$104 ($neg).
  creating $macc model for $sub$../rtl/muldiv.sv:132$97 ($sub).
  creating $macc model for $neg$../rtl/muldiv.sv:115$86 ($neg).
  creating $macc model for $neg$../rtl/muldiv.sv:114$83 ($neg).
  creating $macc model for $sub$../rtl/muldiv.sv:110$73 ($sub).
  creating $macc model for $sub$../rtl/muldiv.sv:109$70 ($sub).
  creating $macc model for $sub$../rtl/muldiv.sv:80$27 ($sub).
  creating $macc model for $mul$../rtl/muldiv.sv:35$24 ($mul).
  creating $macc model for $mul$../rtl/muldiv.sv:32$23 ($mul).
  creating $macc model for $mul$../rtl/muldiv.sv:31$22 ($mul).
  creating $macc model for $mul$../rtl/muldiv.sv:30$21 ($mul).
  creating $alu model for $macc $sub$../rtl/muldiv.sv:80$27.
  creating $alu model for $macc $sub$../rtl/muldiv.sv:109$70.
  creating $alu model for $macc $sub$../rtl/muldiv.sv:110$73.
  creating $alu model for $macc $neg$../rtl/muldiv.sv:114$83.
  creating $alu model for $macc $neg$../rtl/muldiv.sv:115$86.
  creating $alu model for $macc $sub$../rtl/muldiv.sv:132$97.
  creating $alu model for $macc $neg$../rtl/muldiv.sv:144$104.
  creating $alu model for $macc $neg$../rtl/muldiv.sv:145$106.
  creating $macc cell for $mul$../rtl/muldiv.sv:35$24: $auto$alumacc.cc:399:replace_macc$1188
  creating $macc cell for $mul$../rtl/muldiv.sv:32$23: $auto$alumacc.cc:399:replace_macc$1189
  creating $macc cell for $mul$../rtl/muldiv.sv:31$22: $auto$alumacc.cc:399:replace_macc$1190
  creating $macc cell for $mul$../rtl/muldiv.sv:30$21: $auto$alumacc.cc:399:replace_macc$1191
  creating $alu model for $ge$../rtl/muldiv.sv:81$28 ($ge): merged with $sub$../rtl/muldiv.sv:80$27.
  creating $alu model for $eq$../rtl/muldiv.sv:133$98 ($eq): merged with $sub$../rtl/muldiv.sv:132$97.
  creating $alu cell for $neg$../rtl/muldiv.sv:145$106: $auto$alumacc.cc:548:replace_alu$1192
  creating $alu cell for $neg$../rtl/muldiv.sv:144$104: $auto$alumacc.cc:548:replace_alu$1195
  creating $alu cell for $sub$../rtl/muldiv.sv:132$97, $eq$../rtl/muldiv.sv:133$98: $auto$alumacc.cc:548:replace_alu$1198
  creating $alu cell for $neg$../rtl/muldiv.sv:115$86: $auto$alumacc.cc:548:replace_alu$1203
  creating $alu cell for $neg$../rtl/muldiv.sv:114$83: $auto$alumacc.cc:548:replace_alu$1206
  creating $alu cell for $sub$../rtl/muldiv.sv:110$73: $auto$alumacc.cc:548:replace_alu$1209
  creating $alu cell for $sub$../rtl/muldiv.sv:109$70: $auto$alumacc.cc:548:replace_alu$1212
  creating $alu cell for $sub$../rtl/muldiv.sv:80$27, $ge$../rtl/muldiv.sv:81$28: $auto$alumacc.cc:548:replace_alu$1215
  created 8 $alu and 4 $macc cells.
Extracting $alu and $macc cells in module alu:
  creating $macc model for $sub$../rtl/alu.sv:24$8 ($sub).
  creating $macc model for $add$../rtl/alu.sv:23$7 ($add).
  creating $macc model for $sub$../rtl/alu.sv:14$3 ($sub).
  creating $macc model for $add$../rtl/alu.sv:13$2 ($add).
  creating $alu model for $macc $add$../rtl/alu.sv:13$2.
  creating $alu model for $macc $sub$../rtl/alu.sv:14$3.
  creating $alu model for $macc $add$../rtl/alu.sv:23$7.
  creating $alu model for $macc $sub$../rtl/alu.sv:24$8.
  creating $alu model for $lt$../rtl/alu.sv:27$12 ($lt): merged with $sub$../rtl/alu.sv:24$8.
  creating $alu model for $lt$../rtl/alu.sv:26$10 ($lt): merged with $sub$../rtl/alu.sv:24$8.
  creating $alu cell for $sub$../rtl/alu.sv:24$8, $lt$../rtl/alu.sv:27$12, $lt$../rtl/alu.sv:26$10: $auto$alumacc.cc:548:replace_alu$1228
  creating $alu cell for $add$../rtl/alu.sv:23$7: $auto$alumacc.cc:548:replace_alu$1237
  creating $alu cell for $sub$../rtl/alu.sv:14$3: $auto$alumacc.cc:548:replace_alu$1240
  creating $alu cell for $add$../rtl/alu.sv:13$2: $auto$alumacc.cc:548:replace_alu$1243
  created 4 $alu and 0 $macc cells.

7.13. Executing SHARE pass (SAT-based resource sharing).
Found 2 cells in module regfile that may be considered for resource sharing.
  Analyzing resource sharing options for $memrd$\regs$../rtl/regfile.sv:10$112 ($memrd):
    Found 1 activation_patterns using ctrl signal $eq$../rtl/regfile.sv:10$111_Y.
    Found 1 candidates: $memrd$\regs$../rtl/regfile.sv:11$115
    Analyzing resource sharing with $memrd$\regs$../rtl/regfile.sv:11$115 ($memrd):
      Found 1 activation_patterns using ctrl signal $eq$../rtl/regfile.sv:11$114_Y.
      Activation pattern for cell $memrd$\regs$../rtl/regfile.sv:10$112: $eq$../rtl/regfile.sv:10$111_Y = 1'0
      Activation pattern for cell $memrd$\regs$../rtl/regfile.sv:11$115: $eq$../rtl/regfile.sv:11$114_Y = 1'0
      Size of SAT problem: 2 cells, 30 variables, 59 clauses
      According to the SAT solver this pair of cells can not be shared.
      Model from SAT solver: { $eq$../rtl/regfile.sv:11$114_Y $eq$../rtl/regfile.sv:10$111_Y } = 2'00
  Analyzing resource sharing options for $memrd$\regs$../rtl/regfile.sv:11$115 ($memrd):
    Found 1 activation_patterns using ctrl signal $eq$../rtl/regfile.sv:11$114_Y.
    No candidates found.
Found 6 cells in module alu that may be considered for resource sharing.
  Analyzing resource sharing options for $shl$../rtl/alu.sv:15$4 ($shl):
    Found 1 activation_patterns using ctrl signal { $procmux$1000_CMP \is_word }.
    Found 1 candidates: $shl$../rtl/alu.sv:25$9
    Analyzing resource sharing with $shl$../rtl/alu.sv:25$9 ($shl):
      Found 1 activation_patterns using ctrl signal { $procmux$1000_CMP \is_word }.
      Activation pattern for cell $shl$../rtl/alu.sv:15$4: { $procmux$1000_CMP \is_word } = 2'11
      Activation pattern for cell $shl$../rtl/alu.sv:25$9: { $procmux$1000_CMP \is_word } = 2'10
      According to the SAT solver this pair of cells can be shared. (Pattern only case)
      Simplified activation pattern for cell $shl$../rtl/alu.sv:15$4: \is_word = 1'1
      Simplified activation pattern for cell $shl$../rtl/alu.sv:25$9: \is_word = 1'0
      Activation signal for $shl$../rtl/alu.sv:15$4: $auto$share.cc:1066:make_cell_activation_logic$1246
      New cell: $auto$share.cc:667:make_supercell$1253 ($shl)
  Analyzing resource sharing options for $auto$share.cc:667:make_supercell$1253 ($shl):
    Found 1 activation_patterns using ctrl signal $procmux$1000_CMP.
    No candidates found.
  Analyzing resource sharing options for $sshr$../rtl/alu.sv:17$6 ($sshr):
    Found 1 activation_patterns using ctrl signal { $procmux$984_CMP \is_word }.
    Found 1 candidates: $sshr$../rtl/alu.sv:30$16
    Analyzing resource sharing with $sshr$../rtl/alu.sv:30$16 ($sshr):
      Found 1 activation_patterns using ctrl signal { $procmux$984_CMP \is_word }.
      Activation pattern for cell $sshr$../rtl/alu.sv:17$6: { $procmux$984_CMP \is_word } = 2'11
      Activation pattern for cell $sshr$../rtl/alu.sv:30$16: { $procmux$984_CMP \is_word } = 2'10
      According to the SAT solver this pair of cells can be shared. (Pattern only case)
      Simplified activation pattern for cell $sshr$../rtl/alu.sv:17$6: \is_word = 1'1
      Simplified activation pattern for cell $sshr$../rtl/alu.sv:30$16: \is_word = 1'0
      Activation signal for $sshr$../rtl/alu.sv:17$6: $auto$share.cc:1066:make_cell_activation_logic$1256
      New cell: $auto$share.cc:667:make_supercell$1263 ($sshr)
  Analyzing resource sharing options for $auto$share.cc:667:make_supercell$1263 ($sshr):
    Found 1 activation_patterns using ctrl signal $procmux$984_CMP.
    No candidates found.
  Analyzing resource sharing options for $shr$../rtl/alu.sv:29$15 ($shr):
    Found 1 activation_patterns using ctrl signal { $procmux$985_CMP \is_word }.
    Found 1 candidates: $shr$../rtl/alu.sv:16$5
    Analyzing resource sharing with $shr$../rtl/alu.sv:16$5 ($shr):
      Found 1 activation_patterns using ctrl signal { $procmux$985_CMP \is_word }.
      Activation pattern for cell $shr$../rtl/alu.sv:29$15: { $procmux$985_CMP \is_word } = 2'10
      Activation pattern for cell $shr$../rtl/alu.sv:16$5: { $procmux$985_CMP \is_word } = 2'11
      According to the SAT solver this pair of cells can be shared. (Pattern only case)
      Simplified activation pattern for cell $shr$../rtl/alu.sv:29$15: \is_word = 1'0
      Simplified activation pattern for cell $shr$../rtl/alu.sv:16$5: \is_word = 1'1
      Activation signal for $shr$../rtl/alu.sv:29$15: $auto$share.cc:1066:make_cell_activation_logic$1266
      New cell: $auto$share.cc:667:make_supercell$1273 ($shr)
  Analyzing resource sharing options for $auto$share.cc:667:make_supercell$1273 ($shr):
    Found 1 activation_patterns using ctrl signal $procmux$985_CMP.
    No candidates found.
Removing 6 cells in module alu:
  Removing cell $shr$../rtl/alu.sv:16$5 ($shr).
  Removing cell $shr$../rtl/alu.sv:29$15 ($shr).
  Removing cell $sshr$../rtl/alu.sv:30$16 ($sshr).
  Removing cell $sshr$../rtl/alu.sv:17$6 ($sshr).
  Removing cell $shl$../rtl/alu.sv:25$9 ($shl).
  Removing cell $shl$../rtl/alu.sv:15$4 ($shl).

7.14. Executing OPT pass (performing simple optimizations).

7.14.1. Executing OPT_EXPR pass (perform const folding).
Optimizing module core.
Optimizing module decode.
Optimizing module regfile.
Optimizing module muldiv.
Optimizing module alu.
<suppressed ~6 debug messages>

7.14.2. Executing OPT_MERGE pass (detect identical cells).
Finding identical cells in module `\core'.
Computing hashes of 48 cells of `\core'.
Finding duplicate cells in `\core'.
Finding identical cells in module `\decode'.
Computing hashes of 49 cells of `\decode'.
Finding duplicate cells in `\decode'.
Finding identical cells in module `\regfile'.
Computing hashes of 12 cells of `\regfile'.
Finding duplicate cells in `\regfile'.
Finding identical cells in module `\muldiv'.
Computing hashes of 119 cells of `\muldiv'.
Finding duplicate cells in `\muldiv'.
Finding identical cells in module `\alu'.
Computing hashes of 41 cells of `\alu'.
Finding duplicate cells in `\alu'.
Removed a total of 0 cells.

7.14.3. Executing OPT_MUXTREE pass (detect dead branches in mux trees).
Running muxtree optimizer on module \core..
  Creating internal representation of mux trees.
  Evaluating internal representation of mux trees.
  Analyzing evaluation results.
Running muxtree optimizer on module \decode..
  Creating internal representation of mux trees.
  Evaluating internal representation of mux trees.
  Analyzing evaluation results.
Running muxtree optimizer on module \regfile..
  Creating internal representation of mux trees.
  Evaluating internal representation of mux trees.
  Analyzing evaluation results.
Running muxtree optimizer on module \muldiv..
  Creating internal representation of mux trees.
  Evaluating internal representation of mux trees.
  Analyzing evaluation results.
Running muxtree optimizer on module \alu..
  Creating internal representation of mux trees.
  Evaluating internal representation of mux trees.
  Analyzing evaluation results.
Removed 0 multiplexer ports.
<suppressed ~161 debug messages>

7.14.4. Executing OPT_REDUCE pass (consolidate $*mux and $reduce_* inputs).
  Optimizing cells in module \core.
  Optimizing cells in module \decode.
  Optimizing cells in module \regfile.
  Optimizing cells in module \muldiv.
  Optimizing cells in module \alu.
Performed a total of 0 changes.

7.14.5. Executing OPT_MERGE pass (detect identical cells).
Finding identical cells in module `\core'.
Computing hashes of 48 cells of `\core'.
Finding duplicate cells in `\core'.
Finding identical cells in module `\decode'.
Computing hashes of 49 cells of `\decode'.
Finding duplicate cells in `\decode'.
Computing hashes of 48 cells of `\decode'.
Finding duplicate cells in `\decode'.
<suppressed ~3 debug messages>
Finding identical cells in module `\regfile'.
Computing hashes of 12 cells of `\regfile'.
Finding duplicate cells in `\regfile'.
Finding identical cells in module `\muldiv'.
Computing hashes of 119 cells of `\muldiv'.
Finding duplicate cells in `\muldiv'.
Finding identical cells in module `\alu'.
Computing hashes of 41 cells of `\alu'.
Finding duplicate cells in `\alu'.
Computing hashes of 38 cells of `\alu'.
Finding duplicate cells in `\alu'.
<suppressed ~9 debug messages>
Removed a total of 4 cells.

7.14.6. Executing OPT_DFF pass (perform DFF optimizations).
Adding SRST signal on $auto$ff.cc:337:slice$1107 ($dffe) from module muldiv (D = $ternary$../rtl/muldiv.sv:115$87_Y [63:32], Q = \divisor_r [63:32], rval = 0).

7.14.7. Executing OPT_CLEAN pass (remove unused cells and wires).
Finding unused cells or wires in module \core..
Finding unused cells or wires in module \decode..
Finding unused cells or wires in module \regfile..
Finding unused cells or wires in module \muldiv..
Finding unused cells or wires in module \alu..
Removed 2 unused cells and 24 unused wires.
<suppressed ~12 debug messages>

7.14.8. Executing OPT_EXPR pass (perform const folding).
Optimizing module core.
Optimizing module decode.
Optimizing module regfile.
Optimizing module muldiv.
Optimizing module alu.

7.14.9. Rerunning OPT passes. (Maybe there is more to do..)

7.14.10. Executing OPT_MUXTREE pass (detect dead branches in mux trees).
Running muxtree optimizer on module \core..
  Creating internal representation of mux trees.
  Evaluating internal representation of mux trees.
  Analyzing evaluation results.
Running muxtree optimizer on module \decode..
  Creating internal representation of mux trees.
  Evaluating internal representation of mux trees.
  Analyzing evaluation results.
Running muxtree optimizer on module \regfile..
  Creating internal representation of mux trees.
  Evaluating internal representation of mux trees.
  Analyzing evaluation results.
Running muxtree optimizer on module \muldiv..
  Creating internal representation of mux trees.
  Evaluating internal representation of mux trees.
  Analyzing evaluation results.
Running muxtree optimizer on module \alu..
  Creating internal representation of mux trees.
  Evaluating internal representation of mux trees.
  Analyzing evaluation results.
Removed 0 multiplexer ports.
<suppressed ~154 debug messages>

7.14.11. Executing OPT_REDUCE pass (consolidate $*mux and $reduce_* inputs).
  Optimizing cells in module \core.
  Optimizing cells in module \decode.
  Optimizing cells in module \regfile.
  Optimizing cells in module \muldiv.
  Optimizing cells in module \alu.
Performed a total of 0 changes.

7.14.12. Executing OPT_MERGE pass (detect identical cells).
Finding identical cells in module `\core'.
Computing hashes of 48 cells of `\core'.
Finding duplicate cells in `\core'.
Finding identical cells in module `\decode'.
Computing hashes of 48 cells of `\decode'.
Finding duplicate cells in `\decode'.
Finding identical cells in module `\regfile'.
Computing hashes of 12 cells of `\regfile'.
Finding duplicate cells in `\regfile'.
Finding identical cells in module `\muldiv'.
Computing hashes of 120 cells of `\muldiv'.
Finding duplicate cells in `\muldiv'.
Finding identical cells in module `\alu'.
Computing hashes of 30 cells of `\alu'.
Finding duplicate cells in `\alu'.
Removed a total of 0 cells.

7.14.13. Executing OPT_DFF pass (perform DFF optimizations).

7.14.14. Executing OPT_CLEAN pass (remove unused cells and wires).
Finding unused cells or wires in module \core..
Finding unused cells or wires in module \decode..
Finding unused cells or wires in module \regfile..
Finding unused cells or wires in module \muldiv..
Finding unused cells or wires in module \alu..

7.14.15. Executing OPT_EXPR pass (perform const folding).
Optimizing module core.
Optimizing module decode.
Optimizing module regfile.
Optimizing module muldiv.
Optimizing module alu.

7.14.16. Finished fast OPT passes. (There is nothing left to do.)

7.15. Executing MEMORY pass.

7.15.1. Executing OPT_MEM pass (optimize memories).
Performed a total of 0 transformations.

7.15.2. Executing OPT_MEM_PRIORITY pass (removing unnecessary memory write priority relations).
Performed a total of 0 transformations.

7.15.3. Executing OPT_MEM_FEEDBACK pass (finding memory read-to-write feedback paths).
  Analyzing regfile.regs write port 0.

7.15.4. Executing MEMORY_BMUX2ROM pass (converting muxes to ROMs).

7.15.5. Executing MEMORY_DFF pass (merging $dff cells to $memrd).
Checking read port `\regs'[0] in module `\regfile': no output FF found.
Checking read port `\regs'[1] in module `\regfile': no output FF found.
Checking read port address `\regs'[0] in module `\regfile': no address FF found.
Checking read port address `\regs'[1] in module `\regfile': no address FF found.

7.15.6. Executing OPT_CLEAN pass (remove unused cells and wires).
Finding unused cells or wires in module \core..
Finding unused cells or wires in module \decode..
Finding unused cells or wires in module \regfile..
Finding unused cells or wires in module \muldiv..
Finding unused cells or wires in module \alu..

7.15.7. Executing MEMORY_SHARE pass (consolidating $memrd/$memwr cells).
Consolidating read ports of memory regfile.regs by address:

7.15.8. Executing OPT_MEM_WIDEN pass (optimize memories where all ports are wide).
Performed a total of 0 transformations.

7.15.9. Executing OPT_CLEAN pass (remove unused cells and wires).
Finding unused cells or wires in module \core..
Finding unused cells or wires in module \decode..
Finding unused cells or wires in module \regfile..
Finding unused cells or wires in module \muldiv..
Finding unused cells or wires in module \alu..

7.15.10. Executing MEMORY_COLLECT pass (generating $mem cells).

7.16. Executing OPT_CLEAN pass (remove unused cells and wires).
Finding unused cells or wires in module \core..
Finding unused cells or wires in module \decode..
Finding unused cells or wires in module \regfile..
Finding unused cells or wires in module \muldiv..
Finding unused cells or wires in module \alu..

7.17. Executing OPT pass (performing simple optimizations).

7.17.1. Executing OPT_EXPR pass (perform const folding).
Optimizing module core.
<suppressed ~1 debug messages>
Optimizing module decode.
<suppressed ~15 debug messages>
Optimizing module regfile.
<suppressed ~3 debug messages>
Optimizing module muldiv.
<suppressed ~16 debug messages>
Optimizing module alu.
<suppressed ~2 debug messages>

7.17.2. Executing OPT_MERGE pass (detect identical cells).
Finding identical cells in module `\core'.
Computing hashes of 48 cells of `\core'.
Finding duplicate cells in `\core'.
Finding identical cells in module `\decode'.
Computing hashes of 36 cells of `\decode'.
Finding duplicate cells in `\decode'.
Finding identical cells in module `\regfile'.
Computing hashes of 7 cells of `\regfile'.
Finding duplicate cells in `\regfile'.
Finding identical cells in module `\muldiv'.
Computing hashes of 110 cells of `\muldiv'.
Finding duplicate cells in `\muldiv'.
Finding identical cells in module `\alu'.
Computing hashes of 29 cells of `\alu'.
Finding duplicate cells in `\alu'.
Removed a total of 0 cells.

7.17.3. Executing OPT_DFF pass (perform DFF optimizations).
Adding EN signal on $auto$ff.cc:337:slice$1051 ($sdffe) from module core (D = $2\pc_next[63:0] [1:0], Q = \pc [1:0]).
Adding SRST signal on $auto$ff.cc:337:slice$1134 ($dffe) from module muldiv (D = $sub$../rtl/muldiv.sv:132$97_Y, Q = \iter, rval = 7'1000000).
Adding SRST signal on $auto$ff.cc:337:slice$1123 ($dffe) from module muldiv (D = $ternary$../rtl/muldiv.sv:130$96_Y, Q = \rem_r, rval = 64'0000000000000000000000000000000000000000000000000000000000000000).

7.17.4. Executing OPT_CLEAN pass (remove unused cells and wires).
Finding unused cells or wires in module \core..
Finding unused cells or wires in module \decode..
Finding unused cells or wires in module \regfile..
Finding unused cells or wires in module \muldiv..
Finding unused cells or wires in module \alu..
Removed 2 unused cells and 28 unused wires.
<suppressed ~6 debug messages>

7.17.5. Rerunning OPT passes. (Removed registers in this run.)

7.17.6. Executing OPT_EXPR pass (perform const folding).
Optimizing module core.
<suppressed ~1 debug messages>
Optimizing module decode.
Optimizing module regfile.
Optimizing module muldiv.
Optimizing module alu.

7.17.7. Executing OPT_MERGE pass (detect identical cells).
Finding identical cells in module `\core'.
Computing hashes of 52 cells of `\core'.
Finding duplicate cells in `\core'.
Finding identical cells in module `\decode'.
Computing hashes of 36 cells of `\decode'.
Finding duplicate cells in `\decode'.
Finding identical cells in module `\regfile'.
Computing hashes of 7 cells of `\regfile'.
Finding duplicate cells in `\regfile'.
Finding identical cells in module `\muldiv'.
Computing hashes of 108 cells of `\muldiv'.
Finding duplicate cells in `\muldiv'.
Finding identical cells in module `\alu'.
Computing hashes of 29 cells of `\alu'.
Finding duplicate cells in `\alu'.
Removed a total of 0 cells.

7.17.8. Executing OPT_DFF pass (perform DFF optimizations).

7.17.9. Executing OPT_CLEAN pass (remove unused cells and wires).
Finding unused cells or wires in module \core..
Finding unused cells or wires in module \decode..
Finding unused cells or wires in module \regfile..
Finding unused cells or wires in module \muldiv..
Finding unused cells or wires in module \alu..

7.17.10. Finished fast OPT passes.

7.18. Executing MEMORY_MAP pass (converting memories to logic and flip-flops).
Mapping memory \regs in module \regfile:
  created 32 $dff cells and 0 static cells of width 64.
  read interface: 0 $dff and 62 $mux cells.
  write interface: 32 write mux blocks.

7.19. Executing OPT pass (performing simple optimizations).

7.19.1. Executing OPT_EXPR pass (perform const folding).
Optimizing module core.
Optimizing module decode.
Optimizing module regfile.
<suppressed ~10 debug messages>
Optimizing module muldiv.
Optimizing module alu.

7.19.2. Executing OPT_MERGE pass (detect identical cells).
Finding identical cells in module `\core'.
Computing hashes of 52 cells of `\core'.
Finding duplicate cells in `\core'.
Finding identical cells in module `\decode'.
Computing hashes of 36 cells of `\decode'.
Finding duplicate cells in `\decode'.
Finding identical cells in module `\regfile'.
Computing hashes of 217 cells of `\regfile'.
Finding duplicate cells in `\regfile'.
Finding identical cells in module `\muldiv'.
Computing hashes of 108 cells of `\muldiv'.
Finding duplicate cells in `\muldiv'.
Finding identical cells in module `\alu'.
Computing hashes of 29 cells of `\alu'.
Finding duplicate cells in `\alu'.
Removed a total of 0 cells.

7.19.3. Executing OPT_MUXTREE pass (detect dead branches in mux trees).
Running muxtree optimizer on module \core..
  Creating internal representation of mux trees.
  Evaluating internal representation of mux trees.
  Analyzing evaluation results.
Running muxtree optimizer on module \decode..
  Creating internal representation of mux trees.
  Evaluating internal representation of mux trees.
  Analyzing evaluation results.
Running muxtree optimizer on module \regfile..
  Creating internal representation of mux trees.
  Evaluating internal representation of mux trees.
  Analyzing evaluation results.
Running muxtree optimizer on module \muldiv..
  Creating internal representation of mux trees.
  Evaluating internal representation of mux trees.
  Analyzing evaluation results.
Running muxtree optimizer on module \alu..
  Creating internal representation of mux trees.
  Evaluating internal representation of mux trees.
  Analyzing evaluation results.
Removed 0 multiplexer ports.
<suppressed ~226 debug messages>

7.19.4. Executing OPT_REDUCE pass (consolidate $*mux and $reduce_* inputs).
  Optimizing cells in module \core.
    Consolidated identical input bits for $pmux cell $procmux$205:
      Old ports: A=\dmem_rdata, B={ \dmem_rdata [7] \dmem_rdata [7] \dmem_rdata [7] \dmem_rdata [7] \dmem_rdata [7] \dmem_rdata [7] \dmem_rdata [7] \dmem_rdata [7] \dmem_rdata [7] \dmem_rdata [7] \dmem_rdata [7] \dmem_rdata [7] \dmem_rdata [7] \dmem_rdata [7] \dmem_rdata [7] \dmem_rdata [7] \dmem_rdata [7] \dmem_rdata [7] \dmem_rdata [7] \dmem_rdata [7] \dmem_rdata [7] \dmem_rdata [7] \dmem_rdata [7] \dmem_rdata [7] \dmem_rdata [7] \dmem_rdata [7] \dmem_rdata [7] \dmem_rdata [7] \dmem_rdata [7] \dmem_rdata [7] \dmem_rdata [7] \dmem_rdata [7] \dmem_rdata [7] \dmem_rdata [7] \dmem_rdata [7] \dmem_rdata [7] \dmem_rdata [7] \dmem_rdata [7] \dmem_rdata [7] \dmem_rdata [7] \dmem_rdata [7] \dmem_rdata [7] \dmem_rdata [7] \dmem_rdata [7] \dmem_rdata [7] \dmem_rdata [7] \dmem_rdata [7] \dmem_rdata [7] \dmem_rdata [7] \dmem_rdata [7] \dmem_rdata [7] \dmem_rdata [7] \dmem_rdata [7] \dmem_rdata [7] \dmem_rdata [7] \dmem_rdata [7] \dmem_rdata [7:0] \dmem_rdata [15] \dmem_rdata [15] \dmem_rdata [15] \dmem_rdata [15] \dmem_rdata [15] \dmem_rdata [15] \dmem_rdata [15] \dmem_rdata [15] \dmem_rdata [15] \dmem_rdata [15] \dmem_rdata [15] \dmem_rdata [15] \dmem_rdata [15] \dmem_rdata [15] \dmem_rdata [15] \dmem_rdata [15] \dmem_rdata [15] \dmem_rdata [15] \dmem_rdata [15] \dmem_rdata [15] \dmem_rdata [15] \dmem_rdata [15] \dmem_rdata [15] \dmem_rdata [15] \dmem_rdata [15] \dmem_rdata [15] \dmem_rdata [15] \dmem_rdata [15] \dmem_rdata [15] \dmem_rdata [15] \dmem_rdata [15] \dmem_rdata [15] \dmem_rdata [15] \dmem_rdata [15] \dmem_rdata [15] \dmem_rdata [15] \dmem_rdata [15] \dmem_rdata [15] \dmem_rdata [15] \dmem_rdata [15] \dmem_rdata [15] \dmem_rdata [15] \dmem_rdata [15] \dmem_rdata [15] \dmem_rdata [15] \dmem_rdata [15] \dmem_rdata [15] \dmem_rdata [15] \dmem_rdata [15:0] \dmem_rdata [31] \dmem_rdata [31] \dmem_rdata [31] \dmem_rdata [31] \dmem_rdata [31] \dmem_rdata [31] \dmem_rdata [31] \dmem_rdata [31] \dmem_rdata [31] \dmem_rdata [31] \dmem_rdata [31] \dmem_rdata [31] \dmem_rdata [31] \dmem_rdata [31] \dmem_rdata [31] \dmem_rdata [31] \dmem_rdata [31] \dmem_rdata [31] \dmem_rdata [31] \dmem_rdata [31] \dmem_rdata [31] \dmem_rdata [31] \dmem_rdata [31] \dmem_rdata [31] \dmem_rdata [31] \dmem_rdata [31] \dmem_rdata [31] \dmem_rdata [31] \dmem_rdata [31] \dmem_rdata [31] \dmem_rdata [31] \dmem_rdata [31] \dmem_rdata [31:0] 56'00000000000000000000000000000000000000000000000000000000 \dmem_rdata [7:0] 48'000000000000000000000000000000000000000000000000 \dmem_rdata [15:0] 32'00000000000000000000000000000000 \dmem_rdata [31:0] }, Y=\load_data
      New ports: A=\dmem_rdata [63:8], B={ \dmem_rdata [7] \dmem_rdata [7] \dmem_rdata [7] \dmem_rdata [7] \dmem_rdata [7] \dmem_rdata [7] \dmem_rdata [7] \dmem_rdata [7] \dmem_rdata [7] \dmem_rdata [7] \dmem_rdata [7] \dmem_rdata [7] \dmem_rdata [7] \dmem_rdata [7] \dmem_rdata [7] \dmem_rdata [7] \dmem_rdata [7] \dmem_rdata [7] \dmem_rdata [7] \dmem_rdata [7] \dmem_rdata [7] \dmem_rdata [7] \dmem_rdata [7] \dmem_rdata [7] \dmem_rdata [7] \dmem_rdata [7] \dmem_rdata [7] \dmem_rdata [7] \dmem_rdata [7] \dmem_rdata [7] \dmem_rdata [7] \dmem_rdata [7] \dmem_rdata [7] \dmem_rdata [7] \dmem_rdata [7] \dmem_rdata [7] \dmem_rdata [7] \dmem_rdata [7] \dmem_rdata [7] \dmem_rdata [7] \dmem_rdata [7] \dmem_rdata [7] \dmem_rdata [7] \dmem_rdata [7] \dmem_rdata [7] \dmem_rdata [7] \dmem_rdata [7] \dmem_rdata [7] \dmem_rdata [7] \dmem_rdata [7] \dmem_rdata [7] \dmem_rdata [7] \dmem_rdata [7] \dmem_rdata [7] \dmem_rdata [7] \dmem_rdata [7] \dmem_rdata [15] \dmem_rdata [15] \dmem_rdata [15] \dmem_rdata [15] \dmem_rdata [15] \dmem_rdata [15] \dmem_rdata [15] \dmem_rdata [15] \dmem_rdata [15] \dmem_rdata [15] \dmem_rdata [15] \dmem_rdata [15] \dmem_rdata [15] \dmem_rdata [15] \dmem_rdata [15] \dmem_rdata [15] \dmem_rdata [15] \dmem_rdata [15] \dmem_rdata [15] \dmem_rdata [15] \dmem_rdata [15] \dmem_rdata [15] \dmem_rdata [15] \dmem_rdata [15] \dmem_rdata [15] \dmem_rdata [15] \dmem_rdata [15] \dmem_rdata [15] \dmem_rdata [15] \dmem_rdata [15] \dmem_rdata [15] \dmem_rdata [15] \dmem_rdata [15] \dmem_rdata [15] \dmem_rdata [15] \dmem_rdata [15] \dmem_rdata [15] \dmem_rdata [15] \dmem_rdata [15] \dmem_rdata [15] \dmem_rdata [15] \dmem_rdata [15] \dmem_rdata [15] \dmem_rdata [15] \dmem_rdata [15] \dmem_rdata [15] \dmem_rdata [15] \dmem_rdata [15] \dmem_rdata [15:8] \dmem_rdata [31] \dmem_rdata [31] \dmem_rdata [31] \dmem_rdata [31] \dmem_rdata [31] \dmem_rdata [31] \dmem_rdata [31] \dmem_rdata [31] \dmem_rdata [31] \dmem_rdata [31] \dmem_rdata [31] \dmem_rdata [31] \dmem_rdata [31] \dmem_rdata [31] \dmem_rdata [31] \dmem_rdata [31] \dmem_rdata [31] \dmem_rdata [31] \dmem_rdata [31] \dmem_rdata [31] \dmem_rdata [31] \dmem_rdata [31] \dmem_rdata [31] \dmem_rdata [31] \dmem_rdata [31] \dmem_rdata [31] \dmem_rdata [31] \dmem_rdata [31] \dmem_rdata [31] \dmem_rdata [31] \dmem_rdata [31] \dmem_rdata [31] \dmem_rdata [31:8] 104'00000000000000000000000000000000000000000000000000000000000000000000000000000000000000000000000000000000 \dmem_rdata [15:8] 32'00000000000000000000000000000000 \dmem_rdata [31:8] }, Y=\load_data [63:8]
      New connections: \load_data [7:0] = \dmem_rdata [7:0]
  Optimizing cells in module \core.
  Optimizing cells in module \decode.
    Consolidated identical input bits for $pmux cell $procmux$315:
      Old ports: A=64'0000000000000000000000000000000000000000000000000000000000000000, B={ \instr [31] \instr [31] \instr [31] \instr [31] \instr [31] \instr [31] \instr [31] \instr [31] \instr [31] \instr [31] \instr [31] \instr [31] \instr [31] \instr [31] \instr [31] \instr [31] \instr [31] \instr [31] \instr [31] \instr [31] \instr [31] \instr [31] \instr [31] \instr [31] \instr [31] \instr [31] \instr [31] \instr [31] \instr [31] \instr [31] \instr [31] \instr [31] \instr [31] \instr [31] \instr [31] \instr [31] \instr [31] \instr [31] \instr [31] \instr [31] \instr [31] \instr [31] \instr [31] \instr [31] \instr [31] \instr [31] \instr [31] \instr [31] \instr [31] \instr [31] \instr [31] \instr [31] \instr [31:20] \instr [31] \instr [31] \instr [31] \instr [31] \instr [31] \instr [31] \instr [31] \instr [31] \instr [31] \instr [31] \instr [31] \instr [31] \instr [31] \instr [31] \instr [31] \instr [31] \instr [31] \instr [31] \instr [31] \instr [31] \instr [31] \instr [31] \instr [31] \instr [31] \instr [31] \instr [31] \instr [31] \instr [31] \instr [31] \instr [31] \instr [31] \instr [31] \instr [31] \instr [31] \instr [31] \instr [31] \instr [31] \instr [31] \instr [31] \instr [31] \instr [31] \instr [31] \instr [31] \instr [31] \instr [31] \instr [31] \instr [31] \instr [31] \instr [31] \instr [31] \instr [31] \instr [31] \instr [31:25] \instr [11:7] \instr [31] \instr [31] \instr [31] \instr [31] \instr [31] \instr [31] \instr [31] \instr [31] \instr [31] \instr [31] \instr [31] \instr [31] \instr [31] \instr [31] \instr [31] \instr [31] \instr [31] \instr [31] \instr [31] \instr [31] \instr [31] \instr [31] \instr [31] \instr [31] \instr [31] \instr [31] \instr [31] \instr [31] \instr [31] \instr [31] \instr [31] \instr [31] \instr [31] \instr [31] \instr [31] \instr [31] \instr [31] \instr [31] \instr [31] \instr [31] \instr [31] \instr [31] \instr [31] \instr [31] \instr [31] \instr [31] \instr [31] \instr [31] \instr [31] \instr [31] \instr [31] \instr [31] \instr [7] \instr [30:25] \instr [11:8] 1'0 \instr [31] \instr [31] \instr [31] \instr [31] \instr [31] \instr [31] \instr [31] \instr [31] \instr [31] \instr [31] \instr [31] \instr [31] \instr [31] \instr [31] \instr [31] \instr [31] \instr [31] \instr [31] \instr [31] \instr [31] \instr [31] \instr [31] \instr [31] \instr [31] \instr [31] \instr [31] \instr [31] \instr [31] \instr [31] \instr [31] \instr [31] \instr [31] \instr [31] \instr [31] \instr [31] \instr [31] \instr [31] \instr [31] \instr [31] \instr [31] \instr [31] \instr [31] \instr [31] \instr [31] \instr [19:12] \instr [20] \instr [30:21] 1'0 \instr [31] \instr [31] \instr [31] \instr [31] \instr [31] \instr [31] \instr [31] \instr [31] \instr [31] \instr [31] \instr [31] \instr [31] \instr [31] \instr [31] \instr [31] \instr [31] \instr [31] \instr [31] \instr [31] \instr [31] \instr [31] \instr [31] \instr [31] \instr [31] \instr [31] \instr [31] \instr [31] \instr [31] \instr [31] \instr [31] \instr [31] \instr [31] \instr [31:12] 12'000000000000 }, Y=\imm
      New ports: A=0, B={ \instr [31] \instr [31] \instr [31] \instr [31] \instr [31] \instr [31] \instr [31] \instr [31] \instr [31] \instr [31] \instr [31] \instr [31] \instr [31] \instr [31] \instr [31] \instr [31] \instr [31] \instr [31] \instr [31] \instr [31] \instr [31:20] \instr [31] \instr [31] \instr [31] \instr [31] \instr [31] \instr [31] \instr [31] \instr [31] \instr [31] \instr [31] \instr [31] \instr [31] \instr [31] \instr [31] \instr [31] \instr [31] \instr [31] \instr [31] \instr [31] \instr [31] \instr [31:25] \instr [11:7] \instr [31] \instr [31] \instr [31] \instr [31] \instr [31] \instr [31] \instr [31] \instr [31] \instr [31] \instr [31] \instr [31] \instr [31] \instr [31] \instr [31] \instr [31] \instr [31] \instr [31] \instr [31] \instr [31] \instr [31] \instr [7] \instr [30:25] \instr [11:8] 1'0 \instr [31] \instr [31] \instr [31] \instr [31] \instr [31] \instr [31] \instr [31] \instr [31] \instr [31] \instr [31] \instr [31] \instr [31] \instr [19:12] \instr [20] \instr [30:21] 1'0 \instr [31:12] 12'000000000000 }, Y=\imm [31:0]
      New connections: \imm [63:32] = { \imm [31] \imm [31] \imm [31] \imm [31] \imm [31] \imm [31] \imm [31] \imm [31] \imm [31] \imm [31] \imm [31] \imm [31] \imm [31] \imm [31] \imm [31] \imm [31] \imm [31] \imm [31] \imm [31] \imm [31] \imm [31] \imm [31] \imm [31] \imm [31] \imm [31] \imm [31] \imm [31] \imm [31] \imm [31] \imm [31] \imm [31] \imm [31] }
  Optimizing cells in module \decode.
  Optimizing cells in module \regfile.
  Optimizing cells in module \muldiv.
    Consolidated identical input bits for $mux cell $procmux$973:
      Old ports: A=64'0000000000000000000000000000000000000000000000000000000000000000, B={ \mul_full [31] \mul_full [31] \mul_full [31] \mul_full [31] \mul_full [31] \mul_full [31] \mul_full [31] \mul_full [31] \mul_full [31] \mul_full [31] \mul_full [31] \mul_full [31] \mul_full [31] \mul_full [31] \mul_full [31] \mul_full [31] \mul_full [31] \mul_full [31] \mul_full [31] \mul_full [31] \mul_full [31] \mul_full [31] \mul_full [31] \mul_full [31] \mul_full [31] \mul_full [31] \mul_full [31] \mul_full [31] \mul_full [31] \mul_full [31] \mul_full [31] \mul_full [31] \mul_full [31:0] }, Y=$2\mul_result[63:0]
      New ports: A=0, B=\mul_full [31:0], Y=$2\mul_result[63:0] [31:0]
      New connections: $2\mul_result[63:0] [63:32] = { $2\mul_result[63:0] [31] $2\mul_result[63:0] [31] $2\mul_result[63:0] [31] $2\mul_result[63:0] [31] $2\mul_result[63:0] [31] $2\mul_result[63:0] [31] $2\mul_result[63:0] [31] $2\mul_result[63:0] [31] $2\mul_result[63:0] [31] $2\mul_result[63:0] [31] $2\mul_result[63:0] [31] $2\mul_result[63:0] [31] $2\mul_result[63:0] [31] $2\mul_result[63:0] [31] $2\mul_result[63:0] [31] $2\mul_result[63:0] [31] $2\mul_result[63:0] [31] $2\mul_result[63:0] [31] $2\mul_result[63:0] [31] $2\mul_result[63:0] [31] $2\mul_result[63:0] [31] $2\mul_result[63:0] [31] $2\mul_result[63:0] [31] $2\mul_result[63:0] [31] $2\mul_result[63:0] [31] $2\mul_result[63:0] [31] $2\mul_result[63:0] [31] $2\mul_result[63:0] [31] $2\mul_result[63:0] [31] $2\mul_result[63:0] [31] $2\mul_result[63:0] [31] $2\mul_result[63:0] [31] }
    Consolidated identical input bits for $mux cell $ternary$../rtl/muldiv.sv:148$109:
      Old ports: A=$ternary$../rtl/muldiv.sv:147$108_Y, B={ $ternary$../rtl/muldiv.sv:147$108_Y [31] $ternary$../rtl/muldiv.sv:147$108_Y [31] $ternary$../rtl/muldiv.sv:147$108_Y [31] $ternary$../rtl/muldiv.sv:147$108_Y [31] $ternary$../rtl/muldiv.sv:147$108_Y [31] $ternary$../rtl/muldiv.sv:147$108_Y [31] $ternary$../rtl/muldiv.sv:147$108_Y [31] $ternary$../rtl/muldiv.sv:147$108_Y [31] $ternary$../rtl/muldiv.sv:147$108_Y [31] $ternary$../rtl/muldiv.sv:147$108_Y [31] $ternary$../rtl/muldiv.sv:147$108_Y [31] $ternary$../rtl/muldiv.sv:147$108_Y [31] $ternary$../rtl/muldiv.sv:147$108_Y [31] $ternary$../rtl/muldiv.sv:147$108_Y [31] $ternary$../rtl/muldiv.sv:147$108_Y [31] $ternary$../rtl/muldiv.sv:147$108_Y [31] $ternary$../rtl/muldiv.sv:147$108_Y [31] $ternary$../rtl/muldiv.sv:147$108_Y [31] $ternary$../rtl/muldiv.sv:147$108_Y [31] $ternary$../rtl/muldiv.sv:147$108_Y [31] $ternary$../rtl/muldiv.sv:147$108_Y [31] $ternary$../rtl/muldiv.sv:147$108_Y [31] $ternary$../rtl/muldiv.sv:147$108_Y [31] $ternary$../rtl/muldiv.sv:147$108_Y [31] $ternary$../rtl/muldiv.sv:147$108_Y [31] $ternary$../rtl/muldiv.sv:147$108_Y [31] $ternary$../rtl/muldiv.sv:147$108_Y [31] $ternary$../rtl/muldiv.sv:147$108_Y [31] $ternary$../rtl/muldiv.sv:147$108_Y [31] $ternary$../rtl/muldiv.sv:147$108_Y [31] $ternary$../rtl/muldiv.sv:147$108_Y [31] $ternary$../rtl/muldiv.sv:147$108_Y [31] $ternary$../rtl/muldiv.sv:147$108_Y [31:0] }, Y=$ternary$../rtl/muldiv.sv:148$109_Y
      New ports: A=$ternary$../rtl/muldiv.sv:147$108_Y [63:32], B={ $ternary$../rtl/muldiv.sv:147$108_Y [31] $ternary$../rtl/muldiv.sv:147$108_Y [31] $ternary$../rtl/muldiv.sv:147$108_Y [31] $ternary$../rtl/muldiv.sv:147$108_Y [31] $ternary$../rtl/muldiv.sv:147$108_Y [31] $ternary$../rtl/muldiv.sv:147$108_Y [31] $ternary$../rtl/muldiv.sv:147$108_Y [31] $ternary$../rtl/muldiv.sv:147$108_Y [31] $ternary$../rtl/muldiv.sv:147$108_Y [31] $ternary$../rtl/muldiv.sv:147$108_Y [31] $ternary$../rtl/muldiv.sv:147$108_Y [31] $ternary$../rtl/muldiv.sv:147$108_Y [31] $ternary$../rtl/muldiv.sv:147$108_Y [31] $ternary$../rtl/muldiv.sv:147$108_Y [31] $ternary$../rtl/muldiv.sv:147$108_Y [31] $ternary$../rtl/muldiv.sv:147$108_Y [31] $ternary$../rtl/muldiv.sv:147$108_Y [31] $ternary$../rtl/muldiv.sv:147$108_Y [31] $ternary$../rtl/muldiv.sv:147$108_Y [31] $ternary$../rtl/muldiv.sv:147$108_Y [31] $ternary$../rtl/muldiv.sv:147$108_Y [31] $ternary$../rtl/muldiv.sv:147$108_Y [31] $ternary$../rtl/muldiv.sv:147$108_Y [31] $ternary$../rtl/muldiv.sv:147$108_Y [31] $ternary$../rtl/muldiv.sv:147$108_Y [31] $ternary$../rtl/muldiv.sv:147$108_Y [31] $ternary$../rtl/muldiv.sv:147$108_Y [31] $ternary$../rtl/muldiv.sv:147$108_Y [31] $ternary$../rtl/muldiv.sv:147$108_Y [31] $ternary$../rtl/muldiv.sv:147$108_Y [31] $ternary$../rtl/muldiv.sv:147$108_Y [31] $ternary$../rtl/muldiv.sv:147$108_Y [31] }, Y=$ternary$../rtl/muldiv.sv:148$109_Y [63:32]
      New connections: $ternary$../rtl/muldiv.sv:148$109_Y [31:0] = $ternary$../rtl/muldiv.sv:147$108_Y [31:0]
    Consolidated identical input bits for $mux cell $ternary$../rtl/muldiv.sv:138$101:
      Old ports: A=64'1111111111111111111111111111111111111111111111111111111111111111, B=64'0000000000000000000000000000000011111111111111111111111111111111, Y=$ternary$../rtl/muldiv.sv:138$101_Y
      New ports: A=1'1, B=1'0, Y=$ternary$../rtl/muldiv.sv:138$101_Y [32]
      New connections: { $ternary$../rtl/muldiv.sv:138$101_Y [63:33] $ternary$../rtl/muldiv.sv:138$101_Y [31:0] } = { $ternary$../rtl/muldiv.sv:138$101_Y [32] $ternary$../rtl/muldiv.sv:138$101_Y [32] $ternary$../rtl/muldiv.sv:138$101_Y [32] $ternary$../rtl/muldiv.sv:138$101_Y [32] $ternary$../rtl/muldiv.sv:138$101_Y [32] $ternary$../rtl/muldiv.sv:138$101_Y [32] $ternary$../rtl/muldiv.sv:138$101_Y [32] $ternary$../rtl/muldiv.sv:138$101_Y [32] $ternary$../rtl/muldiv.sv:138$101_Y [32] $ternary$../rtl/muldiv.sv:138$101_Y [32] $ternary$../rtl/muldiv.sv:138$101_Y [32] $ternary$../rtl/muldiv.sv:138$101_Y [32] $ternary$../rtl/muldiv.sv:138$101_Y [32] $ternary$../rtl/muldiv.sv:138$101_Y [32] $ternary$../rtl/muldiv.sv:138$101_Y [32] $ternary$../rtl/muldiv.sv:138$101_Y [32] $ternary$../rtl/muldiv.sv:138$101_Y [32] $ternary$../rtl/muldiv.sv:138$101_Y [32] $ternary$../rtl/muldiv.sv:138$101_Y [32] $ternary$../rtl/muldiv.sv:138$101_Y [32] $ternary$../rtl/muldiv.sv:138$101_Y [32] $ternary$../rtl/muldiv.sv:138$101_Y [32] $ternary$../rtl/muldiv.sv:138$101_Y [32] $ternary$../rtl/muldiv.sv:138$101_Y [32] $ternary$../rtl/muldiv.sv:138$101_Y [32] $ternary$../rtl/muldiv.sv:138$101_Y [32] $ternary$../rtl/muldiv.sv:138$101_Y [32] $ternary$../rtl/muldiv.sv:138$101_Y [32] $ternary$../rtl/muldiv.sv:138$101_Y [32] $ternary$../rtl/muldiv.sv:138$101_Y [32] $ternary$../rtl/muldiv.sv:138$101_Y [32] 32'11111111111111111111111111111111 }
  Optimizing cells in module \muldiv.
  Optimizing cells in module \alu.
    Consolidated identical input bits for $mux cell $auto$share.cc:661:make_supercell$1261:
      Old ports: A=\b [5:0], B={ 1'0 \b [4:0] }, Y=$auto$share.cc:658:make_supercell$1249
      New ports: A=\b [5], B=1'0, Y=$auto$share.cc:658:make_supercell$1249 [5]
      New connections: $auto$share.cc:658:make_supercell$1249 [4:0] = \b [4:0]
    Consolidated identical input bits for $mux cell $auto$share.cc:660:make_supercell$1260:
      Old ports: A=\a, B={ \a [31] \a [31] \a [31] \a [31] \a [31] \a [31] \a [31] \a [31] \a [31] \a [31] \a [31] \a [31] \a [31] \a [31] \a [31] \a [31] \a [31] \a [31] \a [31] \a [31] \a [31] \a [31] \a [31] \a [31] \a [31] \a [31] \a [31] \a [31] \a [31] \a [31] \a [31] \a [31] \a [31:0] }, Y=$auto$share.cc:657:make_supercell$1258
      New ports: A=\a [63:32], B={ \a [31] \a [31] \a [31] \a [31] \a [31] \a [31] \a [31] \a [31] \a [31] \a [31] \a [31] \a [31] \a [31] \a [31] \a [31] \a [31] \a [31] \a [31] \a [31] \a [31] \a [31] \a [31] \a [31] \a [31] \a [31] \a [31] \a [31] \a [31] \a [31] \a [31] \a [31] \a [31] }, Y=$auto$share.cc:657:make_supercell$1258 [63:32]
      New connections: $auto$share.cc:657:make_supercell$1258 [31:0] = \a [31:0]
    Consolidated identical input bits for $mux cell $auto$share.cc:660:make_supercell$1250:
      Old ports: A=\a, B={ 32'00000000000000000000000000000000 \a [31:0] }, Y=$auto$share.cc:657:make_supercell$1248
      New ports: A=\a [63:32], B=0, Y=$auto$share.cc:657:make_supercell$1248 [63:32]
      New connections: $auto$share.cc:657:make_supercell$1248 [31:0] = \a [31:0]
  Optimizing cells in module \alu.
Performed a total of 8 changes.

7.19.5. Executing OPT_MERGE pass (detect identical cells).
Finding identical cells in module `\core'.
Computing hashes of 52 cells of `\core'.
Finding duplicate cells in `\core'.
Finding identical cells in module `\decode'.
Computing hashes of 36 cells of `\decode'.
Finding duplicate cells in `\decode'.
Finding identical cells in module `\regfile'.
Computing hashes of 217 cells of `\regfile'.
Finding duplicate cells in `\regfile'.
Finding identical cells in module `\muldiv'.
Computing hashes of 108 cells of `\muldiv'.
Finding duplicate cells in `\muldiv'.
Finding identical cells in module `\alu'.
Computing hashes of 29 cells of `\alu'.
Finding duplicate cells in `\alu'.
Removed a total of 0 cells.

7.19.6. Executing OPT_SHARE pass.
    Found cells that share an operand and can be merged by moving the $mux $procmux$506 in front of them:
        $logic_and$../rtl/muldiv.sv:111$78
        $logic_and$../rtl/muldiv.sv:116$91

    Found cells that share an operand and can be merged by moving the $mux $procmux$489 in front of them:
        $logic_and$../rtl/muldiv.sv:112$81
        $logic_and$../rtl/muldiv.sv:117$94

    Found cells that share an operand and can be merged by moving the $pmux $procmux$997 in front of them:
        $auto$alumacc.cc:548:replace_alu$1240
        $auto$alumacc.cc:548:replace_alu$1243

7.19.7. Executing OPT_DFF pass (perform DFF optimizations).

7.19.8. Executing OPT_CLEAN pass (remove unused cells and wires).
Finding unused cells or wires in module \core..
Finding unused cells or wires in module \decode..
Finding unused cells or wires in module \regfile..
Finding unused cells or wires in module \muldiv..
Finding unused cells or wires in module \alu..
Removed 0 unused cells and 111 unused wires.
<suppressed ~3 debug messages>

7.19.9. Executing OPT_EXPR pass (perform const folding).
Optimizing module core.
Optimizing module decode.
Optimizing module regfile.
Optimizing module muldiv.
<suppressed ~3 debug messages>
Optimizing module alu.
<suppressed ~1 debug messages>

7.19.10. Rerunning OPT passes. (Maybe there is more to do..)

7.19.11. Executing OPT_MUXTREE pass (detect dead branches in mux trees).
Running muxtree optimizer on module \core..
  Creating internal representation of mux trees.
  Evaluating internal representation of mux trees.
  Analyzing evaluation results.
Running muxtree optimizer on module \decode..
  Creating internal representation of mux trees.
  Evaluating internal representation of mux trees.
  Analyzing evaluation results.
Running muxtree optimizer on module \regfile..
  Creating internal representation of mux trees.
  Evaluating internal representation of mux trees.
  Analyzing evaluation results.
Running muxtree optimizer on module \muldiv..
  Creating internal representation of mux trees.
  Evaluating internal representation of mux trees.
  Analyzing evaluation results.
Running muxtree optimizer on module \alu..
  Creating internal representation of mux trees.
  Evaluating internal representation of mux trees.
  Analyzing evaluation results.
Removed 0 multiplexer ports.
<suppressed ~218 debug messages>

7.19.12. Executing OPT_REDUCE pass (consolidate $*mux and $reduce_* inputs).
  Optimizing cells in module \core.
  Optimizing cells in module \decode.
  Optimizing cells in module \regfile.
  Optimizing cells in module \muldiv.
  Optimizing cells in module \alu.
    New ctrl vector for $pmux cell $procmux$997: { $procmux$984_CMP $procmux$985_CMP $procmux$1000_CMP $auto$opt_reduce.cc:137:opt_pmux$1800 }
  Optimizing cells in module \alu.
Performed a total of 1 changes.

7.19.13. Executing OPT_MERGE pass (detect identical cells).
Finding identical cells in module `\core'.
Computing hashes of 52 cells of `\core'.
Finding duplicate cells in `\core'.
Finding identical cells in module `\decode'.
Computing hashes of 36 cells of `\decode'.
Finding duplicate cells in `\decode'.
Finding identical cells in module `\regfile'.
Computing hashes of 217 cells of `\regfile'.
Finding duplicate cells in `\regfile'.
Finding identical cells in module `\muldiv'.
Computing hashes of 106 cells of `\muldiv'.
Finding duplicate cells in `\muldiv'.
Finding identical cells in module `\alu'.
Computing hashes of 31 cells of `\alu'.
Finding duplicate cells in `\alu'.
Removed a total of 0 cells.

7.19.14. Executing OPT_SHARE pass.
    Found cells that share an operand and can be merged by moving the $mux $auto$opt_share.cc:244:merge_operators$1787 in front of them:
        $logic_and$../rtl/muldiv.sv:111$76
        $logic_and$../rtl/muldiv.sv:116$89

7.19.15. Executing OPT_DFF pass (perform DFF optimizations).
Adding EN signal on $memory\regs[0]$1292 ($dff) from module regfile (D = \wdata, Q = \regs[0]).
Adding EN signal on $memory\regs[1]$1294 ($dff) from module regfile (D = \wdata, Q = \regs[1]).
Adding EN signal on $memory\regs[2]$1296 ($dff) from module regfile (D = \wdata, Q = \regs[2]).
Adding EN signal on $memory\regs[3]$1298 ($dff) from module regfile (D = \wdata, Q = \regs[3]).
Adding EN signal on $memory\regs[4]$1300 ($dff) from module regfile (D = \wdata, Q = \regs[4]).
Adding EN signal on $memory\regs[5]$1302 ($dff) from module regfile (D = \wdata, Q = \regs[5]).
Adding EN signal on $memory\regs[6]$1304 ($dff) from module regfile (D = \wdata, Q = \regs[6]).
Adding EN signal on $memory\regs[7]$1306 ($dff) from module regfile (D = \wdata, Q = \regs[7]).
Adding EN signal on $memory\regs[8]$1308 ($dff) from module regfile (D = \wdata, Q = \regs[8]).
Adding EN signal on $memory\regs[9]$1310 ($dff) from module regfile (D = \wdata, Q = \regs[9]).
Adding EN signal on $memory\regs[10]$1312 ($dff) from module regfile (D = \wdata, Q = \regs[10]).
Adding EN signal on $memory\regs[11]$1314 ($dff) from module regfile (D = \wdata, Q = \regs[11]).
Adding EN signal on $memory\regs[12]$1316 ($dff) from module regfile (D = \wdata, Q = \regs[12]).
Adding EN signal on $memory\regs[13]$1318 ($dff) from module regfile (D = \wdata, Q = \regs[13]).
Adding EN signal on $memory\regs[14]$1320 ($dff) from module regfile (D = \wdata, Q = \regs[14]).
Adding EN signal on $memory\regs[15]$1322 ($dff) from module regfile (D = \wdata, Q = \regs[15]).
Adding EN signal on $memory\regs[16]$1324 ($dff) from module regfile (D = \wdata, Q = \regs[16]).
Adding EN signal on $memory\regs[17]$1326 ($dff) from module regfile (D = \wdata, Q = \regs[17]).
Adding EN signal on $memory\regs[18]$1328 ($dff) from module regfile (D = \wdata, Q = \regs[18]).
Adding EN signal on $memory\regs[19]$1330 ($dff) from module regfile (D = \wdata, Q = \regs[19]).
Adding EN signal on $memory\regs[20]$1332 ($dff) from module regfile (D = \wdata, Q = \regs[20]).
Adding EN signal on $memory\regs[21]$1334 ($dff) from module regfile (D = \wdata, Q = \regs[21]).
Adding EN signal on $memory\regs[22]$1336 ($dff) from module regfile (D = \wdata, Q = \regs[22]).
Adding EN signal on $memory\regs[23]$1338 ($dff) from module regfile (D = \wdata, Q = \regs[23]).
Adding EN signal on $memory\regs[24]$1340 ($dff) from module regfile (D = \wdata, Q = \regs[24]).
Adding EN signal on $memory\regs[25]$1342 ($dff) from module regfile (D = \wdata, Q = \regs[25]).
Adding EN signal on $memory\regs[26]$1344 ($dff) from module regfile (D = \wdata, Q = \regs[26]).
Adding EN signal on $memory\regs[27]$1346 ($dff) from module regfile (D = \wdata, Q = \regs[27]).
Adding EN signal on $memory\regs[28]$1348 ($dff) from module regfile (D = \wdata, Q = \regs[28]).
Adding EN signal on $memory\regs[29]$1350 ($dff) from module regfile (D = \wdata, Q = \regs[29]).
Adding EN signal on $memory\regs[30]$1352 ($dff) from module regfile (D = \wdata, Q = \regs[30]).
Adding EN signal on $memory\regs[31]$1354 ($dff) from module regfile (D = \wdata, Q = \regs[31]).

7.19.16. Executing OPT_CLEAN pass (remove unused cells and wires).
Finding unused cells or wires in module \core..
Finding unused cells or wires in module \decode..
Finding unused cells or wires in module \regfile..
Finding unused cells or wires in module \muldiv..
Finding unused cells or wires in module \alu..
Removed 32 unused cells and 36 unused wires.
<suppressed ~34 debug messages>

7.19.17. Executing OPT_EXPR pass (perform const folding).
Optimizing module core.
Optimizing module decode.
Optimizing module regfile.
Optimizing module muldiv.
<suppressed ~1 debug messages>
Optimizing module alu.

7.19.18. Rerunning OPT passes. (Maybe there is more to do..)

7.19.19. Executing OPT_MUXTREE pass (detect dead branches in mux trees).
Running muxtree optimizer on module \core..
  Creating internal representation of mux trees.
  Evaluating internal representation of mux trees.
  Analyzing evaluation results.
Running muxtree optimizer on module \decode..
  Creating internal representation of mux trees.
  Evaluating internal representation of mux trees.
  Analyzing evaluation results.
Running muxtree optimizer on module \regfile..
  Creating internal representation of mux trees.
  Evaluating internal representation of mux trees.
  Analyzing evaluation results.
Running muxtree optimizer on module \muldiv..
  Creating internal representation of mux trees.
  Evaluating internal representation of mux trees.
  Analyzing evaluation results.
Running muxtree optimizer on module \alu..
  Creating internal representation of mux trees.
  Evaluating internal representation of mux trees.
  Analyzing evaluation results.
Removed 0 multiplexer ports.
<suppressed ~154 debug messages>

7.19.20. Executing OPT_REDUCE pass (consolidate $*mux and $reduce_* inputs).
  Optimizing cells in module \core.
  Optimizing cells in module \decode.
  Optimizing cells in module \regfile.
  Optimizing cells in module \muldiv.
  Optimizing cells in module \alu.
Performed a total of 0 changes.

7.19.21. Executing OPT_MERGE pass (detect identical cells).
Finding identical cells in module `\core'.
Computing hashes of 52 cells of `\core'.
Finding duplicate cells in `\core'.
Finding identical cells in module `\decode'.
Computing hashes of 36 cells of `\decode'.
Finding duplicate cells in `\decode'.
Finding identical cells in module `\regfile'.
Computing hashes of 185 cells of `\regfile'.
Finding duplicate cells in `\regfile'.
Finding identical cells in module `\muldiv'.
Computing hashes of 105 cells of `\muldiv'.
Finding duplicate cells in `\muldiv'.
Finding identical cells in module `\alu'.
Computing hashes of 31 cells of `\alu'.
Finding duplicate cells in `\alu'.
Removed a total of 0 cells.

7.19.22. Executing OPT_SHARE pass.

7.19.23. Executing OPT_DFF pass (perform DFF optimizations).

7.19.24. Executing OPT_CLEAN pass (remove unused cells and wires).
Finding unused cells or wires in module \core..
Finding unused cells or wires in module \decode..
Finding unused cells or wires in module \regfile..
Finding unused cells or wires in module \muldiv..
Finding unused cells or wires in module \alu..
Removed 0 unused cells and 1 unused wires.
<suppressed ~1 debug messages>

7.19.25. Executing OPT_EXPR pass (perform const folding).
Optimizing module core.
Optimizing module decode.
Optimizing module regfile.
Optimizing module muldiv.
Optimizing module alu.

7.19.26. Rerunning OPT passes. (Maybe there is more to do..)

7.19.27. Executing OPT_MUXTREE pass (detect dead branches in mux trees).
Running muxtree optimizer on module \core..
  Creating internal representation of mux trees.
  Evaluating internal representation of mux trees.
  Analyzing evaluation results.
Running muxtree optimizer on module \decode..
  Creating internal representation of mux trees.
  Evaluating internal representation of mux trees.
  Analyzing evaluation results.
Running muxtree optimizer on module \regfile..
  Creating internal representation of mux trees.
  Evaluating internal representation of mux trees.
  Analyzing evaluation results.
Running muxtree optimizer on module \muldiv..
  Creating internal representation of mux trees.
  Evaluating internal representation of mux trees.
  Analyzing evaluation results.
Running muxtree optimizer on module \alu..
  Creating internal representation of mux trees.
  Evaluating internal representation of mux trees.
  Analyzing evaluation results.
Removed 0 multiplexer ports.
<suppressed ~154 debug messages>

7.19.28. Executing OPT_REDUCE pass (consolidate $*mux and $reduce_* inputs).
  Optimizing cells in module \core.
  Optimizing cells in module \decode.
  Optimizing cells in module \regfile.
  Optimizing cells in module \muldiv.
  Optimizing cells in module \alu.
Performed a total of 0 changes.

7.19.29. Executing OPT_MERGE pass (detect identical cells).
Finding identical cells in module `\core'.
Computing hashes of 52 cells of `\core'.
Finding duplicate cells in `\core'.
Finding identical cells in module `\decode'.
Computing hashes of 36 cells of `\decode'.
Finding duplicate cells in `\decode'.
Finding identical cells in module `\regfile'.
Computing hashes of 185 cells of `\regfile'.
Finding duplicate cells in `\regfile'.
Finding identical cells in module `\muldiv'.
Computing hashes of 105 cells of `\muldiv'.
Finding duplicate cells in `\muldiv'.
Finding identical cells in module `\alu'.
Computing hashes of 31 cells of `\alu'.
Finding duplicate cells in `\alu'.
Removed a total of 0 cells.

7.19.30. Executing OPT_SHARE pass.

7.19.31. Executing OPT_DFF pass (perform DFF optimizations).

7.19.32. Executing OPT_CLEAN pass (remove unused cells and wires).
Finding unused cells or wires in module \core..
Finding unused cells or wires in module \decode..
Finding unused cells or wires in module \regfile..
Finding unused cells or wires in module \muldiv..
Finding unused cells or wires in module \alu..

7.19.33. Executing OPT_EXPR pass (perform const folding).
Optimizing module core.
Optimizing module decode.
Optimizing module regfile.
Optimizing module muldiv.
Optimizing module alu.

7.19.34. Finished fast OPT passes. (There is nothing left to do.)

7.20. Executing TECHMAP pass (map to technology primitives).

7.20.1. Executing Verilog-2005 frontend: /home/bomma/oss-cad-suite/lib/../share/yosys/techmap.v
Parsing Verilog input from `/home/bomma/oss-cad-suite/lib/../share/yosys/techmap.v' to AST representation.
Generating RTLIL representation for module `\_90_simplemap_bool_ops'.
Generating RTLIL representation for module `\_90_simplemap_reduce_ops'.
Generating RTLIL representation for module `\_90_simplemap_logic_ops'.
Generating RTLIL representation for module `\_90_simplemap_compare_ops'.
Generating RTLIL representation for module `\_90_simplemap_various'.
Generating RTLIL representation for module `\_90_simplemap_registers'.
Generating RTLIL representation for module `\_90_shift_ops_shr_shl_sshl_sshr'.
Generating RTLIL representation for module `\_90_shift_shiftx'.
Generating RTLIL representation for module `\_90_fa'.
Generating RTLIL representation for module `\_90_lcu_brent_kung'.
Generating RTLIL representation for module `\_90_alu'.
Generating RTLIL representation for module `\_90_macc'.
Generating RTLIL representation for module `\_90_alumacc'.
Generating RTLIL representation for module `$__div_mod_u'.
Generating RTLIL representation for module `$__div_mod_trunc'.
Generating RTLIL representation for module `\_90_div'.
Generating RTLIL representation for module `\_90_mod'.
Generating RTLIL representation for module `$__div_mod_floor'.
Generating RTLIL representation for module `\_90_divfloor'.
Generating RTLIL representation for module `\_90_modfloor'.
Generating RTLIL representation for module `\_90_pow'.
Generating RTLIL representation for module `\_90_demux'.
Generating RTLIL representation for module `\_90_lut'.
Generating RTLIL representation for module `$connect'.
Generating RTLIL representation for module `$input_port'.
Successfully finished Verilog frontend.

7.20.2. Continuing TECHMAP pass.
Using extmapper simplemap for cells of type $reduce_or.
Using extmapper simplemap for cells of type $mux.
Running "alumacc" on wrapper $extern:wrap:$neg:Y_WIDTH=32:A_WIDTH=32:A_SIGNED=0:394426c56d1a028ba8fdd5469b163e04011def47.
Using template $extern:wrap:$neg:Y_WIDTH=32:A_WIDTH=32:A_SIGNED=0:394426c56d1a028ba8fdd5469b163e04011def47 for cells of type $extern:wrap:$neg:Y_WIDTH=32:A_WIDTH=32:A_SIGNED=0:394426c56d1a028ba8fdd5469b163e04011def47.
Using template $paramod$constmap:586cb701bdbf9cf16b6a426b456e6b3682c970cf$paramod$a38ca63589d5073c040497f4afd2c2746e4720be\_90_shift_ops_shr_shl_sshl_sshr for cells of type $shr.
Using template $paramod$constmap:586cb701bdbf9cf16b6a426b456e6b3682c970cf$paramod$88eea8db8954ba064a2e8671fc71d372945341cd\_90_shift_ops_shr_shl_sshl_sshr for cells of type $sshr.
Using template $paramod$constmap:586cb701bdbf9cf16b6a426b456e6b3682c970cf$paramod$da1b9d25017ab9fffdd54bedbb1540b15f92e8df\_90_shift_ops_shr_shl_sshl_sshr for cells of type $shl.
Using template $paramod$fbc7873bff55778c0b3173955b7e4bce1d9d6834\_90_alu for cells of type $alu.
Using template $paramod$039520c137afc9cd69dd56c3fb11a4e1fbe5f664\_90_alu for cells of type $alu.
Using extmapper simplemap for cells of type $xor.
Using extmapper simplemap for cells of type $not.
Using extmapper simplemap for cells of type $or.
Using extmapper simplemap for cells of type $and.
Using extmapper simplemap for cells of type $eq.
Using extmapper simplemap for cells of type $pmux.
Using extmapper simplemap for cells of type $logic_not.
Using template $paramod$c6baa65225090ac0a120feab1b920965244aa496\_90_alu for cells of type $alu.
Using template $paramod\_90_fa\WIDTH=32'00000000000000000000000000100000 for cells of type $fa.
Using template $paramod\_90_lcu_brent_kung\WIDTH=32'00000000000000000000000000100000 for cells of type $lcu.
Using extmapper simplemap for cells of type $pos.
Using template $paramod\_90_fa\WIDTH=32'00000000000000000000000001000000 for cells of type $fa.
Using template $paramod\_90_lcu_brent_kung\WIDTH=32'00000000000000000000000001000000 for cells of type $lcu.
Using extmapper simplemap for cells of type $sdffce.
Using extmapper simplemap for cells of type $dffe.
Using extmapper simplemap for cells of type $reduce_and.
Using template $paramod$6a42b6fefed750f8a1c58eab59479d960557103c\_90_alu for cells of type $alu.
Using template $paramod$38ea46ffd892378bfaf8febe0c8ac03b94ee7ee9\_90_alu for cells of type $alu.
Using template $paramod$10ed987432f06055e5279101f9ec60a49861b43c\_90_alu for cells of type $alu.
Using extmapper maccmap for cells of type $macc_v2.
  add \a * \b (64x64 bits, signed)
  add { 1'0 \b } * \a (65x64 bits, signed)
  add \a * \b (64x64 bits, unsigned)
  add \a * \b (64x64 bits, unsigned)
Using extmapper simplemap for cells of type $sdff.
Using extmapper simplemap for cells of type $reduce_bool.
Using extmapper simplemap for cells of type $ne.
Using extmapper simplemap for cells of type $sdffe.
Using extmapper simplemap for cells of type $logic_and.
Using extmapper simplemap for cells of type $logic_or.
Using template $paramod\_90_fa\WIDTH=32'00000000000000000000000010000000 for cells of type $fa.
Using template $paramod$7e7bdf4b0adff8e15b2cb24084cd1b911e7a73b3\_90_alu for cells of type $alu.
Using template $paramod\_90_fa\WIDTH=32'00000000000000000000000000000111 for cells of type $fa.
Using template $paramod\_90_lcu_brent_kung\WIDTH=32'00000000000000000000000000000111 for cells of type $lcu.
Using template $paramod\_90_lcu_brent_kung\WIDTH=32'00000000000000000000000010000000 for cells of type $lcu.
Using template $paramod$ff467a932a72bec5a93c27dba04bf3daba067451\_90_alu for cells of type $alu.
Using template $paramod\_90_fa\WIDTH=32'00000000000000000000000000111110 for cells of type $fa.
Using template $paramod\_90_lcu_brent_kung\WIDTH=32'00000000000000000000000000111110 for cells of type $lcu.
No more expansions possible.
<suppressed ~11711 debug messages>

7.21. Executing OPT pass (performing simple optimizations).

7.21.1. Executing OPT_EXPR pass (perform const folding).
Optimizing module core.
<suppressed ~1610 debug messages>
Optimizing module decode.
<suppressed ~234 debug messages>
Optimizing module regfile.
<suppressed ~128 debug messages>
Optimizing module muldiv.
<suppressed ~77142 debug messages>
Optimizing module alu.
<suppressed ~1251 debug messages>

7.21.2. Executing OPT_MERGE pass (detect identical cells).
Finding identical cells in module `\core'.
Computing hashes of 3142 cells of `\core'.
Finding duplicate cells in `\core'.
Computing hashes of 2904 cells of `\core'.
Finding duplicate cells in `\core'.
Computing hashes of 2839 cells of `\core'.
Finding duplicate cells in `\core'.
Computing hashes of 2801 cells of `\core'.
Finding duplicate cells in `\core'.
Computing hashes of 2798 cells of `\core'.
Finding duplicate cells in `\core'.
Computing hashes of 2797 cells of `\core'.
Finding duplicate cells in `\core'.
<suppressed ~1035 debug messages>
Finding identical cells in module `\decode'.
Computing hashes of 571 cells of `\decode'.
Finding duplicate cells in `\decode'.
Computing hashes of 434 cells of `\decode'.
Finding duplicate cells in `\decode'.
Computing hashes of 392 cells of `\decode'.
Finding duplicate cells in `\decode'.
Computing hashes of 379 cells of `\decode'.
Finding duplicate cells in `\decode'.
<suppressed ~576 debug messages>
Finding identical cells in module `\regfile'.
Computing hashes of 6244 cells of `\regfile'.
Finding duplicate cells in `\regfile'.
Finding identical cells in module `\muldiv'.
Computing hashes of 105364 cells of `\muldiv'.
Finding duplicate cells in `\muldiv'.
Computing hashes of 92777 cells of `\muldiv'.
Finding duplicate cells in `\muldiv'.
Computing hashes of 86644 cells of `\muldiv'.
Finding duplicate cells in `\muldiv'.
Computing hashes of 81513 cells of `\muldiv'.
Finding duplicate cells in `\muldiv'.
Computing hashes of 78801 cells of `\muldiv'.
Finding duplicate cells in `\muldiv'.
Computing hashes of 75504 cells of `\muldiv'.
Finding duplicate cells in `\muldiv'.
Computing hashes of 72239 cells of `\muldiv'.
Finding duplicate cells in `\muldiv'.
Computing hashes of 70442 cells of `\muldiv'.
Finding duplicate cells in `\muldiv'.
Computing hashes of 68376 cells of `\muldiv'.
Finding duplicate cells in `\muldiv'.
Computing hashes of 66485 cells of `\muldiv'.
Finding duplicate cells in `\muldiv'.
Computing hashes of 65381 cells of `\muldiv'.
Finding duplicate cells in `\muldiv'.
Computing hashes of 64204 cells of `\muldiv'.
Finding duplicate cells in `\muldiv'.
Computing hashes of 63075 cells of `\muldiv'.
Finding duplicate cells in `\muldiv'.
Computing hashes of 62353 cells of `\muldiv'.
Finding duplicate cells in `\muldiv'.
Computing hashes of 61674 cells of `\muldiv'.
Finding duplicate cells in `\muldiv'.
Computing hashes of 61026 cells of `\muldiv'.
Finding duplicate cells in `\muldiv'.
Computing hashes of 60565 cells of `\muldiv'.
Finding duplicate cells in `\muldiv'.
Computing hashes of 60100 cells of `\muldiv'.
Finding duplicate cells in `\muldiv'.
Computing hashes of 59736 cells of `\muldiv'.
Finding duplicate cells in `\muldiv'.
Computing hashes of 59490 cells of `\muldiv'.
Finding duplicate cells in `\muldiv'.
Computing hashes of 59289 cells of `\muldiv'.
Finding duplicate cells in `\muldiv'.
Computing hashes of 59142 cells of `\muldiv'.
Finding duplicate cells in `\muldiv'.
Computing hashes of 59071 cells of `\muldiv'.
Finding duplicate cells in `\muldiv'.
Computing hashes of 58967 cells of `\muldiv'.
Finding duplicate cells in `\muldiv'.
Computing hashes of 58862 cells of `\muldiv'.
Finding duplicate cells in `\muldiv'.
Computing hashes of 58798 cells of `\muldiv'.
Finding duplicate cells in `\muldiv'.
Computing hashes of 58696 cells of `\muldiv'.
Finding duplicate cells in `\muldiv'.
Computing hashes of 58598 cells of `\muldiv'.
Finding duplicate cells in `\muldiv'.
Computing hashes of 58547 cells of `\muldiv'.
Finding duplicate cells in `\muldiv'.
Computing hashes of 58440 cells of `\muldiv'.
Finding duplicate cells in `\muldiv'.
Computing hashes of 58397 cells of `\muldiv'.
Finding duplicate cells in `\muldiv'.
Computing hashes of 58366 cells of `\muldiv'.
Finding duplicate cells in `\muldiv'.
Computing hashes of 58344 cells of `\muldiv'.
Finding duplicate cells in `\muldiv'.
Computing hashes of 58325 cells of `\muldiv'.
Finding duplicate cells in `\muldiv'.
Computing hashes of 58312 cells of `\muldiv'.
Finding duplicate cells in `\muldiv'.
Computing hashes of 58300 cells of `\muldiv'.
Finding duplicate cells in `\muldiv'.
Computing hashes of 58287 cells of `\muldiv'.
Finding duplicate cells in `\muldiv'.
Computing hashes of 58277 cells of `\muldiv'.
Finding duplicate cells in `\muldiv'.
Computing hashes of 58264 cells of `\muldiv'.
Finding duplicate cells in `\muldiv'.
Computing hashes of 58251 cells of `\muldiv'.
Finding duplicate cells in `\muldiv'.
Computing hashes of 58236 cells of `\muldiv'.
Finding duplicate cells in `\muldiv'.
Computing hashes of 58222 cells of `\muldiv'.
Finding duplicate cells in `\muldiv'.
Computing hashes of 58211 cells of `\muldiv'.
Finding duplicate cells in `\muldiv'.
Computing hashes of 58200 cells of `\muldiv'.
Finding duplicate cells in `\muldiv'.
Computing hashes of 58195 cells of `\muldiv'.
Finding duplicate cells in `\muldiv'.
Computing hashes of 58190 cells of `\muldiv'.
Finding duplicate cells in `\muldiv'.
Computing hashes of 58189 cells of `\muldiv'.
Finding duplicate cells in `\muldiv'.
Computing hashes of 58188 cells of `\muldiv'.
Finding duplicate cells in `\muldiv'.
<suppressed ~141528 debug messages>
Finding identical cells in module `\alu'.
Computing hashes of 4348 cells of `\alu'.
Finding duplicate cells in `\alu'.
Computing hashes of 3978 cells of `\alu'.
Finding duplicate cells in `\alu'.
Computing hashes of 3907 cells of `\alu'.
Finding duplicate cells in `\alu'.
Computing hashes of 3880 cells of `\alu'.
Finding duplicate cells in `\alu'.
Computing hashes of 3863 cells of `\alu'.
Finding duplicate cells in `\alu'.
Computing hashes of 3862 cells of `\alu'.
Finding duplicate cells in `\alu'.
<suppressed ~1458 debug messages>
Removed a total of 48199 cells.

7.21.3. Executing OPT_DFF pass (perform DFF optimizations).
Adding SRST signal on $auto$ff.cc:337:slice$12765 ($_SDFF_PP0_) from module muldiv (D = $auto$simplemap.cc:189:logic_reduce$14458, Q = \done, rval = 1'0).

7.21.4. Executing OPT_CLEAN pass (remove unused cells and wires).
Finding unused cells or wires in module \core..
Finding unused cells or wires in module \decode..
Finding unused cells or wires in module \regfile..
Finding unused cells or wires in module \muldiv..
Finding unused cells or wires in module \alu..
Removed 1261 unused cells and 7027 unused wires.
<suppressed ~1266 debug messages>

7.21.5. Rerunning OPT passes. (Removed registers in this run.)

7.21.6. Executing OPT_EXPR pass (perform const folding).
Optimizing module core.
Optimizing module decode.
Optimizing module regfile.
Optimizing module muldiv.
Optimizing module alu.

7.21.7. Executing OPT_MERGE pass (detect identical cells).
Finding identical cells in module `\core'.
Computing hashes of 2465 cells of `\core'.
Finding duplicate cells in `\core'.
Finding identical cells in module `\decode'.
Computing hashes of 379 cells of `\decode'.
Finding duplicate cells in `\decode'.
Finding identical cells in module `\regfile'.
Computing hashes of 6242 cells of `\regfile'.
Finding duplicate cells in `\regfile'.
Finding identical cells in module `\muldiv'.
Computing hashes of 57300 cells of `\muldiv'.
Finding duplicate cells in `\muldiv'.
Finding identical cells in module `\alu'.
Computing hashes of 3825 cells of `\alu'.
Finding duplicate cells in `\alu'.
Removed a total of 0 cells.

7.21.8. Executing OPT_DFF pass (perform DFF optimizations).

7.21.9. Executing OPT_CLEAN pass (remove unused cells and wires).
Finding unused cells or wires in module \core..
Finding unused cells or wires in module \decode..
Finding unused cells or wires in module \regfile..
Finding unused cells or wires in module \muldiv..
Finding unused cells or wires in module \alu..

7.21.10. Finished fast OPT passes.

7.22. Executing ABC pass (technology mapping using ABC).

7.22.1. Extracting gate netlist of module `\core' to `<abc-temp-dir>/input.blif'..
Replacing 2 occurrences of constant undef bits with constant zero bits

7.22.1.1. Executed ABC.
Extracted 2397 gates and 2861 wires to a netlist network with 462 inputs and 324 outputs.
Running ABC script: <abc-temp-dir>/abc.script
ABC: UC Berkeley, ABC 1.01 (compiled Sep 12 2026 05:01:00)
ABC: abc 01> empty
ABC: abc 01> source <abc-temp-dir>/abc.script
ABC: + read_blif <abc-temp-dir>/input.blif 
ABC: + read_library <abc-temp-dir>/stdcells.genlib 
ABC: + strash 
ABC: + &get -n 
ABC: + &fraig -x 
ABC: + &put 
ABC: + scorr 
ABC: Warning: The network is combinational (run "fraig" or "fraig_sweep").
ABC: + dc2 
ABC: + dretime 
ABC: + strash 
ABC: + &get -n 
ABC: + &dch -f 
ABC: + &nf 
ABC: + &put 
ABC: + write_blif <abc-temp-dir>/output.blif 
ABC: 
ABC: YOSYS_ABC_DONE 

7.22.1.2. Re-integrating ABC results.
ABC RESULTS:               AND cells:      541
ABC RESULTS:            ANDNOT cells:       26
ABC RESULTS:               MUX cells:      185
ABC RESULTS:              NAND cells:      937
ABC RESULTS:               NOR cells:      130
ABC RESULTS:               NOT cells:        5
ABC RESULTS:                OR cells:      186
ABC RESULTS:             ORNOT cells:      235
ABC RESULTS:              XNOR cells:      144
ABC RESULTS:               XOR cells:      121
ABC RESULTS:        internal signals:     2075
ABC RESULTS:           input signals:      462
ABC RESULTS:          output signals:      324
Removing temp directory.

7.22.2. Extracting gate netlist of module `\decode' to `<abc-temp-dir>/input.blif'..

7.22.2.1. Executed ABC.
Extracted 379 gates and 412 wires to a netlist network with 32 inputs and 50 outputs.
Running ABC script: <abc-temp-dir>/abc.script
ABC: UC Berkeley, ABC 1.01 (compiled Sep 12 2026 05:01:00)
ABC: abc 01> empty
ABC: abc 01> source <abc-temp-dir>/abc.script
ABC: + read_blif <abc-temp-dir>/input.blif 
ABC: + read_library <abc-temp-dir>/stdcells.genlib 
ABC: + strash 
ABC: + &get -n 
ABC: + &fraig -x 
ABC: + &put 
ABC: + scorr 
ABC: Warning: The network is combinational (run "fraig" or "fraig_sweep").
ABC: + dc2 
ABC: + dretime 
ABC: + strash 
ABC: + &get -n 
ABC: + &dch -f 
ABC: + &nf 
ABC: + &put 
ABC: + write_blif <abc-temp-dir>/output.blif 
ABC: 
ABC: YOSYS_ABC_DONE 

7.22.2.2. Re-integrating ABC results.
ABC RESULTS:               AND cells:       34
ABC RESULTS:            ANDNOT cells:       11
ABC RESULTS:               MUX cells:        1
ABC RESULTS:              NAND cells:       80
ABC RESULTS:               NOR cells:        5
ABC RESULTS:               NOT cells:        2
ABC RESULTS:                OR cells:       11
ABC RESULTS:             ORNOT cells:        4
ABC RESULTS:        internal signals:      330
ABC RESULTS:           input signals:       32
ABC RESULTS:          output signals:       50
Removing temp directory.

7.22.3. Extracting gate netlist of module `\regfile' to `<abc-temp-dir>/input.blif'..

7.22.3.1. Executed ABC.
Extracted 4194 gates and 6259 wires to a netlist network with 2064 inputs and 160 outputs.
Running ABC script: <abc-temp-dir>/abc.script
ABC: UC Berkeley, ABC 1.01 (compiled Sep 12 2026 05:01:00)
ABC: abc 01> empty
ABC: abc 01> source <abc-temp-dir>/abc.script
ABC: + read_blif <abc-temp-dir>/input.blif 
ABC: + read_library <abc-temp-dir>/stdcells.genlib 
ABC: + strash 
ABC: + &get -n 
ABC: + &fraig -x 
ABC: + &put 
ABC: + scorr 
ABC: Warning: The network is combinational (run "fraig" or "fraig_sweep").
ABC: + dc2 
ABC: + dretime 
ABC: + strash 
ABC: + &get -n 
ABC: + &dch -f 
ABC: + &nf 
ABC: + &put 
ABC: + write_blif <abc-temp-dir>/output.blif 
ABC: 
ABC: YOSYS_ABC_DONE 

7.22.3.2. Re-integrating ABC results.
ABC RESULTS:               AND cells:     1313
ABC RESULTS:            ANDNOT cells:       13
ABC RESULTS:               MUX cells:     2627
ABC RESULTS:              NAND cells:     1587
ABC RESULTS:               NOR cells:      152
ABC RESULTS:                OR cells:      194
ABC RESULTS:             ORNOT cells:      357
ABC RESULTS:              ZERO cells:        1
ABC RESULTS:        internal signals:     4035
ABC RESULTS:           input signals:     2064
ABC RESULTS:          output signals:      160
Removing temp directory.

7.22.4. Extracting gate netlist of module `\muldiv' to `<abc-temp-dir>/input.blif'..

7.22.4.1. Executed ABC.
Extracted 56964 gates and 57371 wires to a netlist network with 405 inputs and 278 outputs.
Running ABC script: <abc-temp-dir>/abc.script
ABC: UC Berkeley, ABC 1.01 (compiled Sep 12 2026 05:01:00)
ABC: abc 01> empty
ABC: abc 01> source <abc-temp-dir>/abc.script
ABC: + read_blif <abc-temp-dir>/input.blif 
ABC: + read_library <abc-temp-dir>/stdcells.genlib 
ABC: + strash 
ABC: + &get -n 
ABC: + &fraig -x 
ABC: + &put 
ABC: + scorr 
ABC: Warning: The network is combinational (run "fraig" or "fraig_sweep").
ABC: + dc2 
ABC: + dretime 
ABC: + strash 
ABC: + &get -n 
ABC: + &dch -f 
ABC: + &nf 
ABC: + &put 
ABC: + write_blif <abc-temp-dir>/output.blif 
ABC: 
ABC: YOSYS_ABC_DONE 

7.22.4.2. Re-integrating ABC results.
ABC RESULTS:               AND cells:     6022
ABC RESULTS:            ANDNOT cells:      305
ABC RESULTS:               MUX cells:      155
ABC RESULTS:              NAND cells:    28045
ABC RESULTS:               NOR cells:       97
ABC RESULTS:               NOT cells:       23
ABC RESULTS:                OR cells:      912
ABC RESULTS:             ORNOT cells:      650
ABC RESULTS:              XNOR cells:     4405
ABC RESULTS:               XOR cells:    14406
ABC RESULTS:        internal signals:    56688
ABC RESULTS:           input signals:      405
ABC RESULTS:          output signals:      278
Removing temp directory.

7.22.5. Extracting gate netlist of module `\alu' to `<abc-temp-dir>/input.blif'..

7.22.5.1. Executed ABC.
Extracted 3825 gates and 3959 wires to a netlist network with 133 inputs and 64 outputs.
Running ABC script: <abc-temp-dir>/abc.script
ABC: UC Berkeley, ABC 1.01 (compiled Sep 12 2026 05:01:00)
ABC: abc 01> empty
ABC: abc 01> source <abc-temp-dir>/abc.script
ABC: + read_blif <abc-temp-dir>/input.blif 
ABC: + read_library <abc-temp-dir>/stdcells.genlib 
ABC: + strash 
ABC: + &get -n 
ABC: + &fraig -x 
ABC: + &put 
ABC: + scorr 
ABC: Warning: The network is combinational (run "fraig" or "fraig_sweep").
ABC: + dc2 
ABC: + dretime 
ABC: + strash 
ABC: + &get -n 
ABC: + &dch -f 
ABC: + &nf 
ABC: + &put 
ABC: + write_blif <abc-temp-dir>/output.blif 
ABC: 
ABC: YOSYS_ABC_DONE 

7.22.5.2. Re-integrating ABC results.
ABC RESULTS:               AND cells:      771
ABC RESULTS:            ANDNOT cells:       94
ABC RESULTS:               MUX cells:      565
ABC RESULTS:              NAND cells:     1050
ABC RESULTS:               NOR cells:       26
ABC RESULTS:               NOT cells:       37
ABC RESULTS:                OR cells:      317
ABC RESULTS:             ORNOT cells:      251
ABC RESULTS:              XNOR cells:       48
ABC RESULTS:               XOR cells:       68
ABC RESULTS:        internal signals:     3762
ABC RESULTS:           input signals:      133
ABC RESULTS:          output signals:       64
Removing temp directory.
Removing global temp directory.

7.23. Executing OPT pass (performing simple optimizations).

7.23.1. Executing OPT_EXPR pass (perform const folding).
Optimizing module core.
<suppressed ~8 debug messages>
Optimizing module decode.
Optimizing module regfile.
Optimizing module muldiv.
Optimizing module alu.
<suppressed ~77 debug messages>

7.23.2. Executing OPT_MERGE pass (detect identical cells).
Finding identical cells in module `\core'.
Computing hashes of 2578 cells of `\core'.
Finding duplicate cells in `\core'.
Finding identical cells in module `\decode'.
Computing hashes of 148 cells of `\decode'.
Finding duplicate cells in `\decode'.
Finding identical cells in module `\regfile'.
Computing hashes of 8291 cells of `\regfile'.
Finding duplicate cells in `\regfile'.
Finding identical cells in module `\muldiv'.
Computing hashes of 55356 cells of `\muldiv'.
Finding duplicate cells in `\muldiv'.
Computing hashes of 55355 cells of `\muldiv'.
Finding duplicate cells in `\muldiv'.
<suppressed ~3 debug messages>
Finding identical cells in module `\alu'.
Computing hashes of 3227 cells of `\alu'.
Finding duplicate cells in `\alu'.
Removed a total of 1 cells.

7.23.3. Executing OPT_DFF pass (perform DFF optimizations).
Handling never-active EN on $auto$ff.cc:337:slice$198126 ($_DFFE_PP_) from module regfile (removing D path).
Handling never-active EN on $auto$ff.cc:337:slice$198063 ($_DFFE_PP_) from module regfile (removing D path).
Handling never-active EN on $auto$ff.cc:337:slice$198064 ($_DFFE_PP_) from module regfile (removing D path).
Handling never-active EN on $auto$ff.cc:337:slice$198065 ($_DFFE_PP_) from module regfile (removing D path).
Handling never-active EN on $auto$ff.cc:337:slice$198066 ($_DFFE_PP_) from module regfile (removing D path).
Handling never-active EN on $auto$ff.cc:337:slice$198067 ($_DFFE_PP_) from module regfile (removing D path).
Handling never-active EN on $auto$ff.cc:337:slice$198068 ($_DFFE_PP_) from module regfile (removing D path).
Handling never-active EN on $auto$ff.cc:337:slice$198069 ($_DFFE_PP_) from module regfile (removing D path).
Handling never-active EN on $auto$ff.cc:337:slice$198070 ($_DFFE_PP_) from module regfile (removing D path).
Handling never-active EN on $auto$ff.cc:337:slice$198071 ($_DFFE_PP_) from module regfile (removing D path).
Handling never-active EN on $auto$ff.cc:337:slice$198072 ($_DFFE_PP_) from module regfile (removing D path).
Handling never-active EN on $auto$ff.cc:337:slice$198073 ($_DFFE_PP_) from module regfile (removing D path).
Handling never-active EN on $auto$ff.cc:337:slice$198074 ($_DFFE_PP_) from module regfile (removing D path).
Handling never-active EN on $auto$ff.cc:337:slice$198075 ($_DFFE_PP_) from module regfile (removing D path).
Handling never-active EN on $auto$ff.cc:337:slice$198076 ($_DFFE_PP_) from module regfile (removing D path).
Handling never-active EN on $auto$ff.cc:337:slice$198077 ($_DFFE_PP_) from module regfile (removing D path).
Handling never-active EN on $auto$ff.cc:337:slice$198078 ($_DFFE_PP_) from module regfile (removing D path).
Handling never-active EN on $auto$ff.cc:337:slice$198079 ($_DFFE_PP_) from module regfile (removing D path).
Handling never-active EN on $auto$ff.cc:337:slice$198080 ($_DFFE_PP_) from module regfile (removing D path).
Handling never-active EN on $auto$ff.cc:337:slice$198081 ($_DFFE_PP_) from module regfile (removing D path).
Handling never-active EN on $auto$ff.cc:337:slice$198082 ($_DFFE_PP_) from module regfile (removing D path).
Handling never-active EN on $auto$ff.cc:337:slice$198083 ($_DFFE_PP_) from module regfile (removing D path).
Handling never-active EN on $auto$ff.cc:337:slice$198084 ($_DFFE_PP_) from module regfile (removing D path).
Handling never-active EN on $auto$ff.cc:337:slice$198085 ($_DFFE_PP_) from module regfile (removing D path).
Handling never-active EN on $auto$ff.cc:337:slice$198086 ($_DFFE_PP_) from module regfile (removing D path).
Handling never-active EN on $auto$ff.cc:337:slice$198087 ($_DFFE_PP_) from module regfile (removing D path).
Handling never-active EN on $auto$ff.cc:337:slice$198088 ($_DFFE_PP_) from module regfile (removing D path).
Handling never-active EN on $auto$ff.cc:337:slice$198089 ($_DFFE_PP_) from module regfile (removing D path).
Handling never-active EN on $auto$ff.cc:337:slice$198090 ($_DFFE_PP_) from module regfile (removing D path).
Handling never-active EN on $auto$ff.cc:337:slice$198091 ($_DFFE_PP_) from module regfile (removing D path).
Handling never-active EN on $auto$ff.cc:337:slice$198092 ($_DFFE_PP_) from module regfile (removing D path).
Handling never-active EN on $auto$ff.cc:337:slice$198093 ($_DFFE_PP_) from module regfile (removing D path).
Handling never-active EN on $auto$ff.cc:337:slice$198094 ($_DFFE_PP_) from module regfile (removing D path).
Handling never-active EN on $auto$ff.cc:337:slice$198095 ($_DFFE_PP_) from module regfile (removing D path).
Handling never-active EN on $auto$ff.cc:337:slice$198096 ($_DFFE_PP_) from module regfile (removing D path).
Handling never-active EN on $auto$ff.cc:337:slice$198097 ($_DFFE_PP_) from module regfile (removing D path).
Handling never-active EN on $auto$ff.cc:337:slice$198098 ($_DFFE_PP_) from module regfile (removing D path).
Handling never-active EN on $auto$ff.cc:337:slice$198099 ($_DFFE_PP_) from module regfile (removing D path).
Handling never-active EN on $auto$ff.cc:337:slice$198100 ($_DFFE_PP_) from module regfile (removing D path).
Handling never-active EN on $auto$ff.cc:337:slice$198101 ($_DFFE_PP_) from module regfile (removing D path).
Handling never-active EN on $auto$ff.cc:337:slice$198102 ($_DFFE_PP_) from module regfile (removing D path).
Handling never-active EN on $auto$ff.cc:337:slice$198103 ($_DFFE_PP_) from module regfile (removing D path).
Handling never-active EN on $auto$ff.cc:337:slice$198104 ($_DFFE_PP_) from module regfile (removing D path).
Handling never-active EN on $auto$ff.cc:337:slice$198105 ($_DFFE_PP_) from module regfile (removing D path).
Handling never-active EN on $auto$ff.cc:337:slice$198106 ($_DFFE_PP_) from module regfile (removing D path).
Handling never-active EN on $auto$ff.cc:337:slice$198107 ($_DFFE_PP_) from module regfile (removing D path).
Handling never-active EN on $auto$ff.cc:337:slice$198108 ($_DFFE_PP_) from module regfile (removing D path).
Handling never-active EN on $auto$ff.cc:337:slice$198109 ($_DFFE_PP_) from module regfile (removing D path).
Handling never-active EN on $auto$ff.cc:337:slice$198110 ($_DFFE_PP_) from module regfile (removing D path).
Handling never-active EN on $auto$ff.cc:337:slice$198111 ($_DFFE_PP_) from module regfile (removing D path).
Handling never-active EN on $auto$ff.cc:337:slice$198112 ($_DFFE_PP_) from module regfile (removing D path).
Handling never-active EN on $auto$ff.cc:337:slice$198113 ($_DFFE_PP_) from module regfile (removing D path).
Handling never-active EN on $auto$ff.cc:337:slice$198114 ($_DFFE_PP_) from module regfile (removing D path).
Handling never-active EN on $auto$ff.cc:337:slice$198115 ($_DFFE_PP_) from module regfile (removing D path).
Handling never-active EN on $auto$ff.cc:337:slice$198116 ($_DFFE_PP_) from module regfile (removing D path).
Handling never-active EN on $auto$ff.cc:337:slice$198117 ($_DFFE_PP_) from module regfile (removing D path).
Handling never-active EN on $auto$ff.cc:337:slice$198118 ($_DFFE_PP_) from module regfile (removing D path).
Handling never-active EN on $auto$ff.cc:337:slice$198119 ($_DFFE_PP_) from module regfile (removing D path).
Handling never-active EN on $auto$ff.cc:337:slice$198120 ($_DFFE_PP_) from module regfile (removing D path).
Handling never-active EN on $auto$ff.cc:337:slice$198121 ($_DFFE_PP_) from module regfile (removing D path).
Handling never-active EN on $auto$ff.cc:337:slice$198122 ($_DFFE_PP_) from module regfile (removing D path).
Handling never-active EN on $auto$ff.cc:337:slice$198123 ($_DFFE_PP_) from module regfile (removing D path).
Handling never-active EN on $auto$ff.cc:337:slice$198124 ($_DFFE_PP_) from module regfile (removing D path).
Handling never-active EN on $auto$ff.cc:337:slice$198125 ($_DFFE_PP_) from module regfile (removing D path).

7.23.4. Executing OPT_CLEAN pass (remove unused cells and wires).
Finding unused cells or wires in module \core..
Finding unused cells or wires in module \decode..
Finding unused cells or wires in module \regfile..
Finding unused cells or wires in module \muldiv..
Finding unused cells or wires in module \alu..
Removed 0 unused cells and 9488 unused wires.
<suppressed ~13 debug messages>

7.23.5. Rerunning OPT passes. (Removed registers in this run.)

7.23.6. Executing OPT_EXPR pass (perform const folding).
Optimizing module core.
Optimizing module decode.
Optimizing module regfile.
Optimizing module muldiv.
Optimizing module alu.

7.23.7. Executing OPT_MERGE pass (detect identical cells).
Finding identical cells in module `\core'.
Computing hashes of 2578 cells of `\core'.
Finding duplicate cells in `\core'.
Finding identical cells in module `\decode'.
Computing hashes of 148 cells of `\decode'.
Finding duplicate cells in `\decode'.
Finding identical cells in module `\regfile'.
Computing hashes of 8227 cells of `\regfile'.
Finding duplicate cells in `\regfile'.
Finding identical cells in module `\muldiv'.
Computing hashes of 55355 cells of `\muldiv'.
Finding duplicate cells in `\muldiv'.
Finding identical cells in module `\alu'.
Computing hashes of 3227 cells of `\alu'.
Finding duplicate cells in `\alu'.
Removed a total of 0 cells.

7.23.8. Executing OPT_DFF pass (perform DFF optimizations).

7.23.9. Executing OPT_CLEAN pass (remove unused cells and wires).
Finding unused cells or wires in module \core..
Finding unused cells or wires in module \decode..
Finding unused cells or wires in module \regfile..
Finding unused cells or wires in module \muldiv..
Finding unused cells or wires in module \alu..

7.23.10. Finished fast OPT passes.

7.24. Executing HIERARCHY pass (managing design hierarchy).
Attribute `top' found on module `core'. Setting top module to core.

7.24.1. Analyzing design hierarchy..
Top module:  \core
Used module:     \regfile
Used module:     \muldiv
Used module:     \alu
Used module:     \decode

7.24.2. Analyzing design hierarchy..
Top module:  \core
Used module:     \regfile
Used module:     \muldiv
Used module:     \alu
Used module:     \decode
Removed 0 unused modules.

7.25. Printing statistics.

=== core ===

        +----------Local Count, excluding submodules.
        | 
     2230 wires
     3227 wire bits
       41 public wires
      975 public wire bits
        9 ports
      294 port bits
     2574 cells
       26   $_ANDNOT_
      541   $_AND_
      185   $_MUX_
      937   $_NAND_
      130   $_NOR_
        5   $_NOT_
      235   $_ORNOT_
      186   $_OR_
       62   $_SDFFE_PP0N_
        2   $_SDFFE_PP0P_
      144   $_XNOR_
      121   $_XOR_
        4 submodules
        1   alu
        1   decode
        1   muldiv
        1   regfile

=== decode ===

        +----------Local Count, excluding submodules.
        | 
      125 wires
      559 wire bits
       27 public wires
      461 public wire bits
       19 ports
      132 port bits
      148 cells
       11   $_ANDNOT_
       34   $_AND_
        1   $_MUX_
       80   $_NAND_
        5   $_NOR_
        2   $_NOT_
        4   $_ORNOT_
       11   $_OR_

=== regfile ===

        +----------Local Count, excluding submodules.
        | 
     6155 wires
     8372 wire bits
       40 public wires
     2257 public wire bits
        8 ports
      209 port bits
     8227 cells
       13   $_ANDNOT_
     1313   $_AND_
     1984   $_DFFE_PP_
     2627   $_MUX_
     1587   $_NAND_
      152   $_NOR_
      357   $_ORNOT_
      194   $_OR_

=== muldiv ===

        +----------Local Count, excluding submodules.
        | 
    55014 wires
    56292 wire bits
       32 public wires
     1241 public wire bits
       10 ports
      201 port bits
    55355 cells
      305   $_ANDNOT_
     6022   $_AND_
      166   $_DFFE_PP_
      155   $_MUX_
    28044   $_NAND_
       97   $_NOR_
       23   $_NOT_
      650   $_ORNOT_
      912   $_OR_
       70   $_SDFFCE_PN0P_
        1   $_SDFFCE_PN1P_
       32   $_SDFFCE_PP0P_
       66   $_SDFFE_PP0P_
        1   $_SDFF_PP0_
     4405   $_XNOR_
    14406   $_XOR_

=== alu ===

        +----------Local Count, excluding submodules.
        | 
     3168 wires
     3360 wire bits
        5 public wires
      197 public wire bits
        5 ports
      197 port bits
     3227 cells
       94   $_ANDNOT_
      771   $_AND_
      565   $_MUX_
     1050   $_NAND_
       26   $_NOR_
       37   $_NOT_
      251   $_ORNOT_
      317   $_OR_
       48   $_XNOR_
       68   $_XOR_

=== design hierarchy ===

        +----------Count including submodules.
        | 
    69531 core
     3227 alu
      148 decode
    55355 muldiv
     8227 regfile

        +----------Count including submodules.
        | 
    66692 wires
    71810 wire bits
      145 public wires
     5131 public wire bits
       51 ports
     1033 port bits
        - memories
        - memory bits
        - processes
    69531 cells
      449   $_ANDNOT_
     8681   $_AND_
     2150   $_DFFE_PP_
     3533   $_MUX_
    31698   $_NAND_
      410   $_NOR_
       67   $_NOT_
     1497   $_ORNOT_
     1620   $_OR_
       70   $_SDFFCE_PN0P_
        1   $_SDFFCE_PN1P_
       32   $_SDFFCE_PP0P_
       62   $_SDFFE_PP0N_
       68   $_SDFFE_PP0P_
        1   $_SDFF_PP0_
     4597   $_XNOR_
    14595   $_XOR_
        4 submodules
        1   alu
        1   decode
        1   muldiv
        1   regfile

7.26. Executing CHECK pass (checking for obvious problems).
Checking module core...
Checking module decode...
Checking module regfile...
Checking module muldiv...
Checking module alu...
Found and reported 0 problems.

8. Executing DFFLIBMAP pass (mapping DFF/DLATCH cells to sequential cells from liberty file).
  cell sg13g2_dfrbpq_1 (noninv, pins=4, area=48.99) is a direct match for cell type $_DFF_PN0_.
  cell sg13g2_dlhq_1 (noninv, pins=3, area=30.84) is a direct match for cell type $_DLATCH_P_.
  cell sg13g2_dllrq_1 (noninv, pins=4, area=29.03) is a direct match for cell type $_DLATCH_NN0_.
  cell sg13g2_dlhrq_1 (noninv, pins=4, area=27.22) is a direct match for cell type $_DLATCH_PN0_.
  final dff/dlatch cell mappings:
    unmapped dff/dlatch cell: $_DFF_N_
    unmapped dff/dlatch cell: $_DFF_P_
    unmapped dff/dlatch cell: $_DFF_NN0_
    unmapped dff/dlatch cell: $_DFF_NN1_
    unmapped dff/dlatch cell: $_DFF_NP0_
    unmapped dff/dlatch cell: $_DFF_NP1_
    \sg13g2_dfrbpq_1 _DFF_PN0_ (.CLK( C), .D( D), .Q( Q), .RESET_B( R));
    unmapped dff/dlatch cell: $_DFF_PN1_
    unmapped dff/dlatch cell: $_DFF_PP0_
    unmapped dff/dlatch cell: $_DFF_PP1_
    unmapped dff/dlatch cell: $_DFFE_NN_
    unmapped dff/dlatch cell: $_DFFE_NP_
    unmapped dff/dlatch cell: $_DFFE_PN_
    unmapped dff/dlatch cell: $_DFFE_PP_
    unmapped dff/dlatch cell: $_DFFSR_NNN_
    unmapped dff/dlatch cell: $_DFFSR_NNP_
    unmapped dff/dlatch cell: $_DFFSR_NPN_
    unmapped dff/dlatch cell: $_DFFSR_NPP_
    unmapped dff/dlatch cell: $_DFFSR_PNN_
    unmapped dff/dlatch cell: $_DFFSR_PNP_
    unmapped dff/dlatch cell: $_DFFSR_PPN_
    unmapped dff/dlatch cell: $_DFFSR_PPP_
    unmapped dff/dlatch cell: $_DLATCH_N_
    \sg13g2_dlhq_1 _DLATCH_P_ (.D( D), .GATE( E), .Q( Q));
    \sg13g2_dllrq_1 _DLATCH_NN0_ (.D( D), .GATE_N( E), .Q( Q), .RESET_B( R));
    unmapped dff/dlatch cell: $_DLATCH_NN1_
    unmapped dff/dlatch cell: $_DLATCH_NP0_
    unmapped dff/dlatch cell: $_DLATCH_NP1_
    \sg13g2_dlhrq_1 _DLATCH_PN0_ (.D( D), .GATE( E), .Q( Q), .RESET_B( R));
    unmapped dff/dlatch cell: $_DLATCH_PN1_
    unmapped dff/dlatch cell: $_DLATCH_PP0_
    unmapped dff/dlatch cell: $_DLATCH_PP1_
    unmapped dff/dlatch cell: $_DLATCHSR_NNN_
    unmapped dff/dlatch cell: $_DLATCHSR_NNP_
    unmapped dff/dlatch cell: $_DLATCHSR_NPN_
    unmapped dff/dlatch cell: $_DLATCHSR_NPP_
    unmapped dff/dlatch cell: $_DLATCHSR_PNN_
    unmapped dff/dlatch cell: $_DLATCHSR_PNP_
    unmapped dff/dlatch cell: $_DLATCHSR_PPN_
    unmapped dff/dlatch cell: $_DLATCHSR_PPP_

8.1. Executing DFFLEGALIZE pass (convert FFs and LATCHes to types supported by the target).
<suppressed ~4 debug messages>
Mapping DFF/DLATCH cells in module `\core':
  mapped 64 $_DFF_PN0_ cells to \sg13g2_dfrbpq_1 cells.
Mapping DFF/DLATCH cells in module `\decode':
Mapping DFF/DLATCH cells in module `\regfile':
  mapped 1984 $_DFF_PN0_ cells to \sg13g2_dfrbpq_1 cells.
Mapping DFF/DLATCH cells in module `\muldiv':
  mapped 336 $_DFF_PN0_ cells to \sg13g2_dfrbpq_1 cells.
Mapping DFF/DLATCH cells in module `\alu':

9. Executing ABC pass (technology mapping using ABC).

9.1. Extracting gate netlist of module `\core' to `<abc-temp-dir>/input.blif'..
ABC: using cached merged SCL: /tmp/yosys-liberty-scl-cache-1000/yosys_merged_0a0e92c0.scl (1 files)

9.1.1. Executed ABC.
Extracted 2638 gates and 3102 wires to a netlist network with 463 inputs and 322 outputs.
Running ABC script: <abc-temp-dir>/abc.script
ABC: UC Berkeley, ABC 1.01 (compiled Sep 12 2026 05:01:00)
ABC: abc 01> empty
ABC: abc 01> source <abc-temp-dir>/abc.script
ABC: + read_blif <abc-temp-dir>/input.blif 
ABC: + read_scl /tmp/yosys-liberty-scl-cache-1000/yosys_merged_0a0e92c0.scl 
ABC: + strash 
ABC: + &get -n 
ABC: + &fraig -x 
ABC: + &put 
ABC: + scorr 
ABC: Warning: The network is combinational (run "fraig" or "fraig_sweep").
ABC: + dc2 
ABC: + dretime 
ABC: + strash 
ABC: + &get -n 
ABC: + &dch -f 
ABC: + &nf 
ABC: + &put 
ABC: + write_blif <abc-temp-dir>/output.blif 
ABC: 
ABC: YOSYS_ABC_DONE 

9.1.2. Re-integrating ABC results.
ABC RESULTS:     sg13g2_a21o_1 cells:       49
ABC RESULTS:    sg13g2_a21oi_1 cells:      298
ABC RESULTS:   sg13g2_a221oi_1 cells:       78
ABC RESULTS:    sg13g2_a22oi_1 cells:      109
ABC RESULTS:     sg13g2_and2_1 cells:       62
ABC RESULTS:     sg13g2_and3_1 cells:        3
ABC RESULTS:     sg13g2_and4_1 cells:        1
ABC RESULTS:      sg13g2_inv_1 cells:       94
ABC RESULTS:     sg13g2_mux2_1 cells:       57
ABC RESULTS:    sg13g2_nand2_1 cells:      336
ABC RESULTS:   sg13g2_nand2b_1 cells:      113
ABC RESULTS:    sg13g2_nand3_1 cells:       98
ABC RESULTS:   sg13g2_nand3b_1 cells:        8
ABC RESULTS:    sg13g2_nand4_1 cells:       24
ABC RESULTS:     sg13g2_nor2_1 cells:      150
ABC RESULTS:    sg13g2_nor2b_1 cells:       37
ABC RESULTS:     sg13g2_nor3_1 cells:       41
ABC RESULTS:     sg13g2_nor4_1 cells:        5
ABC RESULTS:    sg13g2_o21ai_1 cells:      211
ABC RESULTS:      sg13g2_or2_1 cells:       69
ABC RESULTS:      sg13g2_or3_1 cells:        3
ABC RESULTS:    sg13g2_xnor2_1 cells:      129
ABC RESULTS:     sg13g2_xor2_1 cells:       80
ABC RESULTS:        internal signals:     2317
ABC RESULTS:           input signals:      463
ABC RESULTS:          output signals:      322
Removing temp directory.

9.2. Extracting gate netlist of module `\decode' to `<abc-temp-dir>/input.blif'..
ABC: using cached merged SCL: /tmp/yosys-liberty-scl-cache-1000/yosys_merged_0a0e92c0.scl (1 files)

9.2.1. Executed ABC.
Extracted 148 gates and 180 wires to a netlist network with 32 inputs and 50 outputs.
Running ABC script: <abc-temp-dir>/abc.script
ABC: UC Berkeley, ABC 1.01 (compiled Sep 12 2026 05:01:00)
ABC: abc 01> empty
ABC: abc 01> source <abc-temp-dir>/abc.script
ABC: + read_blif <abc-temp-dir>/input.blif 
ABC: + read_scl /tmp/yosys-liberty-scl-cache-1000/yosys_merged_0a0e92c0.scl 
ABC: + strash 
ABC: + &get -n 
ABC: + &fraig -x 
ABC: + &put 
ABC: + scorr 
ABC: Warning: The network is combinational (run "fraig" or "fraig_sweep").
ABC: + dc2 
ABC: + dretime 
ABC: + strash 
ABC: + &get -n 
ABC: + &dch -f 
ABC: + &nf 
ABC: + &put 
ABC: + write_blif <abc-temp-dir>/output.blif 
ABC: 
ABC: YOSYS_ABC_DONE 

9.2.2. Re-integrating ABC results.
ABC RESULTS:     sg13g2_a21o_1 cells:       22
ABC RESULTS:    sg13g2_a21oi_1 cells:        3
ABC RESULTS:    sg13g2_a22oi_1 cells:        6
ABC RESULTS:     sg13g2_and2_1 cells:       12
ABC RESULTS:     sg13g2_and3_1 cells:        1
ABC RESULTS:      sg13g2_inv_1 cells:       10
ABC RESULTS:    sg13g2_nand2_1 cells:        3
ABC RESULTS:   sg13g2_nand2b_1 cells:        5
ABC RESULTS:    sg13g2_nand3_1 cells:        1
ABC RESULTS:   sg13g2_nand3b_1 cells:        2
ABC RESULTS:    sg13g2_nand4_1 cells:        2
ABC RESULTS:     sg13g2_nor2_1 cells:        5
ABC RESULTS:    sg13g2_nor2b_1 cells:        3
ABC RESULTS:     sg13g2_nor3_1 cells:        5
ABC RESULTS:     sg13g2_nor4_1 cells:        4
ABC RESULTS:    sg13g2_o21ai_1 cells:        5
ABC RESULTS:      sg13g2_or2_1 cells:        3
ABC RESULTS:      sg13g2_or3_1 cells:        4
ABC RESULTS:      sg13g2_or4_1 cells:        1
ABC RESULTS:     sg13g2_xor2_1 cells:        1
ABC RESULTS:        internal signals:       98
ABC RESULTS:           input signals:       32
ABC RESULTS:          output signals:       50
Removing temp directory.

9.3. Extracting gate netlist of module `\regfile' to `<abc-temp-dir>/input.blif'..
ABC: using cached merged SCL: /tmp/yosys-liberty-scl-cache-1000/yosys_merged_0a0e92c0.scl (1 files)
Replacing 128 occurrences of constant undef bits with constant zero bits

9.3.1. Executed ABC.
Extracted 8227 gates and 10292 wires to a netlist network with 2064 inputs and 2112 outputs.
Running ABC script: <abc-temp-dir>/abc.script
ABC: UC Berkeley, ABC 1.01 (compiled Sep 12 2026 05:01:00)
ABC: abc 01> empty
ABC: abc 01> source <abc-temp-dir>/abc.script
ABC: + read_blif <abc-temp-dir>/input.blif 
ABC: + read_scl /tmp/yosys-liberty-scl-cache-1000/yosys_merged_0a0e92c0.scl 
ABC: + strash 
ABC: + &get -n 
ABC: + &fraig -x 
ABC: + &put 
ABC: + scorr 
ABC: Warning: The network is combinational (run "fraig" or "fraig_sweep").
ABC: + dc2 
ABC: + dretime 
ABC: + strash 
ABC: + &get -n 
ABC: + &dch -f 
ABC: + &nf 
ABC: + &put 
ABC: + write_blif <abc-temp-dir>/output.blif 
ABC: 
ABC: YOSYS_ABC_DONE 

9.3.2. Re-integrating ABC results.
ABC RESULTS:     sg13g2_a21o_1 cells:        7
ABC RESULTS:    sg13g2_a21oi_1 cells:      231
ABC RESULTS:   sg13g2_a221oi_1 cells:      266
ABC RESULTS:    sg13g2_a22oi_1 cells:      358
ABC RESULTS:     sg13g2_and2_1 cells:       12
ABC RESULTS:     sg13g2_and3_1 cells:        1
ABC RESULTS:      sg13g2_inv_1 cells:        3
ABC RESULTS:     sg13g2_mux2_1 cells:     2123
ABC RESULTS:     sg13g2_mux4_1 cells:      772
ABC RESULTS:    sg13g2_nand2_1 cells:       20
ABC RESULTS:   sg13g2_nand2b_1 cells:       37
ABC RESULTS:    sg13g2_nand3_1 cells:        5
ABC RESULTS:   sg13g2_nand3b_1 cells:        2
ABC RESULTS:    sg13g2_nand4_1 cells:        1
ABC RESULTS:     sg13g2_nor2_1 cells:       43
ABC RESULTS:    sg13g2_nor2b_1 cells:      199
ABC RESULTS:     sg13g2_nor3_1 cells:        5
ABC RESULTS:    sg13g2_o21ai_1 cells:      256
ABC RESULTS:      sg13g2_or2_1 cells:       12
ABC RESULTS:      sg13g2_or3_1 cells:        1
ABC RESULTS:        internal signals:     6116
ABC RESULTS:           input signals:     2064
ABC RESULTS:          output signals:     2112
Removing temp directory.

9.4. Extracting gate netlist of module `\muldiv' to `<abc-temp-dir>/input.blif'..
ABC: using cached merged SCL: /tmp/yosys-liberty-scl-cache-1000/yosys_merged_0a0e92c0.scl (1 files)

9.4.1. Executed ABC.
Extracted 55524 gates and 55995 wires to a netlist network with 469 inputs and 337 outputs.
Running ABC script: <abc-temp-dir>/abc.script
ABC: UC Berkeley, ABC 1.01 (compiled Sep 12 2026 05:01:00)
ABC: abc 01> empty
ABC: abc 01> source <abc-temp-dir>/abc.script
ABC: + read_blif <abc-temp-dir>/input.blif 
ABC: + read_scl /tmp/yosys-liberty-scl-cache-1000/yosys_merged_0a0e92c0.scl 
ABC: + strash 
ABC: + &get -n 
ABC: + &fraig -x 
ABC: + &put 
ABC: + scorr 
ABC: Warning: The network is combinational (run "fraig" or "fraig_sweep").
ABC: + dc2 
ABC: + dretime 
ABC: + strash 
ABC: + &get -n 
ABC: + &dch -f 
ABC: + &nf 
ABC: + &put 
ABC: + write_blif <abc-temp-dir>/output.blif 
ABC: 
ABC: YOSYS_ABC_DONE 

9.4.2. Re-integrating ABC results.
ABC RESULTS:     sg13g2_a21o_1 cells:     2127
ABC RESULTS:    sg13g2_a21oi_1 cells:     2936
ABC RESULTS:   sg13g2_a221oi_1 cells:       98
ABC RESULTS:    sg13g2_a22oi_1 cells:      935
ABC RESULTS:     sg13g2_and2_1 cells:     1800
ABC RESULTS:     sg13g2_and3_1 cells:      330
ABC RESULTS:     sg13g2_and4_1 cells:       73
ABC RESULTS:      sg13g2_inv_1 cells:     1146
ABC RESULTS:     sg13g2_mux2_1 cells:       38
ABC RESULTS:    sg13g2_nand2_1 cells:     6497
ABC RESULTS:   sg13g2_nand2b_1 cells:     3890
ABC RESULTS:    sg13g2_nand3_1 cells:     2030
ABC RESULTS:   sg13g2_nand3b_1 cells:       31
ABC RESULTS:    sg13g2_nand4_1 cells:       84
ABC RESULTS:     sg13g2_nor2_1 cells:     2996
ABC RESULTS:    sg13g2_nor2b_1 cells:     2108
ABC RESULTS:     sg13g2_nor3_1 cells:     1827
ABC RESULTS:     sg13g2_nor4_1 cells:       16
ABC RESULTS:    sg13g2_o21ai_1 cells:     4587
ABC RESULTS:      sg13g2_or2_1 cells:      926
ABC RESULTS:      sg13g2_or3_1 cells:     1117
ABC RESULTS:      sg13g2_or4_1 cells:       11
ABC RESULTS:    sg13g2_xnor2_1 cells:     8638
ABC RESULTS:     sg13g2_xor2_1 cells:     5135
ABC RESULTS:        internal signals:    55189
ABC RESULTS:           input signals:      469
ABC RESULTS:          output signals:      337
Removing temp directory.

9.5. Extracting gate netlist of module `\alu' to `<abc-temp-dir>/input.blif'..
ABC: using cached merged SCL: /tmp/yosys-liberty-scl-cache-1000/yosys_merged_0a0e92c0.scl (1 files)

9.5.1. Executed ABC.
Extracted 3227 gates and 3360 wires to a netlist network with 133 inputs and 64 outputs.
Running ABC script: <abc-temp-dir>/abc.script
ABC: UC Berkeley, ABC 1.01 (compiled Sep 12 2026 05:01:00)
ABC: abc 01> empty
ABC: abc 01> source <abc-temp-dir>/abc.script
ABC: + read_blif <abc-temp-dir>/input.blif 
ABC: + read_scl /tmp/yosys-liberty-scl-cache-1000/yosys_merged_0a0e92c0.scl 
ABC: + strash 
ABC: + &get -n 
ABC: + &fraig -x 
ABC: + &put 
ABC: + scorr 
ABC: Warning: The network is combinational (run "fraig" or "fraig_sweep").
ABC: + dc2 
ABC: + dretime 
ABC: + strash 
ABC: + &get -n 
ABC: + &dch -f 
ABC: + &nf 
ABC: + &put 
ABC: + write_blif <abc-temp-dir>/output.blif 
ABC: 
ABC: YOSYS_ABC_DONE 

9.5.2. Re-integrating ABC results.
ABC RESULTS:     sg13g2_a21o_1 cells:       52
ABC RESULTS:    sg13g2_a21oi_1 cells:      337
ABC RESULTS:   sg13g2_a221oi_1 cells:      110
ABC RESULTS:    sg13g2_a22oi_1 cells:      107
ABC RESULTS:     sg13g2_and2_1 cells:      104
ABC RESULTS:     sg13g2_and3_1 cells:        9
ABC RESULTS:     sg13g2_and4_1 cells:        1
ABC RESULTS:      sg13g2_inv_1 cells:       71
ABC RESULTS:     sg13g2_mux2_1 cells:       87
ABC RESULTS:     sg13g2_mux4_1 cells:       27
ABC RESULTS:    sg13g2_nand2_1 cells:      371
ABC RESULTS:   sg13g2_nand2b_1 cells:       73
ABC RESULTS:    sg13g2_nand3_1 cells:       92
ABC RESULTS:   sg13g2_nand3b_1 cells:        7
ABC RESULTS:    sg13g2_nand4_1 cells:       11
ABC RESULTS:     sg13g2_nor2_1 cells:      309
ABC RESULTS:    sg13g2_nor2b_1 cells:       59
ABC RESULTS:     sg13g2_nor3_1 cells:       60
ABC RESULTS:     sg13g2_nor4_1 cells:       14
ABC RESULTS:    sg13g2_o21ai_1 cells:      462
ABC RESULTS:      sg13g2_or2_1 cells:       64
ABC RESULTS:      sg13g2_or3_1 cells:        7
ABC RESULTS:      sg13g2_or4_1 cells:        4
ABC RESULTS:    sg13g2_xnor2_1 cells:       53
ABC RESULTS:     sg13g2_xor2_1 cells:       23
ABC RESULTS:        internal signals:     3163
ABC RESULTS:           input signals:      133
ABC RESULTS:          output signals:       64
Removing temp directory.
Removing global temp directory.

10. Executing OPT_CLEAN pass (remove unused cells and wires).
Finding unused cells or wires in module \core..
Finding unused cells or wires in module \decode..
Finding unused cells or wires in module \regfile..
Finding unused cells or wires in module \muldiv..
Finding unused cells or wires in module \alu..
Removed 0 unused cells and 72826 unused wires.
<suppressed ~5 debug messages>

11. Printing statistics.

=== core ===

        +----------Local Count, excluding submodules.
        |        +-Local Area, excluding submodules.
        |        | 
     1838        - wires
     2772        - wire bits
       41        - public wires
      975        - public wire bits
        9        - ports
      294        - port bits
     2119 2.31E+04 cells
       49  622.339   sg13g2_a21o_1
      298  2.7E+03   sg13g2_a21oi_1
       78 1.13E+03   sg13g2_a221oi_1
      109 1.18E+03   sg13g2_a22oi_1
       62  562.464   sg13g2_and2_1
        3   38.102   sg13g2_and3_1
        1   14.515   sg13g2_and4_1
       64 3.14E+03   sg13g2_dfrbpq_1
       94  511.661   sg13g2_inv_1
       57 1.03E+03   sg13g2_mux2_1
      336 2.44E+03   sg13g2_nand2_1
      113 1.03E+03   sg13g2_nand2b_1
       98  889.056   sg13g2_nand3_1
        8  101.606   sg13g2_nand3b_1
       24  261.274   sg13g2_nand4_1
      150  1088.64   sg13g2_nor2_1
       37  335.664   sg13g2_nor2b_1
       41  371.952   sg13g2_nor3_1
        5   54.432   sg13g2_nor4_1
      211 1.91E+03   sg13g2_o21ai_1
       69  625.968   sg13g2_or2_1
        3   38.102   sg13g2_or3_1
      129 1.87E+03   sg13g2_xnor2_1
       80 1.16E+03   sg13g2_xor2_1
        4        - submodules
        1        -   alu
        1        -   decode
        1        -   muldiv
        1        -   regfile

   Chip area for module '\core': 23114.964600
     of which used for sequential elements: 3135.283200 (13.56%)

=== decode ===

        +----------Local Count, excluding submodules.
        |        +-Local Area, excluding submodules.
        |        | 
       75        - wires
      509        - wire bits
       27        - public wires
      461        - public wire bits
       19        - ports
      132        - port bits
       98   975.92 cells
       22  279.418   sg13g2_a21o_1
        3   27.216   sg13g2_a21oi_1
        6   65.092   sg13g2_a22oi_1
       12  108.864   sg13g2_and2_1
        1   12.701   sg13g2_and3_1
       10   54.432   sg13g2_inv_1
        3   21.773   sg13g2_nand2_1
        5    45.36   sg13g2_nand2b_1
        1    9.072   sg13g2_nand3_1
        2   25.402   sg13g2_nand3b_1
        2   21.773   sg13g2_nand4_1
        5   36.288   sg13g2_nor2_1
        3   27.216   sg13g2_nor2b_1
        5    45.36   sg13g2_nor3_1
        4   43.546   sg13g2_nor4_1
        5    45.36   sg13g2_o21ai_1
        3   27.216   sg13g2_or2_1
        4   50.803   sg13g2_or3_1
        1   14.515   sg13g2_or4_1
        1   14.515   sg13g2_xor2_1

   Chip area for module '\decode': 975.920400
     of which used for sequential elements: 0.000000 (0.00%)

=== regfile ===

        +----------Local Count, excluding submodules.
        |        +-Local Area, excluding submodules.
        |        | 
     4266        - wires
     6483        - wire bits
       40        - public wires
     2257        - public wire bits
        8        - ports
      209        - port bits
     6338  1.8E+05 cells
        7   88.906   sg13g2_a21o_1
      231  2.1E+03   sg13g2_a21oi_1
      266 3.86E+03   sg13g2_a221oi_1
      358 3.88E+03   sg13g2_a22oi_1
       12  108.864   sg13g2_and2_1
        1   12.701   sg13g2_and3_1
     1984 9.72E+04   sg13g2_dfrbpq_1
        3    16.33   sg13g2_inv_1
     2123 3.85E+04   sg13g2_mux2_1
      772 2.94E+04   sg13g2_mux4_1
       20  145.152   sg13g2_nand2_1
       37  335.664   sg13g2_nand2b_1
        5    45.36   sg13g2_nand3_1
        2   25.402   sg13g2_nand3b_1
        1   10.886   sg13g2_nand4_1
       43  312.077   sg13g2_nor2_1
      199 1.81E+03   sg13g2_nor2b_1
        5    45.36   sg13g2_nor3_1
      256 2.32E+03   sg13g2_o21ai_1
       12  108.864   sg13g2_or2_1
        1   12.701   sg13g2_or3_1

   Chip area for module '\regfile': 180365.043600
     of which used for sequential elements: 97193.779200 (53.89%)

=== muldiv ===

        +----------Local Count, excluding submodules.
        |        +-Local Area, excluding submodules.
        |        | 
    49407        - wires
    50616        - wire bits
       32        - public wires
     1241        - public wire bits
       10        - ports
      201        - port bits
    49712 5.34E+05 cells
     2127  2.7E+04   sg13g2_a21o_1
     2936 2.66E+04   sg13g2_a21oi_1
       98  1422.49   sg13g2_a221oi_1
      935 1.01E+04   sg13g2_a22oi_1
     1800  16329.6   sg13g2_and2_1
      330 4.19E+03   sg13g2_and3_1
       73  1059.61   sg13g2_and4_1
      336 1.65E+04   sg13g2_dfrbpq_1
     1146 6.24E+03   sg13g2_inv_1
       38  689.472   sg13g2_mux2_1
     6497 4.72E+04   sg13g2_nand2_1
     3890 3.53E+04   sg13g2_nand2b_1
     2030 1.84E+04   sg13g2_nand3_1
       31  393.725   sg13g2_nand3b_1
       84  914.458   sg13g2_nand4_1
     2996 2.17E+04   sg13g2_nor2_1
     2108 1.91E+04   sg13g2_nor2b_1
     1827 1.66E+04   sg13g2_nor3_1
       16  174.182   sg13g2_nor4_1
     4587 4.16E+04   sg13g2_o21ai_1
      926  8.4E+03   sg13g2_or2_1
     1117 1.42E+04   sg13g2_or3_1
       11  159.667   sg13g2_or4_1
     8638 1.25E+05   sg13g2_xnor2_1
     5135 7.45E+04   sg13g2_xor2_1

   Chip area for module '\muldiv': 534245.581800
     of which used for sequential elements: 16460.236800 (3.08%)

=== alu ===

        +----------Local Count, excluding submodules.
        |        +-Local Area, excluding submodules.
        |        | 
     2455        - wires
     2647        - wire bits
        5        - public wires
      197        - public wire bits
        5        - ports
      197        - port bits
     2514 2.44E+04 cells
       52  660.442   sg13g2_a21o_1
      337 3.06E+03   sg13g2_a21oi_1
      110  1.6E+03   sg13g2_a221oi_1
      107   1160.8   sg13g2_a22oi_1
      104  943.488   sg13g2_and2_1
        9  114.307   sg13g2_and3_1
        1   14.515   sg13g2_and4_1
       71  386.467   sg13g2_inv_1
       87 1.58E+03   sg13g2_mux2_1
       27 1.03E+03   sg13g2_mux4_1
      371  2692.57   sg13g2_nand2_1
       73  662.256   sg13g2_nand2b_1
       92  834.624   sg13g2_nand3_1
        7   88.906   sg13g2_nand3b_1
       11   119.75   sg13g2_nand4_1
      309 2.24E+03   sg13g2_nor2_1
       59  535.248   sg13g2_nor2b_1
       60   544.32   sg13g2_nor3_1
       14   152.41   sg13g2_nor4_1
      462 4.19E+03   sg13g2_o21ai_1
       64  580.608   sg13g2_or2_1
        7   88.906   sg13g2_or3_1
        4   58.061   sg13g2_or4_1
       53  769.306   sg13g2_xnor2_1
       23   333.85   sg13g2_xor2_1

   Chip area for module '\alu': 24435.923400
     of which used for sequential elements: 0.000000 (0.00%)

=== design hierarchy ===

        +----------Count including submodules.
        |        +-Area including submodules.
        |        | 
    60781 7.63E+05 core
     2514 2.44E+04 alu
       98   975.92 decode
    49712 5.34E+05 muldiv
     6338  1.8E+05 regfile

        +----------Count including submodules.
        |        +-Area including submodules.
        |        | 
    58041        - wires
    63027        - wire bits
      145        - public wires
     5131        - public wire bits
       51        - ports
     1033        - port bits
        -        - memories
        -        - memory bits
        -        - processes
    60781 7.63E+05 cells
     2257 2.87E+04   sg13g2_a21o_1
     3805 3.45E+04   sg13g2_a21oi_1
      552  8012.39   sg13g2_a221oi_1
     1515 1.64E+04   sg13g2_a22oi_1
     1990 1.81E+04   sg13g2_and2_1
      344 4.37E+03   sg13g2_and3_1
       75  1088.64   sg13g2_and4_1
     2384 1.17E+05   sg13g2_dfrbpq_1
     1324 7.21E+03   sg13g2_inv_1
     2305 4.18E+04   sg13g2_mux2_1
      799 3.04E+04   sg13g2_mux4_1
     7227 5.25E+04   sg13g2_nand2_1
     4118 3.74E+04   sg13g2_nand2b_1
     2226 2.02E+04   sg13g2_nand3_1
       50   635.04   sg13g2_nand3b_1
      122 1.33E+03   sg13g2_nand4_1
     3503 2.54E+04   sg13g2_nor2_1
     2406 2.18E+04   sg13g2_nor2b_1
     1938 1.76E+04   sg13g2_nor3_1
       39   424.57   sg13g2_nor4_1
     5521 5.01E+04   sg13g2_o21ai_1
     1074 9.74E+03   sg13g2_or2_1
     1132 1.44E+04   sg13g2_or3_1
       16  232.243   sg13g2_or4_1
     8820 1.28E+05   sg13g2_xnor2_1
     5239  7.6E+04   sg13g2_xor2_1
        4  7.4E+05 submodules
        1 2.44E+04   alu
        1   975.92   decode
        1 5.34E+05   muldiv
        1  1.8E+05   regfile

   Chip area for top module '\core': 763137.433800
     of which used for sequential elements: 116789.299200 (15.30%)

12. Executing Verilog backend.

12.1. Executing BMUXMAP pass.

12.2. Executing DEMUXMAP pass.
Dumping module `\alu'.
Dumping module `\core'.
Dumping module `\decode'.
Dumping module `\muldiv'.
Dumping module `\regfile'.

13. Executing JSON backend.

End of script. Logfile hash: bebfec7a03, time: 304.21s, user: 10.21s, system: 0.35s, MEM: 368.01 MB peak
Yosys 0.69+24 (git sha1 d0e71cfb7-dirty, Release, Clang /usr/bin/clang++ 21.1.8)
Time spent: 97% 2x abc (296 sec), 0% 40x opt_expr (2 sec), ...
