
 /----------------------------------------------------------------------------\
 |  yosys -- Yosys Open SYnthesis Suite                                       |
 |  Copyright (C) 2012 - 2026  Claire Xenia Wolf <claire@yosyshq.com>         |
 |  Distributed under an ISC-like license, type "license" to see terms        |
 \----------------------------------------------------------------------------/
 Yosys 0.69+24 (git sha1 d0e71cfb7-dirty, Release, Clang /usr/bin/clang++ 21.1.8)

-- Executing script file `out/l1d_synth.ys' --

1. Executing Verilog-2005 frontend: ../rtl/cache/mshr.sv
Parsing SystemVerilog input from `../rtl/cache/mshr.sv' to AST representation.
Generating RTLIL representation for module `\mshr'.
Successfully finished Verilog frontend.

2. Executing Verilog-2005 frontend: ../rtl/cache/l1d.sv
Parsing SystemVerilog input from `../rtl/cache/l1d.sv' to AST representation.
Generating RTLIL representation for module `\l1d'.
Successfully finished Verilog frontend.

3. Executing HIERARCHY pass (managing design hierarchy).

3.1. Analyzing design hierarchy..
Top module:  \l1d
Used module:     \mshr
Parameter \N_MSHR = 4
Parameter \AW = 64
Parameter \WAYW = 1

3.2. Executing AST frontend in derive mode using pre-parsed AST for module `\mshr'.
Parameter \N_MSHR = 4
Parameter \AW = 64
Parameter \WAYW = 1
Generating RTLIL representation for module `$paramod$3b3ebe2a805de999e571f1f6aa39b69c15a9144c\mshr'.

3.3. Analyzing design hierarchy..
Top module:  \l1d
Used module:     $paramod$3b3ebe2a805de999e571f1f6aa39b69c15a9144c\mshr

3.4. Analyzing design hierarchy..
Top module:  \l1d
Used module:     $paramod$3b3ebe2a805de999e571f1f6aa39b69c15a9144c\mshr
Removing unused module `\mshr'.
Removed 1 unused modules.

4. Executing SYNTH pass.

4.1. Executing HIERARCHY pass (managing design hierarchy).

4.1.1. Analyzing design hierarchy..
Top module:  \l1d
Used module:     $paramod$3b3ebe2a805de999e571f1f6aa39b69c15a9144c\mshr

4.1.2. Analyzing design hierarchy..
Top module:  \l1d
Used module:     $paramod$3b3ebe2a805de999e571f1f6aa39b69c15a9144c\mshr
Removed 0 unused modules.

4.2. Executing PROC pass (convert processes to netlists).

4.2.1. Executing PROC_CLEAN pass (remove empty switches from decision trees).
Cleaned up 0 empty switches.

4.2.2. Executing PROC_RMDEAD pass (remove dead branches from decision trees).
Marked 1 switch rules as full_case in process $proc$../rtl/cache/l1d.sv:182$1815 in module l1d.
Marked 1 switch rules as full_case in process $proc$../rtl/cache/l1d.sv:181$1793 in module l1d.
Marked 8 switch rules as full_case in process $proc$../rtl/cache/l1d.sv:263$869 in module l1d.
Marked 7 switch rules as full_case in process $proc$../rtl/cache/l1d.sv:230$818 in module l1d.
Marked 4 switch rules as full_case in process $proc$../rtl/cache/l1d.sv:195$770 in module l1d.
Marked 5 switch rules as full_case in process $proc$../rtl/cache/l1d.sv:93$722 in module l1d.
Marked 6 switch rules as full_case in process $proc$../rtl/cache/mshr.sv:141$2018 in module $paramod$3b3ebe2a805de999e571f1f6aa39b69c15a9144c\mshr.
Marked 4 switch rules as full_case in process $proc$../rtl/cache/mshr.sv:118$1988 in module $paramod$3b3ebe2a805de999e571f1f6aa39b69c15a9144c\mshr.
Marked 8 switch rules as full_case in process $proc$../rtl/cache/mshr.sv:107$1954 in module $paramod$3b3ebe2a805de999e571f1f6aa39b69c15a9144c\mshr.
Marked 12 switch rules as full_case in process $proc$../rtl/cache/mshr.sv:97$1904 in module $paramod$3b3ebe2a805de999e571f1f6aa39b69c15a9144c\mshr.
Marked 12 switch rules as full_case in process $proc$../rtl/cache/mshr.sv:84$1866 in module $paramod$3b3ebe2a805de999e571f1f6aa39b69c15a9144c\mshr.
Removed a total of 0 dead cases.

4.2.3. Executing PROC_PRUNE pass (remove redundant assignments in processes).
Removed 4 redundant assignments.
Promoted 467 assignments to connections.

4.2.4. Executing PROC_INIT pass (extract init attributes).

4.2.5. Executing PROC_ARST pass (detect async resets in processes).

4.2.6. Executing PROC_ROM pass (convert switches to ROMs).
Converted 0 switches.
<suppressed ~72 debug messages>

4.2.7. Executing PROC_MUX pass (convert decision trees to multiplexers).
Creating decoders for process `\l1d.$proc$../rtl/cache/l1d.sv:182$1815'.
     1/1: $1\extract$func$../rtl/cache/l1d.sv:182$358.$result[63:0]$1821
Creating decoders for process `\l1d.$proc$../rtl/cache/l1d.sv:181$1793'.
     1/1: $1\extract$func$../rtl/cache/l1d.sv:181$357.$result[63:0]$1802
Creating decoders for process `\l1d.$proc$../rtl/cache/l1d.sv:263$869'.
     1/462: $4\merge$func$../rtl/cache/l1d.sv:298$352.$result[511:0]$1744
     2/462: $4$bitselwrite$pos$../rtl/cache/l1d.sv:122$353[31:0]$1745
     3/462: $4$bitselwrite$pos$../rtl/cache/l1d.sv:125$356[31:0]$1748
     4/462: $4$bitselwrite$pos$../rtl/cache/l1d.sv:124$355[31:0]$1747
     5/462: $4$bitselwrite$pos$../rtl/cache/l1d.sv:123$354[31:0]$1746
     6/462: $3$memwr$\dirty_arr$../rtl/cache/l1d.sv:299$692_EN[0:0]$1738
     7/462: $3$memwr$\dirty_arr$../rtl/cache/l1d.sv:299$692_ADDR[31:0]$1737
     8/462: $3$memwr$\data_arr$../rtl/cache/l1d.sv:298$691_EN[511:0]$1736
     9/462: $3$memwr$\data_arr$../rtl/cache/l1d.sv:298$691_DATA[511:0]$1735
    10/462: $3$memwr$\data_arr$../rtl/cache/l1d.sv:298$691_ADDR[31:0]$1734
    11/462: $3$bitselwrite$pos$../rtl/cache/l1d.sv:125$356[31:0]$1733
    12/462: $3$bitselwrite$pos$../rtl/cache/l1d.sv:124$355[31:0]$1732
    13/462: $3$bitselwrite$pos$../rtl/cache/l1d.sv:123$354[31:0]$1731
    14/462: $3$bitselwrite$pos$../rtl/cache/l1d.sv:122$353[31:0]$1730
    15/462: $3\merge$func$../rtl/cache/l1d.sv:298$352.$result[511:0]$1725
    16/462: $3\merge$func$../rtl/cache/l1d.sv:298$352.wdata[63:0]$1729
    17/462: $3\merge$func$../rtl/cache/l1d.sv:298$352.size[1:0]$1728
    18/462: $3\merge$func$../rtl/cache/l1d.sv:298$352.off[5:0]$1727
    19/462: $3\merge$func$../rtl/cache/l1d.sv:298$352.line[511:0]$1726
    20/462: $3$memwr$\dirty_arr$../rtl/cache/l1d.sv:302$694_EN[0:0]$1743
    21/462: $3$memwr$\dirty_arr$../rtl/cache/l1d.sv:302$694_ADDR[31:0]$1742
    22/462: $3$memwr$\data_arr$../rtl/cache/l1d.sv:301$693_EN[511:0]$1741
    23/462: $3$memwr$\data_arr$../rtl/cache/l1d.sv:301$693_DATA[511:0]$1740
    24/462: $3$memwr$\data_arr$../rtl/cache/l1d.sv:301$693_ADDR[31:0]$1739
    25/462: $2$memwr$\dirty_arr$../rtl/cache/l1d.sv:302$694_EN[0:0]$1720
    26/462: $2$memwr$\dirty_arr$../rtl/cache/l1d.sv:302$694_ADDR[31:0]$1719
    27/462: $2$memwr$\data_arr$../rtl/cache/l1d.sv:301$693_EN[511:0]$1718
    28/462: $2$memwr$\data_arr$../rtl/cache/l1d.sv:301$693_DATA[511:0]$1717
    29/462: $2$memwr$\data_arr$../rtl/cache/l1d.sv:301$693_ADDR[31:0]$1716
    30/462: $2$memwr$\dirty_arr$../rtl/cache/l1d.sv:299$692_EN[0:0]$1715
    31/462: $2$memwr$\dirty_arr$../rtl/cache/l1d.sv:299$692_ADDR[31:0]$1714
    32/462: $2$memwr$\data_arr$../rtl/cache/l1d.sv:298$691_EN[511:0]$1713
    33/462: $2$memwr$\data_arr$../rtl/cache/l1d.sv:298$691_DATA[511:0]$1712
    34/462: $2$memwr$\data_arr$../rtl/cache/l1d.sv:298$691_ADDR[31:0]$1711
    35/462: $2$bitselwrite$pos$../rtl/cache/l1d.sv:125$356[31:0]$1702
    36/462: $2$bitselwrite$pos$../rtl/cache/l1d.sv:124$355[31:0]$1701
    37/462: $2$bitselwrite$pos$../rtl/cache/l1d.sv:123$354[31:0]$1700
    38/462: $2$bitselwrite$pos$../rtl/cache/l1d.sv:122$353[31:0]$1699
    39/462: $2\merge$func$../rtl/cache/l1d.sv:298$352.wdata[63:0]$1698
    40/462: $2\merge$func$../rtl/cache/l1d.sv:298$352.size[1:0]$1697
    41/462: $2\merge$func$../rtl/cache/l1d.sv:298$352.off[5:0]$1696
    42/462: $2\merge$func$../rtl/cache/l1d.sv:298$352.line[511:0]$1695
    43/462: $2\merge$func$../rtl/cache/l1d.sv:298$352.$result[511:0]$1694
    44/462: $2$memwr$\plru$../rtl/cache/l1d.sv:296$690_EN[0:0]$1710
    45/462: $2$memwr$\plru$../rtl/cache/l1d.sv:296$690_DATA[0:0]$1709
    46/462: $2$memwr$\plru$../rtl/cache/l1d.sv:296$690_ADDR[5:0]$1708
    47/462: $2$memwr$\valid_arr$../rtl/cache/l1d.sv:295$689_EN[0:0]$1707
    48/462: $2$memwr$\valid_arr$../rtl/cache/l1d.sv:295$689_ADDR[31:0]$1706
    49/462: $2$memwr$\tag_arr$../rtl/cache/l1d.sv:294$688_EN[51:0]$1705
    50/462: $2$memwr$\tag_arr$../rtl/cache/l1d.sv:294$688_DATA[51:0]$1704
    51/462: $2$memwr$\tag_arr$../rtl/cache/l1d.sv:294$688_ADDR[31:0]$1703
    52/462: $2$memwr$\valid_arr$../rtl/cache/l1d.sv:286$687_EN[0:0]$1686
    53/462: $2$memwr$\valid_arr$../rtl/cache/l1d.sv:286$687_ADDR[31:0]$1685
    54/462: $4\merge$func$../rtl/cache/l1d.sv:278$347.$result[511:0]$1637
    55/462: $4$bitselwrite$pos$../rtl/cache/l1d.sv:122$348[31:0]$1638
    56/462: $4$bitselwrite$pos$../rtl/cache/l1d.sv:125$351[31:0]$1641
    57/462: $4$bitselwrite$pos$../rtl/cache/l1d.sv:124$350[31:0]$1640
    58/462: $4$bitselwrite$pos$../rtl/cache/l1d.sv:123$349[31:0]$1639
    59/462: $3$memwr$\dirty_arr$../rtl/cache/l1d.sv:279$686_EN[0:0]$1633
    60/462: $3$memwr$\dirty_arr$../rtl/cache/l1d.sv:279$686_ADDR[31:0]$1632
    61/462: $3$memwr$\data_arr$../rtl/cache/l1d.sv:278$685_EN[511:0]$1631
    62/462: $3$memwr$\data_arr$../rtl/cache/l1d.sv:278$685_DATA[511:0]$1630
    63/462: $3$memwr$\data_arr$../rtl/cache/l1d.sv:278$685_ADDR[31:0]$1629
    64/462: $3$bitselwrite$pos$../rtl/cache/l1d.sv:125$351[31:0]$1628
    65/462: $3$bitselwrite$pos$../rtl/cache/l1d.sv:124$350[31:0]$1627
    66/462: $3$bitselwrite$pos$../rtl/cache/l1d.sv:123$349[31:0]$1626
    67/462: $3$bitselwrite$pos$../rtl/cache/l1d.sv:122$348[31:0]$1625
    68/462: $3\merge$func$../rtl/cache/l1d.sv:278$347.$result[511:0]$1620
    69/462: $3\merge$func$../rtl/cache/l1d.sv:278$347.wdata[63:0]$1624
    70/462: $3\merge$func$../rtl/cache/l1d.sv:278$347.size[1:0]$1623
    71/462: $3\merge$func$../rtl/cache/l1d.sv:278$347.off[5:0]$1622
    72/462: $3\merge$func$../rtl/cache/l1d.sv:278$347.line[511:0]$1621
    73/462: $2$memwr$\dirty_arr$../rtl/cache/l1d.sv:279$686_EN[0:0]$1619
    74/462: $2$memwr$\dirty_arr$../rtl/cache/l1d.sv:279$686_ADDR[31:0]$1618
    75/462: $2$memwr$\data_arr$../rtl/cache/l1d.sv:278$685_EN[511:0]$1617
    76/462: $2$memwr$\data_arr$../rtl/cache/l1d.sv:278$685_DATA[511:0]$1616
    77/462: $2$memwr$\data_arr$../rtl/cache/l1d.sv:278$685_ADDR[31:0]$1615
    78/462: $2$bitselwrite$pos$../rtl/cache/l1d.sv:125$351[31:0]$1611
    79/462: $2$bitselwrite$pos$../rtl/cache/l1d.sv:124$350[31:0]$1610
    80/462: $2$bitselwrite$pos$../rtl/cache/l1d.sv:123$349[31:0]$1609
    81/462: $2$bitselwrite$pos$../rtl/cache/l1d.sv:122$348[31:0]$1608
    82/462: $2\merge$func$../rtl/cache/l1d.sv:278$347.wdata[63:0]$1607
    83/462: $2\merge$func$../rtl/cache/l1d.sv:278$347.size[1:0]$1606
    84/462: $2\merge$func$../rtl/cache/l1d.sv:278$347.off[5:0]$1605
    85/462: $2\merge$func$../rtl/cache/l1d.sv:278$347.line[511:0]$1604
    86/462: $2\merge$func$../rtl/cache/l1d.sv:278$347.$result[511:0]$1603
    87/462: $2$memwr$\plru$../rtl/cache/l1d.sv:276$684_EN[0:0]$1614
    88/462: $2$memwr$\plru$../rtl/cache/l1d.sv:276$684_DATA[0:0]$1613
    89/462: $2$memwr$\plru$../rtl/cache/l1d.sv:276$684_ADDR[5:0]$1612
    90/462: $1\fp_i[31:0]
    91/462: $1\fp_j[31:0]
    92/462: $1$memwr$\dirty_arr$../rtl/cache/l1d.sv:269$683_EN[0:0]$1574
    93/462: $1$memwr$\valid_arr$../rtl/cache/l1d.sv:268$682_EN[0:0]$1573
    94/462: $1$memwr$\dirty_arr$../rtl/cache/l1d.sv:269$681_EN[0:0]$1572
    95/462: $1$memwr$\valid_arr$../rtl/cache/l1d.sv:268$680_EN[0:0]$1571
    96/462: $1$memwr$\plru$../rtl/cache/l1d.sv:266$679_EN[0:0]$1570
    97/462: $1$memwr$\dirty_arr$../rtl/cache/l1d.sv:269$678_EN[0:0]$1569
    98/462: $1$memwr$\valid_arr$../rtl/cache/l1d.sv:268$677_EN[0:0]$1568
    99/462: $1$memwr$\dirty_arr$../rtl/cache/l1d.sv:269$676_EN[0:0]$1567
   100/462: $1$memwr$\valid_arr$../rtl/cache/l1d.sv:268$675_EN[0:0]$1566
   101/462: $1$memwr$\plru$../rtl/cache/l1d.sv:266$674_EN[0:0]$1565
   102/462: $1$memwr$\dirty_arr$../rtl/cache/l1d.sv:269$673_EN[0:0]$1564
   103/462: $1$memwr$\valid_arr$../rtl/cache/l1d.sv:268$672_EN[0:0]$1563
   104/462: $1$memwr$\dirty_arr$../rtl/cache/l1d.sv:269$671_EN[0:0]$1562
   105/462: $1$memwr$\valid_arr$../rtl/cache/l1d.sv:268$670_EN[0:0]$1561
   106/462: $1$memwr$\plru$../rtl/cache/l1d.sv:266$669_EN[0:0]$1560
   107/462: $1$memwr$\dirty_arr$../rtl/cache/l1d.sv:269$668_EN[0:0]$1559
   108/462: $1$memwr$\valid_arr$../rtl/cache/l1d.sv:268$667_EN[0:0]$1558
   109/462: $1$memwr$\dirty_arr$../rtl/cache/l1d.sv:269$666_EN[0:0]$1557
   110/462: $1$memwr$\valid_arr$../rtl/cache/l1d.sv:268$665_EN[0:0]$1556
   111/462: $1$memwr$\plru$../rtl/cache/l1d.sv:266$664_EN[0:0]$1555
   112/462: $1$memwr$\dirty_arr$../rtl/cache/l1d.sv:269$663_EN[0:0]$1554
   113/462: $1$memwr$\valid_arr$../rtl/cache/l1d.sv:268$662_EN[0:0]$1553
   114/462: $1$memwr$\dirty_arr$../rtl/cache/l1d.sv:269$661_EN[0:0]$1552
   115/462: $1$memwr$\valid_arr$../rtl/cache/l1d.sv:268$660_EN[0:0]$1551
   116/462: $1$memwr$\plru$../rtl/cache/l1d.sv:266$659_EN[0:0]$1550
   117/462: $1$memwr$\dirty_arr$../rtl/cache/l1d.sv:269$658_EN[0:0]$1549
   118/462: $1$memwr$\valid_arr$../rtl/cache/l1d.sv:268$657_EN[0:0]$1548
   119/462: $1$memwr$\dirty_arr$../rtl/cache/l1d.sv:269$656_EN[0:0]$1547
   120/462: $1$memwr$\valid_arr$../rtl/cache/l1d.sv:268$655_EN[0:0]$1546
   121/462: $1$memwr$\plru$../rtl/cache/l1d.sv:266$654_EN[0:0]$1545
   122/462: $1$memwr$\dirty_arr$../rtl/cache/l1d.sv:269$653_EN[0:0]$1544
   123/462: $1$memwr$\valid_arr$../rtl/cache/l1d.sv:268$652_EN[0:0]$1543
   124/462: $1$memwr$\dirty_arr$../rtl/cache/l1d.sv:269$651_EN[0:0]$1542
   125/462: $1$memwr$\valid_arr$../rtl/cache/l1d.sv:268$650_EN[0:0]$1541
   126/462: $1$memwr$\plru$../rtl/cache/l1d.sv:266$649_EN[0:0]$1540
   127/462: $1$memwr$\dirty_arr$../rtl/cache/l1d.sv:269$648_EN[0:0]$1539
   128/462: $1$memwr$\valid_arr$../rtl/cache/l1d.sv:268$647_EN[0:0]$1538
   129/462: $1$memwr$\dirty_arr$../rtl/cache/l1d.sv:269$646_EN[0:0]$1537
   130/462: $1$memwr$\valid_arr$../rtl/cache/l1d.sv:268$645_EN[0:0]$1536
   131/462: $1$memwr$\plru$../rtl/cache/l1d.sv:266$644_EN[0:0]$1535
   132/462: $1$memwr$\dirty_arr$../rtl/cache/l1d.sv:269$643_EN[0:0]$1534
   133/462: $1$memwr$\valid_arr$../rtl/cache/l1d.sv:268$642_EN[0:0]$1533
   134/462: $1$memwr$\dirty_arr$../rtl/cache/l1d.sv:269$641_EN[0:0]$1532
   135/462: $1$memwr$\valid_arr$../rtl/cache/l1d.sv:268$640_EN[0:0]$1531
   136/462: $1$memwr$\plru$../rtl/cache/l1d.sv:266$639_EN[0:0]$1530
   137/462: $1$memwr$\dirty_arr$../rtl/cache/l1d.sv:269$638_EN[0:0]$1529
   138/462: $1$memwr$\valid_arr$../rtl/cache/l1d.sv:268$637_EN[0:0]$1528
   139/462: $1$memwr$\dirty_arr$../rtl/cache/l1d.sv:269$636_EN[0:0]$1527
   140/462: $1$memwr$\valid_arr$../rtl/cache/l1d.sv:268$635_EN[0:0]$1526
   141/462: $1$memwr$\plru$../rtl/cache/l1d.sv:266$634_EN[0:0]$1525
   142/462: $1$memwr$\dirty_arr$../rtl/cache/l1d.sv:269$633_EN[0:0]$1524
   143/462: $1$memwr$\valid_arr$../rtl/cache/l1d.sv:268$632_EN[0:0]$1523
   144/462: $1$memwr$\dirty_arr$../rtl/cache/l1d.sv:269$631_EN[0:0]$1522
   145/462: $1$memwr$\valid_arr$../rtl/cache/l1d.sv:268$630_EN[0:0]$1521
   146/462: $1$memwr$\plru$../rtl/cache/l1d.sv:266$629_EN[0:0]$1520
   147/462: $1$memwr$\dirty_arr$../rtl/cache/l1d.sv:269$628_EN[0:0]$1519
   148/462: $1$memwr$\valid_arr$../rtl/cache/l1d.sv:268$627_EN[0:0]$1518
   149/462: $1$memwr$\dirty_arr$../rtl/cache/l1d.sv:269$626_EN[0:0]$1517
   150/462: $1$memwr$\valid_arr$../rtl/cache/l1d.sv:268$625_EN[0:0]$1516
   151/462: $1$memwr$\plru$../rtl/cache/l1d.sv:266$624_EN[0:0]$1515
   152/462: $1$memwr$\dirty_arr$../rtl/cache/l1d.sv:269$623_EN[0:0]$1514
   153/462: $1$memwr$\valid_arr$../rtl/cache/l1d.sv:268$622_EN[0:0]$1513
   154/462: $1$memwr$\dirty_arr$../rtl/cache/l1d.sv:269$621_EN[0:0]$1512
   155/462: $1$memwr$\valid_arr$../rtl/cache/l1d.sv:268$620_EN[0:0]$1511
   156/462: $1$memwr$\plru$../rtl/cache/l1d.sv:266$619_EN[0:0]$1510
   157/462: $1$memwr$\dirty_arr$../rtl/cache/l1d.sv:269$618_EN[0:0]$1509
   158/462: $1$memwr$\valid_arr$../rtl/cache/l1d.sv:268$617_EN[0:0]$1508
   159/462: $1$memwr$\dirty_arr$../rtl/cache/l1d.sv:269$616_EN[0:0]$1507
   160/462: $1$memwr$\valid_arr$../rtl/cache/l1d.sv:268$615_EN[0:0]$1506
   161/462: $1$memwr$\plru$../rtl/cache/l1d.sv:266$614_EN[0:0]$1505
   162/462: $1$memwr$\dirty_arr$../rtl/cache/l1d.sv:269$613_EN[0:0]$1504
   163/462: $1$memwr$\valid_arr$../rtl/cache/l1d.sv:268$612_EN[0:0]$1503
   164/462: $1$memwr$\dirty_arr$../rtl/cache/l1d.sv:269$611_EN[0:0]$1502
   165/462: $1$memwr$\valid_arr$../rtl/cache/l1d.sv:268$610_EN[0:0]$1501
   166/462: $1$memwr$\plru$../rtl/cache/l1d.sv:266$609_EN[0:0]$1500
   167/462: $1$memwr$\dirty_arr$../rtl/cache/l1d.sv:269$608_EN[0:0]$1499
   168/462: $1$memwr$\valid_arr$../rtl/cache/l1d.sv:268$607_EN[0:0]$1498
   169/462: $1$memwr$\dirty_arr$../rtl/cache/l1d.sv:269$606_EN[0:0]$1497
   170/462: $1$memwr$\valid_arr$../rtl/cache/l1d.sv:268$605_EN[0:0]$1496
   171/462: $1$memwr$\plru$../rtl/cache/l1d.sv:266$604_EN[0:0]$1495
   172/462: $1$memwr$\dirty_arr$../rtl/cache/l1d.sv:269$603_EN[0:0]$1494
   173/462: $1$memwr$\valid_arr$../rtl/cache/l1d.sv:268$602_EN[0:0]$1493
   174/462: $1$memwr$\dirty_arr$../rtl/cache/l1d.sv:269$601_EN[0:0]$1492
   175/462: $1$memwr$\valid_arr$../rtl/cache/l1d.sv:268$600_EN[0:0]$1491
   176/462: $1$memwr$\plru$../rtl/cache/l1d.sv:266$599_EN[0:0]$1490
   177/462: $1$memwr$\dirty_arr$../rtl/cache/l1d.sv:269$598_EN[0:0]$1489
   178/462: $1$memwr$\valid_arr$../rtl/cache/l1d.sv:268$597_EN[0:0]$1488
   179/462: $1$memwr$\dirty_arr$../rtl/cache/l1d.sv:269$596_EN[0:0]$1487
   180/462: $1$memwr$\valid_arr$../rtl/cache/l1d.sv:268$595_EN[0:0]$1486
   181/462: $1$memwr$\plru$../rtl/cache/l1d.sv:266$594_EN[0:0]$1485
   182/462: $1$memwr$\dirty_arr$../rtl/cache/l1d.sv:269$593_EN[0:0]$1484
   183/462: $1$memwr$\valid_arr$../rtl/cache/l1d.sv:268$592_EN[0:0]$1483
   184/462: $1$memwr$\dirty_arr$../rtl/cache/l1d.sv:269$591_EN[0:0]$1482
   185/462: $1$memwr$\valid_arr$../rtl/cache/l1d.sv:268$590_EN[0:0]$1481
   186/462: $1$memwr$\plru$../rtl/cache/l1d.sv:266$589_EN[0:0]$1480
   187/462: $1$memwr$\dirty_arr$../rtl/cache/l1d.sv:269$588_EN[0:0]$1479
   188/462: $1$memwr$\valid_arr$../rtl/cache/l1d.sv:268$587_EN[0:0]$1478
   189/462: $1$memwr$\dirty_arr$../rtl/cache/l1d.sv:269$586_EN[0:0]$1477
   190/462: $1$memwr$\valid_arr$../rtl/cache/l1d.sv:268$585_EN[0:0]$1476
   191/462: $1$memwr$\plru$../rtl/cache/l1d.sv:266$584_EN[0:0]$1475
   192/462: $1$memwr$\dirty_arr$../rtl/cache/l1d.sv:269$583_EN[0:0]$1474
   193/462: $1$memwr$\valid_arr$../rtl/cache/l1d.sv:268$582_EN[0:0]$1473
   194/462: $1$memwr$\dirty_arr$../rtl/cache/l1d.sv:269$581_EN[0:0]$1472
   195/462: $1$memwr$\valid_arr$../rtl/cache/l1d.sv:268$580_EN[0:0]$1471
   196/462: $1$memwr$\plru$../rtl/cache/l1d.sv:266$579_EN[0:0]$1470
   197/462: $1$memwr$\dirty_arr$../rtl/cache/l1d.sv:269$578_EN[0:0]$1469
   198/462: $1$memwr$\valid_arr$../rtl/cache/l1d.sv:268$577_EN[0:0]$1468
   199/462: $1$memwr$\dirty_arr$../rtl/cache/l1d.sv:269$576_EN[0:0]$1467
   200/462: $1$memwr$\valid_arr$../rtl/cache/l1d.sv:268$575_EN[0:0]$1466
   201/462: $1$memwr$\plru$../rtl/cache/l1d.sv:266$574_EN[0:0]$1465
   202/462: $1$memwr$\dirty_arr$../rtl/cache/l1d.sv:269$573_EN[0:0]$1464
   203/462: $1$memwr$\valid_arr$../rtl/cache/l1d.sv:268$572_EN[0:0]$1463
   204/462: $1$memwr$\dirty_arr$../rtl/cache/l1d.sv:269$571_EN[0:0]$1462
   205/462: $1$memwr$\valid_arr$../rtl/cache/l1d.sv:268$570_EN[0:0]$1461
   206/462: $1$memwr$\plru$../rtl/cache/l1d.sv:266$569_EN[0:0]$1460
   207/462: $1$memwr$\dirty_arr$../rtl/cache/l1d.sv:269$568_EN[0:0]$1459
   208/462: $1$memwr$\valid_arr$../rtl/cache/l1d.sv:268$567_EN[0:0]$1458
   209/462: $1$memwr$\dirty_arr$../rtl/cache/l1d.sv:269$566_EN[0:0]$1457
   210/462: $1$memwr$\valid_arr$../rtl/cache/l1d.sv:268$565_EN[0:0]$1456
   211/462: $1$memwr$\plru$../rtl/cache/l1d.sv:266$564_EN[0:0]$1455
   212/462: $1$memwr$\dirty_arr$../rtl/cache/l1d.sv:269$563_EN[0:0]$1454
   213/462: $1$memwr$\valid_arr$../rtl/cache/l1d.sv:268$562_EN[0:0]$1453
   214/462: $1$memwr$\dirty_arr$../rtl/cache/l1d.sv:269$561_EN[0:0]$1452
   215/462: $1$memwr$\valid_arr$../rtl/cache/l1d.sv:268$560_EN[0:0]$1451
   216/462: $1$memwr$\plru$../rtl/cache/l1d.sv:266$559_EN[0:0]$1450
   217/462: $1$memwr$\dirty_arr$../rtl/cache/l1d.sv:269$558_EN[0:0]$1449
   218/462: $1$memwr$\valid_arr$../rtl/cache/l1d.sv:268$557_EN[0:0]$1448
   219/462: $1$memwr$\dirty_arr$../rtl/cache/l1d.sv:269$556_EN[0:0]$1447
   220/462: $1$memwr$\valid_arr$../rtl/cache/l1d.sv:268$555_EN[0:0]$1446
   221/462: $1$memwr$\plru$../rtl/cache/l1d.sv:266$554_EN[0:0]$1445
   222/462: $1$memwr$\dirty_arr$../rtl/cache/l1d.sv:269$553_EN[0:0]$1444
   223/462: $1$memwr$\valid_arr$../rtl/cache/l1d.sv:268$552_EN[0:0]$1443
   224/462: $1$memwr$\dirty_arr$../rtl/cache/l1d.sv:269$551_EN[0:0]$1442
   225/462: $1$memwr$\valid_arr$../rtl/cache/l1d.sv:268$550_EN[0:0]$1441
   226/462: $1$memwr$\plru$../rtl/cache/l1d.sv:266$549_EN[0:0]$1440
   227/462: $1$memwr$\dirty_arr$../rtl/cache/l1d.sv:269$548_EN[0:0]$1439
   228/462: $1$memwr$\valid_arr$../rtl/cache/l1d.sv:268$547_EN[0:0]$1438
   229/462: $1$memwr$\dirty_arr$../rtl/cache/l1d.sv:269$546_EN[0:0]$1437
   230/462: $1$memwr$\valid_arr$../rtl/cache/l1d.sv:268$545_EN[0:0]$1436
   231/462: $1$memwr$\plru$../rtl/cache/l1d.sv:266$544_EN[0:0]$1435
   232/462: $1$memwr$\dirty_arr$../rtl/cache/l1d.sv:269$543_EN[0:0]$1434
   233/462: $1$memwr$\valid_arr$../rtl/cache/l1d.sv:268$542_EN[0:0]$1433
   234/462: $1$memwr$\dirty_arr$../rtl/cache/l1d.sv:269$541_EN[0:0]$1432
   235/462: $1$memwr$\valid_arr$../rtl/cache/l1d.sv:268$540_EN[0:0]$1431
   236/462: $1$memwr$\plru$../rtl/cache/l1d.sv:266$539_EN[0:0]$1430
   237/462: $1$memwr$\dirty_arr$../rtl/cache/l1d.sv:269$538_EN[0:0]$1429
   238/462: $1$memwr$\valid_arr$../rtl/cache/l1d.sv:268$537_EN[0:0]$1428
   239/462: $1$memwr$\dirty_arr$../rtl/cache/l1d.sv:269$536_EN[0:0]$1427
   240/462: $1$memwr$\valid_arr$../rtl/cache/l1d.sv:268$535_EN[0:0]$1426
   241/462: $1$memwr$\plru$../rtl/cache/l1d.sv:266$534_EN[0:0]$1425
   242/462: $1$memwr$\dirty_arr$../rtl/cache/l1d.sv:269$533_EN[0:0]$1424
   243/462: $1$memwr$\valid_arr$../rtl/cache/l1d.sv:268$532_EN[0:0]$1423
   244/462: $1$memwr$\dirty_arr$../rtl/cache/l1d.sv:269$531_EN[0:0]$1422
   245/462: $1$memwr$\valid_arr$../rtl/cache/l1d.sv:268$530_EN[0:0]$1421
   246/462: $1$memwr$\plru$../rtl/cache/l1d.sv:266$529_EN[0:0]$1420
   247/462: $1$memwr$\dirty_arr$../rtl/cache/l1d.sv:269$528_EN[0:0]$1419
   248/462: $1$memwr$\valid_arr$../rtl/cache/l1d.sv:268$527_EN[0:0]$1418
   249/462: $1$memwr$\dirty_arr$../rtl/cache/l1d.sv:269$526_EN[0:0]$1417
   250/462: $1$memwr$\valid_arr$../rtl/cache/l1d.sv:268$525_EN[0:0]$1416
   251/462: $1$memwr$\plru$../rtl/cache/l1d.sv:266$524_EN[0:0]$1415
   252/462: $1$memwr$\dirty_arr$../rtl/cache/l1d.sv:269$523_EN[0:0]$1414
   253/462: $1$memwr$\valid_arr$../rtl/cache/l1d.sv:268$522_EN[0:0]$1413
   254/462: $1$memwr$\dirty_arr$../rtl/cache/l1d.sv:269$521_EN[0:0]$1412
   255/462: $1$memwr$\valid_arr$../rtl/cache/l1d.sv:268$520_EN[0:0]$1411
   256/462: $1$memwr$\plru$../rtl/cache/l1d.sv:266$519_EN[0:0]$1410
   257/462: $1$memwr$\dirty_arr$../rtl/cache/l1d.sv:269$518_EN[0:0]$1409
   258/462: $1$memwr$\valid_arr$../rtl/cache/l1d.sv:268$517_EN[0:0]$1408
   259/462: $1$memwr$\dirty_arr$../rtl/cache/l1d.sv:269$516_EN[0:0]$1407
   260/462: $1$memwr$\valid_arr$../rtl/cache/l1d.sv:268$515_EN[0:0]$1406
   261/462: $1$memwr$\plru$../rtl/cache/l1d.sv:266$514_EN[0:0]$1405
   262/462: $1$memwr$\dirty_arr$../rtl/cache/l1d.sv:269$513_EN[0:0]$1404
   263/462: $1$memwr$\valid_arr$../rtl/cache/l1d.sv:268$512_EN[0:0]$1403
   264/462: $1$memwr$\dirty_arr$../rtl/cache/l1d.sv:269$511_EN[0:0]$1402
   265/462: $1$memwr$\valid_arr$../rtl/cache/l1d.sv:268$510_EN[0:0]$1401
   266/462: $1$memwr$\plru$../rtl/cache/l1d.sv:266$509_EN[0:0]$1400
   267/462: $1$memwr$\dirty_arr$../rtl/cache/l1d.sv:269$508_EN[0:0]$1399
   268/462: $1$memwr$\valid_arr$../rtl/cache/l1d.sv:268$507_EN[0:0]$1398
   269/462: $1$memwr$\dirty_arr$../rtl/cache/l1d.sv:269$506_EN[0:0]$1397
   270/462: $1$memwr$\valid_arr$../rtl/cache/l1d.sv:268$505_EN[0:0]$1396
   271/462: $1$memwr$\plru$../rtl/cache/l1d.sv:266$504_EN[0:0]$1395
   272/462: $1$memwr$\dirty_arr$../rtl/cache/l1d.sv:269$503_EN[0:0]$1394
   273/462: $1$memwr$\valid_arr$../rtl/cache/l1d.sv:268$502_EN[0:0]$1393
   274/462: $1$memwr$\dirty_arr$../rtl/cache/l1d.sv:269$501_EN[0:0]$1392
   275/462: $1$memwr$\valid_arr$../rtl/cache/l1d.sv:268$500_EN[0:0]$1391
   276/462: $1$memwr$\plru$../rtl/cache/l1d.sv:266$499_EN[0:0]$1390
   277/462: $1$memwr$\dirty_arr$../rtl/cache/l1d.sv:269$498_EN[0:0]$1389
   278/462: $1$memwr$\valid_arr$../rtl/cache/l1d.sv:268$497_EN[0:0]$1388
   279/462: $1$memwr$\dirty_arr$../rtl/cache/l1d.sv:269$496_EN[0:0]$1387
   280/462: $1$memwr$\valid_arr$../rtl/cache/l1d.sv:268$495_EN[0:0]$1386
   281/462: $1$memwr$\plru$../rtl/cache/l1d.sv:266$494_EN[0:0]$1385
   282/462: $1$memwr$\dirty_arr$../rtl/cache/l1d.sv:269$493_EN[0:0]$1384
   283/462: $1$memwr$\valid_arr$../rtl/cache/l1d.sv:268$492_EN[0:0]$1383
   284/462: $1$memwr$\dirty_arr$../rtl/cache/l1d.sv:269$491_EN[0:0]$1382
   285/462: $1$memwr$\valid_arr$../rtl/cache/l1d.sv:268$490_EN[0:0]$1381
   286/462: $1$memwr$\plru$../rtl/cache/l1d.sv:266$489_EN[0:0]$1380
   287/462: $1$memwr$\dirty_arr$../rtl/cache/l1d.sv:269$488_EN[0:0]$1379
   288/462: $1$memwr$\valid_arr$../rtl/cache/l1d.sv:268$487_EN[0:0]$1378
   289/462: $1$memwr$\dirty_arr$../rtl/cache/l1d.sv:269$486_EN[0:0]$1377
   290/462: $1$memwr$\valid_arr$../rtl/cache/l1d.sv:268$485_EN[0:0]$1376
   291/462: $1$memwr$\plru$../rtl/cache/l1d.sv:266$484_EN[0:0]$1375
   292/462: $1$memwr$\dirty_arr$../rtl/cache/l1d.sv:269$483_EN[0:0]$1374
   293/462: $1$memwr$\valid_arr$../rtl/cache/l1d.sv:268$482_EN[0:0]$1373
   294/462: $1$memwr$\dirty_arr$../rtl/cache/l1d.sv:269$481_EN[0:0]$1372
   295/462: $1$memwr$\valid_arr$../rtl/cache/l1d.sv:268$480_EN[0:0]$1371
   296/462: $1$memwr$\plru$../rtl/cache/l1d.sv:266$479_EN[0:0]$1370
   297/462: $1$memwr$\dirty_arr$../rtl/cache/l1d.sv:269$478_EN[0:0]$1369
   298/462: $1$memwr$\valid_arr$../rtl/cache/l1d.sv:268$477_EN[0:0]$1368
   299/462: $1$memwr$\dirty_arr$../rtl/cache/l1d.sv:269$476_EN[0:0]$1367
   300/462: $1$memwr$\valid_arr$../rtl/cache/l1d.sv:268$475_EN[0:0]$1366
   301/462: $1$memwr$\plru$../rtl/cache/l1d.sv:266$474_EN[0:0]$1365
   302/462: $1$memwr$\dirty_arr$../rtl/cache/l1d.sv:269$473_EN[0:0]$1364
   303/462: $1$memwr$\valid_arr$../rtl/cache/l1d.sv:268$472_EN[0:0]$1363
   304/462: $1$memwr$\dirty_arr$../rtl/cache/l1d.sv:269$471_EN[0:0]$1362
   305/462: $1$memwr$\valid_arr$../rtl/cache/l1d.sv:268$470_EN[0:0]$1361
   306/462: $1$memwr$\plru$../rtl/cache/l1d.sv:266$469_EN[0:0]$1360
   307/462: $1$memwr$\dirty_arr$../rtl/cache/l1d.sv:269$468_EN[0:0]$1359
   308/462: $1$memwr$\valid_arr$../rtl/cache/l1d.sv:268$467_EN[0:0]$1358
   309/462: $1$memwr$\dirty_arr$../rtl/cache/l1d.sv:269$466_EN[0:0]$1357
   310/462: $1$memwr$\valid_arr$../rtl/cache/l1d.sv:268$465_EN[0:0]$1356
   311/462: $1$memwr$\plru$../rtl/cache/l1d.sv:266$464_EN[0:0]$1355
   312/462: $1$memwr$\dirty_arr$../rtl/cache/l1d.sv:269$463_EN[0:0]$1354
   313/462: $1$memwr$\valid_arr$../rtl/cache/l1d.sv:268$462_EN[0:0]$1353
   314/462: $1$memwr$\dirty_arr$../rtl/cache/l1d.sv:269$461_EN[0:0]$1352
   315/462: $1$memwr$\valid_arr$../rtl/cache/l1d.sv:268$460_EN[0:0]$1351
   316/462: $1$memwr$\plru$../rtl/cache/l1d.sv:266$459_EN[0:0]$1350
   317/462: $1$memwr$\dirty_arr$../rtl/cache/l1d.sv:269$458_EN[0:0]$1349
   318/462: $1$memwr$\valid_arr$../rtl/cache/l1d.sv:268$457_EN[0:0]$1348
   319/462: $1$memwr$\dirty_arr$../rtl/cache/l1d.sv:269$456_EN[0:0]$1347
   320/462: $1$memwr$\valid_arr$../rtl/cache/l1d.sv:268$455_EN[0:0]$1346
   321/462: $1$memwr$\plru$../rtl/cache/l1d.sv:266$454_EN[0:0]$1345
   322/462: $1$memwr$\dirty_arr$../rtl/cache/l1d.sv:269$453_EN[0:0]$1344
   323/462: $1$memwr$\valid_arr$../rtl/cache/l1d.sv:268$452_EN[0:0]$1343
   324/462: $1$memwr$\dirty_arr$../rtl/cache/l1d.sv:269$451_EN[0:0]$1342
   325/462: $1$memwr$\valid_arr$../rtl/cache/l1d.sv:268$450_EN[0:0]$1341
   326/462: $1$memwr$\plru$../rtl/cache/l1d.sv:266$449_EN[0:0]$1340
   327/462: $1$memwr$\dirty_arr$../rtl/cache/l1d.sv:269$448_EN[0:0]$1339
   328/462: $1$memwr$\valid_arr$../rtl/cache/l1d.sv:268$447_EN[0:0]$1338
   329/462: $1$memwr$\dirty_arr$../rtl/cache/l1d.sv:269$446_EN[0:0]$1337
   330/462: $1$memwr$\valid_arr$../rtl/cache/l1d.sv:268$445_EN[0:0]$1336
   331/462: $1$memwr$\plru$../rtl/cache/l1d.sv:266$444_EN[0:0]$1335
   332/462: $1$memwr$\dirty_arr$../rtl/cache/l1d.sv:269$443_EN[0:0]$1334
   333/462: $1$memwr$\valid_arr$../rtl/cache/l1d.sv:268$442_EN[0:0]$1333
   334/462: $1$memwr$\dirty_arr$../rtl/cache/l1d.sv:269$441_EN[0:0]$1332
   335/462: $1$memwr$\valid_arr$../rtl/cache/l1d.sv:268$440_EN[0:0]$1331
   336/462: $1$memwr$\plru$../rtl/cache/l1d.sv:266$439_EN[0:0]$1330
   337/462: $1$memwr$\dirty_arr$../rtl/cache/l1d.sv:269$438_EN[0:0]$1329
   338/462: $1$memwr$\valid_arr$../rtl/cache/l1d.sv:268$437_EN[0:0]$1328
   339/462: $1$memwr$\dirty_arr$../rtl/cache/l1d.sv:269$436_EN[0:0]$1327
   340/462: $1$memwr$\valid_arr$../rtl/cache/l1d.sv:268$435_EN[0:0]$1326
   341/462: $1$memwr$\plru$../rtl/cache/l1d.sv:266$434_EN[0:0]$1325
   342/462: $1$memwr$\dirty_arr$../rtl/cache/l1d.sv:269$433_EN[0:0]$1324
   343/462: $1$memwr$\valid_arr$../rtl/cache/l1d.sv:268$432_EN[0:0]$1323
   344/462: $1$memwr$\dirty_arr$../rtl/cache/l1d.sv:269$431_EN[0:0]$1322
   345/462: $1$memwr$\valid_arr$../rtl/cache/l1d.sv:268$430_EN[0:0]$1321
   346/462: $1$memwr$\plru$../rtl/cache/l1d.sv:266$429_EN[0:0]$1320
   347/462: $1$memwr$\dirty_arr$../rtl/cache/l1d.sv:269$428_EN[0:0]$1319
   348/462: $1$memwr$\valid_arr$../rtl/cache/l1d.sv:268$427_EN[0:0]$1318
   349/462: $1$memwr$\dirty_arr$../rtl/cache/l1d.sv:269$426_EN[0:0]$1317
   350/462: $1$memwr$\valid_arr$../rtl/cache/l1d.sv:268$425_EN[0:0]$1316
   351/462: $1$memwr$\plru$../rtl/cache/l1d.sv:266$424_EN[0:0]$1315
   352/462: $1$memwr$\dirty_arr$../rtl/cache/l1d.sv:269$423_EN[0:0]$1314
   353/462: $1$memwr$\valid_arr$../rtl/cache/l1d.sv:268$422_EN[0:0]$1313
   354/462: $1$memwr$\dirty_arr$../rtl/cache/l1d.sv:269$421_EN[0:0]$1312
   355/462: $1$memwr$\valid_arr$../rtl/cache/l1d.sv:268$420_EN[0:0]$1311
   356/462: $1$memwr$\plru$../rtl/cache/l1d.sv:266$419_EN[0:0]$1310
   357/462: $1$memwr$\dirty_arr$../rtl/cache/l1d.sv:269$418_EN[0:0]$1309
   358/462: $1$memwr$\valid_arr$../rtl/cache/l1d.sv:268$417_EN[0:0]$1308
   359/462: $1$memwr$\dirty_arr$../rtl/cache/l1d.sv:269$416_EN[0:0]$1307
   360/462: $1$memwr$\valid_arr$../rtl/cache/l1d.sv:268$415_EN[0:0]$1306
   361/462: $1$memwr$\plru$../rtl/cache/l1d.sv:266$414_EN[0:0]$1305
   362/462: $1$memwr$\dirty_arr$../rtl/cache/l1d.sv:269$413_EN[0:0]$1304
   363/462: $1$memwr$\valid_arr$../rtl/cache/l1d.sv:268$412_EN[0:0]$1303
   364/462: $1$memwr$\dirty_arr$../rtl/cache/l1d.sv:269$411_EN[0:0]$1302
   365/462: $1$memwr$\valid_arr$../rtl/cache/l1d.sv:268$410_EN[0:0]$1301
   366/462: $1$memwr$\plru$../rtl/cache/l1d.sv:266$409_EN[0:0]$1300
   367/462: $1$memwr$\dirty_arr$../rtl/cache/l1d.sv:269$408_EN[0:0]$1299
   368/462: $1$memwr$\valid_arr$../rtl/cache/l1d.sv:268$407_EN[0:0]$1298
   369/462: $1$memwr$\dirty_arr$../rtl/cache/l1d.sv:269$406_EN[0:0]$1297
   370/462: $1$memwr$\valid_arr$../rtl/cache/l1d.sv:268$405_EN[0:0]$1296
   371/462: $1$memwr$\plru$../rtl/cache/l1d.sv:266$404_EN[0:0]$1295
   372/462: $1$memwr$\dirty_arr$../rtl/cache/l1d.sv:269$403_EN[0:0]$1294
   373/462: $1$memwr$\valid_arr$../rtl/cache/l1d.sv:268$402_EN[0:0]$1293
   374/462: $1$memwr$\dirty_arr$../rtl/cache/l1d.sv:269$401_EN[0:0]$1292
   375/462: $1$memwr$\valid_arr$../rtl/cache/l1d.sv:268$400_EN[0:0]$1291
   376/462: $1$memwr$\plru$../rtl/cache/l1d.sv:266$399_EN[0:0]$1290
   377/462: $1$memwr$\dirty_arr$../rtl/cache/l1d.sv:269$398_EN[0:0]$1289
   378/462: $1$memwr$\valid_arr$../rtl/cache/l1d.sv:268$397_EN[0:0]$1288
   379/462: $1$memwr$\dirty_arr$../rtl/cache/l1d.sv:269$396_EN[0:0]$1287
   380/462: $1$memwr$\valid_arr$../rtl/cache/l1d.sv:268$395_EN[0:0]$1286
   381/462: $1$memwr$\plru$../rtl/cache/l1d.sv:266$394_EN[0:0]$1285
   382/462: $1$memwr$\dirty_arr$../rtl/cache/l1d.sv:269$393_EN[0:0]$1284
   383/462: $1$memwr$\valid_arr$../rtl/cache/l1d.sv:268$392_EN[0:0]$1283
   384/462: $1$memwr$\dirty_arr$../rtl/cache/l1d.sv:269$391_EN[0:0]$1282
   385/462: $1$memwr$\valid_arr$../rtl/cache/l1d.sv:268$390_EN[0:0]$1281
   386/462: $1$memwr$\plru$../rtl/cache/l1d.sv:266$389_EN[0:0]$1280
   387/462: $1$memwr$\dirty_arr$../rtl/cache/l1d.sv:269$388_EN[0:0]$1279
   388/462: $1$memwr$\valid_arr$../rtl/cache/l1d.sv:268$387_EN[0:0]$1278
   389/462: $1$memwr$\dirty_arr$../rtl/cache/l1d.sv:269$386_EN[0:0]$1277
   390/462: $1$memwr$\valid_arr$../rtl/cache/l1d.sv:268$385_EN[0:0]$1276
   391/462: $1$memwr$\plru$../rtl/cache/l1d.sv:266$384_EN[0:0]$1275
   392/462: $1$memwr$\dirty_arr$../rtl/cache/l1d.sv:269$383_EN[0:0]$1274
   393/462: $1$memwr$\valid_arr$../rtl/cache/l1d.sv:268$382_EN[0:0]$1273
   394/462: $1$memwr$\dirty_arr$../rtl/cache/l1d.sv:269$381_EN[0:0]$1272
   395/462: $1$memwr$\valid_arr$../rtl/cache/l1d.sv:268$380_EN[0:0]$1271
   396/462: $1$memwr$\plru$../rtl/cache/l1d.sv:266$379_EN[0:0]$1270
   397/462: $1$memwr$\dirty_arr$../rtl/cache/l1d.sv:269$378_EN[0:0]$1269
   398/462: $1$memwr$\valid_arr$../rtl/cache/l1d.sv:268$377_EN[0:0]$1268
   399/462: $1$memwr$\dirty_arr$../rtl/cache/l1d.sv:269$376_EN[0:0]$1267
   400/462: $1$memwr$\valid_arr$../rtl/cache/l1d.sv:268$375_EN[0:0]$1266
   401/462: $1$memwr$\plru$../rtl/cache/l1d.sv:266$374_EN[0:0]$1265
   402/462: $1$memwr$\dirty_arr$../rtl/cache/l1d.sv:269$373_EN[0:0]$1264
   403/462: $1$memwr$\valid_arr$../rtl/cache/l1d.sv:268$372_EN[0:0]$1263
   404/462: $1$memwr$\dirty_arr$../rtl/cache/l1d.sv:269$371_EN[0:0]$1262
   405/462: $1$memwr$\valid_arr$../rtl/cache/l1d.sv:268$370_EN[0:0]$1261
   406/462: $1$memwr$\plru$../rtl/cache/l1d.sv:266$369_EN[0:0]$1260
   407/462: $1$memwr$\dirty_arr$../rtl/cache/l1d.sv:269$368_EN[0:0]$1259
   408/462: $1$memwr$\valid_arr$../rtl/cache/l1d.sv:268$367_EN[0:0]$1258
   409/462: $1$memwr$\dirty_arr$../rtl/cache/l1d.sv:269$366_EN[0:0]$1257
   410/462: $1$memwr$\valid_arr$../rtl/cache/l1d.sv:268$365_EN[0:0]$1256
   411/462: $1$memwr$\plru$../rtl/cache/l1d.sv:266$364_EN[0:0]$1255
   412/462: $1$memwr$\dirty_arr$../rtl/cache/l1d.sv:302$694_EN[0:0]$1602
   413/462: $1$memwr$\dirty_arr$../rtl/cache/l1d.sv:302$694_ADDR[31:0]$1601
   414/462: $1$memwr$\data_arr$../rtl/cache/l1d.sv:301$693_EN[511:0]$1600
   415/462: $1$memwr$\data_arr$../rtl/cache/l1d.sv:301$693_DATA[511:0]$1599
   416/462: $1$memwr$\data_arr$../rtl/cache/l1d.sv:301$693_ADDR[31:0]$1598
   417/462: $1$memwr$\dirty_arr$../rtl/cache/l1d.sv:299$692_EN[0:0]$1597
   418/462: $1$memwr$\dirty_arr$../rtl/cache/l1d.sv:299$692_ADDR[31:0]$1596
   419/462: $1$memwr$\data_arr$../rtl/cache/l1d.sv:298$691_EN[511:0]$1595
   420/462: $1$memwr$\data_arr$../rtl/cache/l1d.sv:298$691_DATA[511:0]$1594
   421/462: $1$memwr$\data_arr$../rtl/cache/l1d.sv:298$691_ADDR[31:0]$1593
   422/462: $1$memwr$\plru$../rtl/cache/l1d.sv:296$690_EN[0:0]$1592
   423/462: $1$memwr$\plru$../rtl/cache/l1d.sv:296$690_DATA[0:0]$1591
   424/462: $1$memwr$\plru$../rtl/cache/l1d.sv:296$690_ADDR[5:0]$1590
   425/462: $1$memwr$\valid_arr$../rtl/cache/l1d.sv:295$689_EN[0:0]$1589
   426/462: $1$memwr$\valid_arr$../rtl/cache/l1d.sv:295$689_ADDR[31:0]$1588
   427/462: $1$memwr$\tag_arr$../rtl/cache/l1d.sv:294$688_EN[51:0]$1587
   428/462: $1$memwr$\tag_arr$../rtl/cache/l1d.sv:294$688_DATA[51:0]$1586
   429/462: $1$memwr$\tag_arr$../rtl/cache/l1d.sv:294$688_ADDR[31:0]$1585
   430/462: $1$memwr$\valid_arr$../rtl/cache/l1d.sv:286$687_EN[0:0]$1584
   431/462: $1$memwr$\valid_arr$../rtl/cache/l1d.sv:286$687_ADDR[31:0]$1583
   432/462: $1$memwr$\dirty_arr$../rtl/cache/l1d.sv:279$686_EN[0:0]$1582
   433/462: $1$memwr$\dirty_arr$../rtl/cache/l1d.sv:279$686_ADDR[31:0]$1581
   434/462: $1$memwr$\data_arr$../rtl/cache/l1d.sv:278$685_EN[511:0]$1580
   435/462: $1$memwr$\data_arr$../rtl/cache/l1d.sv:278$685_DATA[511:0]$1579
   436/462: $1$memwr$\data_arr$../rtl/cache/l1d.sv:278$685_ADDR[31:0]$1578
   437/462: $1$memwr$\plru$../rtl/cache/l1d.sv:276$684_EN[0:0]$1577
   438/462: $1$memwr$\plru$../rtl/cache/l1d.sv:276$684_DATA[0:0]$1576
   439/462: $1$memwr$\plru$../rtl/cache/l1d.sv:276$684_ADDR[5:0]$1575
   440/462: $1$bitselwrite$pos$../rtl/cache/l1d.sv:125$356[31:0]$1254
   441/462: $1$bitselwrite$pos$../rtl/cache/l1d.sv:124$355[31:0]$1253
   442/462: $1$bitselwrite$pos$../rtl/cache/l1d.sv:123$354[31:0]$1252
   443/462: $1$bitselwrite$pos$../rtl/cache/l1d.sv:122$353[31:0]$1251
   444/462: $1\merge$func$../rtl/cache/l1d.sv:298$352.wdata[63:0]$1250
   445/462: $1\merge$func$../rtl/cache/l1d.sv:298$352.size[1:0]$1249
   446/462: $1\merge$func$../rtl/cache/l1d.sv:298$352.off[5:0]$1248
   447/462: $1\merge$func$../rtl/cache/l1d.sv:298$352.line[511:0]$1247
   448/462: $1\merge$func$../rtl/cache/l1d.sv:298$352.$result[511:0]$1246
   449/462: $1$bitselwrite$pos$../rtl/cache/l1d.sv:125$351[31:0]$1245
   450/462: $1$bitselwrite$pos$../rtl/cache/l1d.sv:124$350[31:0]$1244
   451/462: $1$bitselwrite$pos$../rtl/cache/l1d.sv:123$349[31:0]$1243
   452/462: $1$bitselwrite$pos$../rtl/cache/l1d.sv:122$348[31:0]$1242
   453/462: $1\merge$func$../rtl/cache/l1d.sv:278$347.wdata[63:0]$1241
   454/462: $1\merge$func$../rtl/cache/l1d.sv:278$347.size[1:0]$1240
   455/462: $1\merge$func$../rtl/cache/l1d.sv:278$347.off[5:0]$1239
   456/462: $1\merge$func$../rtl/cache/l1d.sv:278$347.line[511:0]$1238
   457/462: $1\merge$func$../rtl/cache/l1d.sv:278$347.$result[511:0]$1237
   458/462: $1\cnt_writebacks[31:0]
   459/462: $0\cnt_miss_under_miss[31:0]
   460/462: $0\cnt_hit_under_miss[31:0]
   461/462: $0\cnt_misses[31:0]
   462/462: $0\cnt_hits[31:0]
Creating decoders for process `\l1d.$proc$../rtl/cache/l1d.sv:230$818'.
     1/15: $5$memwr$\dirty_arr$../rtl/cache/l1d.sv:243$363_EN[0:0]$842
     2/15: $5$memwr$\dirty_arr$../rtl/cache/l1d.sv:243$363_ADDR[31:0]$841
     3/15: $4$memwr$\dirty_arr$../rtl/cache/l1d.sv:243$363_EN[0:0]$840
     4/15: $4$memwr$\dirty_arr$../rtl/cache/l1d.sv:243$363_ADDR[31:0]$839
     5/15: $3$memwr$\dirty_arr$../rtl/cache/l1d.sv:243$363_EN[0:0]$831
     6/15: $3$memwr$\dirty_arr$../rtl/cache/l1d.sv:243$363_ADDR[31:0]$830
     7/15: $2$memwr$\dirty_arr$../rtl/cache/l1d.sv:243$363_EN[0:0]$826
     8/15: $2$memwr$\dirty_arr$../rtl/cache/l1d.sv:243$363_ADDR[31:0]$825
     9/15: $0\flush_done[0:0]
    10/15: $1$memwr$\dirty_arr$../rtl/cache/l1d.sv:243$363_EN[0:0]$823
    11/15: $1$memwr$\dirty_arr$../rtl/cache/l1d.sv:243$363_ADDR[31:0]$822
    12/15: $0\fl_busy[0:0]
    13/15: $0\fl_way[0:0]
    14/15: $0\fl_idx[6:0]
    15/15: $0\cnt_writebacks[31:0]
Creating decoders for process `\l1d.$proc$../rtl/cache/l1d.sv:195$770'.
     1/30: $2$memwr$\fifo_data$../rtl/cache/l1d.sv:206$362_EN[63:0]$807
     2/30: $2$memwr$\fifo_data$../rtl/cache/l1d.sv:206$362_DATA[63:0]$806
     3/30: $2$memwr$\fifo_data$../rtl/cache/l1d.sv:206$362_ADDR[4:0]$805
     4/30: $2$memwr$\fifo_tag$../rtl/cache/l1d.sv:205$361_EN[3:0]$804
     5/30: $2$memwr$\fifo_tag$../rtl/cache/l1d.sv:205$361_DATA[3:0]$803
     6/30: $2$memwr$\fifo_tag$../rtl/cache/l1d.sv:205$361_ADDR[4:0]$802
     7/30: $2$memwr$\fifo_data$../rtl/cache/l1d.sv:202$360_EN[63:0]$801
     8/30: $2$memwr$\fifo_data$../rtl/cache/l1d.sv:202$360_DATA[63:0]$800
     9/30: $2$memwr$\fifo_data$../rtl/cache/l1d.sv:202$360_ADDR[4:0]$799
    10/30: $2$memwr$\fifo_tag$../rtl/cache/l1d.sv:201$359_EN[3:0]$798
    11/30: $2$memwr$\fifo_tag$../rtl/cache/l1d.sv:201$359_DATA[3:0]$797
    12/30: $2$memwr$\fifo_tag$../rtl/cache/l1d.sv:201$359_ADDR[4:0]$796
    13/30: $0\resp_valid[0:0]
    14/30: $0\fifo_cnt[5:0]
    15/30: $0\fifo_tail[4:0]
    16/30: $1$memwr$\fifo_data$../rtl/cache/l1d.sv:206$362_EN[63:0]$795
    17/30: $1$memwr$\fifo_data$../rtl/cache/l1d.sv:206$362_DATA[63:0]$794
    18/30: $1$memwr$\fifo_data$../rtl/cache/l1d.sv:206$362_ADDR[4:0]$793
    19/30: $1$memwr$\fifo_tag$../rtl/cache/l1d.sv:205$361_EN[3:0]$792
    20/30: $1$memwr$\fifo_tag$../rtl/cache/l1d.sv:205$361_DATA[3:0]$791
    21/30: $1$memwr$\fifo_tag$../rtl/cache/l1d.sv:205$361_ADDR[4:0]$790
    22/30: $1$memwr$\fifo_data$../rtl/cache/l1d.sv:202$360_EN[63:0]$789
    23/30: $1$memwr$\fifo_data$../rtl/cache/l1d.sv:202$360_DATA[63:0]$788
    24/30: $1$memwr$\fifo_data$../rtl/cache/l1d.sv:202$360_ADDR[4:0]$787
    25/30: $1$memwr$\fifo_tag$../rtl/cache/l1d.sv:201$359_EN[3:0]$786
    26/30: $1$memwr$\fifo_tag$../rtl/cache/l1d.sv:201$359_DATA[3:0]$785
    27/30: $1$memwr$\fifo_tag$../rtl/cache/l1d.sv:201$359_ADDR[4:0]$784
    28/30: $0\resp_data_r[63:0]
    29/30: $0\resp_tag_r[3:0]
    30/30: $0\fifo_head[4:0]
Creating decoders for process `\l1d.$proc$../rtl/cache/l1d.sv:93$722'.
     1/6: $5\alloc_way[0:0]
     2/6: $4\alloc_way[0:0]
     3/6: $3\alloc_way[0:0]
     4/6: $2\alloc_way[0:0]
     5/6: $1\no_way_avail[0:0]
     6/6: $1\alloc_way[0:0]
Creating decoders for process `$paramod$3b3ebe2a805de999e571f1f6aa39b69c15a9144c\mshr.$proc$../rtl/cache/mshr.sv:128$2163'.
Creating decoders for process `$paramod$3b3ebe2a805de999e571f1f6aa39b69c15a9144c\mshr.$proc$../rtl/cache/mshr.sv:141$2018'.
     1/93: $2$memwr$\st$../rtl/cache/mshr.sv:175$1865_EN[2:0]$2162
     2/93: $2$memwr$\st$../rtl/cache/mshr.sv:175$1865_ADDR[1:0]$2161
     3/93: $2$memwr$\st$../rtl/cache/mshr.sv:171$1864_EN[2:0]$2159
     4/93: $2$memwr$\st$../rtl/cache/mshr.sv:171$1864_ADDR[1:0]$2158
     5/93: $2$memwr$\filldata_r$../rtl/cache/mshr.sv:170$1863_EN[511:0]$2157
     6/93: $2$memwr$\filldata_r$../rtl/cache/mshr.sv:170$1863_DATA[511:0]$2156
     7/93: $2$memwr$\filldata_r$../rtl/cache/mshr.sv:170$1863_ADDR[1:0]$2155
     8/93: $3$memwr$\st$../rtl/cache/mshr.sv:161$1861_EN[2:0]$2152
     9/93: $3$memwr$\st$../rtl/cache/mshr.sv:161$1861_ADDR[1:0]$2151
    10/93: $3$memwr$\st$../rtl/cache/mshr.sv:163$1862_EN[2:0]$2154
    11/93: $3$memwr$\st$../rtl/cache/mshr.sv:163$1862_ADDR[1:0]$2153
    12/93: $2$memwr$\st$../rtl/cache/mshr.sv:163$1862_EN[2:0]$2148
    13/93: $2$memwr$\st$../rtl/cache/mshr.sv:163$1862_ADDR[1:0]$2147
    14/93: $2$memwr$\st$../rtl/cache/mshr.sv:161$1861_EN[2:0]$2146
    15/93: $2$memwr$\st$../rtl/cache/mshr.sv:161$1861_ADDR[1:0]$2145
    16/93: $2$memwr$\st$../rtl/cache/mshr.sv:156$1860_EN[2:0]$2142
    17/93: $2$memwr$\st$../rtl/cache/mshr.sv:156$1860_DATA[2:0]$2141
    18/93: $2$memwr$\st$../rtl/cache/mshr.sv:156$1860_ADDR[1:0]$2140
    19/93: $2$memwr$\vdata_r$../rtl/cache/mshr.sv:155$1859_EN[511:0]$2139
    20/93: $2$memwr$\vdata_r$../rtl/cache/mshr.sv:155$1859_DATA[511:0]$2138
    21/93: $2$memwr$\vdata_r$../rtl/cache/mshr.sv:155$1859_ADDR[1:0]$2137
    22/93: $2$memwr$\vaddr_r$../rtl/cache/mshr.sv:154$1858_EN[63:0]$2136
    23/93: $2$memwr$\vaddr_r$../rtl/cache/mshr.sv:154$1858_DATA[63:0]$2135
    24/93: $2$memwr$\vaddr_r$../rtl/cache/mshr.sv:154$1858_ADDR[1:0]$2134
    25/93: $2$memwr$\vdirty_r$../rtl/cache/mshr.sv:153$1857_EN[0:0]$2133
    26/93: $2$memwr$\vdirty_r$../rtl/cache/mshr.sv:153$1857_DATA[0:0]$2132
    27/93: $2$memwr$\vdirty_r$../rtl/cache/mshr.sv:153$1857_ADDR[1:0]$2131
    28/93: $2$memwr$\way_r$../rtl/cache/mshr.sv:152$1856_EN[0:0]$2130
    29/93: $2$memwr$\way_r$../rtl/cache/mshr.sv:152$1856_DATA[0:0]$2129
    30/93: $2$memwr$\way_r$../rtl/cache/mshr.sv:152$1856_ADDR[1:0]$2128
    31/93: $2$memwr$\wdata_r$../rtl/cache/mshr.sv:151$1855_EN[63:0]$2127
    32/93: $2$memwr$\wdata_r$../rtl/cache/mshr.sv:151$1855_DATA[63:0]$2126
    33/93: $2$memwr$\wdata_r$../rtl/cache/mshr.sv:151$1855_ADDR[1:0]$2125
    34/93: $2$memwr$\size_r$../rtl/cache/mshr.sv:150$1854_EN[1:0]$2124
    35/93: $2$memwr$\size_r$../rtl/cache/mshr.sv:150$1854_DATA[1:0]$2123
    36/93: $2$memwr$\size_r$../rtl/cache/mshr.sv:150$1854_ADDR[1:0]$2122
    37/93: $2$memwr$\we_r$../rtl/cache/mshr.sv:149$1853_EN[0:0]$2121
    38/93: $2$memwr$\we_r$../rtl/cache/mshr.sv:149$1853_DATA[0:0]$2120
    39/93: $2$memwr$\we_r$../rtl/cache/mshr.sv:149$1853_ADDR[1:0]$2119
    40/93: $2$memwr$\tag_r$../rtl/cache/mshr.sv:148$1852_EN[3:0]$2118
    41/93: $2$memwr$\tag_r$../rtl/cache/mshr.sv:148$1852_DATA[3:0]$2117
    42/93: $2$memwr$\tag_r$../rtl/cache/mshr.sv:148$1852_ADDR[1:0]$2116
    43/93: $2$memwr$\addr_r$../rtl/cache/mshr.sv:147$1851_EN[63:0]$2115
    44/93: $2$memwr$\addr_r$../rtl/cache/mshr.sv:147$1851_DATA[63:0]$2114
    45/93: $2$memwr$\addr_r$../rtl/cache/mshr.sv:147$1851_ADDR[1:0]$2113
    46/93: $1$fordecl_block$9.i[31:0]$2066
    47/93: $1$memwr$\st$../rtl/cache/mshr.sv:143$1850_EN[2:0]$2070
    48/93: $1$memwr$\st$../rtl/cache/mshr.sv:143$1849_EN[2:0]$2069
    49/93: $1$memwr$\st$../rtl/cache/mshr.sv:143$1848_EN[2:0]$2068
    50/93: $1$memwr$\st$../rtl/cache/mshr.sv:143$1847_EN[2:0]$2067
    51/93: $1$memwr$\st$../rtl/cache/mshr.sv:175$1865_EN[2:0]$2111
    52/93: $1$memwr$\st$../rtl/cache/mshr.sv:175$1865_ADDR[1:0]$2110
    53/93: $1$memwr$\st$../rtl/cache/mshr.sv:171$1864_EN[2:0]$2109
    54/93: $1$memwr$\st$../rtl/cache/mshr.sv:171$1864_ADDR[1:0]$2108
    55/93: $1$memwr$\filldata_r$../rtl/cache/mshr.sv:170$1863_EN[511:0]$2107
    56/93: $1$memwr$\filldata_r$../rtl/cache/mshr.sv:170$1863_DATA[511:0]$2106
    57/93: $1$memwr$\filldata_r$../rtl/cache/mshr.sv:170$1863_ADDR[1:0]$2105
    58/93: $1$memwr$\st$../rtl/cache/mshr.sv:163$1862_EN[2:0]$2104
    59/93: $1$memwr$\st$../rtl/cache/mshr.sv:163$1862_ADDR[1:0]$2103
    60/93: $1$memwr$\st$../rtl/cache/mshr.sv:161$1861_EN[2:0]$2102
    61/93: $1$memwr$\st$../rtl/cache/mshr.sv:161$1861_ADDR[1:0]$2101
    62/93: $1$memwr$\st$../rtl/cache/mshr.sv:156$1860_EN[2:0]$2100
    63/93: $1$memwr$\st$../rtl/cache/mshr.sv:156$1860_DATA[2:0]$2099
    64/93: $1$memwr$\st$../rtl/cache/mshr.sv:156$1860_ADDR[1:0]$2098
    65/93: $1$memwr$\vdata_r$../rtl/cache/mshr.sv:155$1859_EN[511:0]$2097
    66/93: $1$memwr$\vdata_r$../rtl/cache/mshr.sv:155$1859_DATA[511:0]$2096
    67/93: $1$memwr$\vdata_r$../rtl/cache/mshr.sv:155$1859_ADDR[1:0]$2095
    68/93: $1$memwr$\vaddr_r$../rtl/cache/mshr.sv:154$1858_EN[63:0]$2094
    69/93: $1$memwr$\vaddr_r$../rtl/cache/mshr.sv:154$1858_DATA[63:0]$2093
    70/93: $1$memwr$\vaddr_r$../rtl/cache/mshr.sv:154$1858_ADDR[1:0]$2092
    71/93: $1$memwr$\vdirty_r$../rtl/cache/mshr.sv:153$1857_EN[0:0]$2091
    72/93: $1$memwr$\vdirty_r$../rtl/cache/mshr.sv:153$1857_DATA[0:0]$2090
    73/93: $1$memwr$\vdirty_r$../rtl/cache/mshr.sv:153$1857_ADDR[1:0]$2089
    74/93: $1$memwr$\way_r$../rtl/cache/mshr.sv:152$1856_EN[0:0]$2088
    75/93: $1$memwr$\way_r$../rtl/cache/mshr.sv:152$1856_DATA[0:0]$2087
    76/93: $1$memwr$\way_r$../rtl/cache/mshr.sv:152$1856_ADDR[1:0]$2086
    77/93: $1$memwr$\wdata_r$../rtl/cache/mshr.sv:151$1855_EN[63:0]$2085
    78/93: $1$memwr$\wdata_r$../rtl/cache/mshr.sv:151$1855_DATA[63:0]$2084
    79/93: $1$memwr$\wdata_r$../rtl/cache/mshr.sv:151$1855_ADDR[1:0]$2083
    80/93: $1$memwr$\size_r$../rtl/cache/mshr.sv:150$1854_EN[1:0]$2082
    81/93: $1$memwr$\size_r$../rtl/cache/mshr.sv:150$1854_DATA[1:0]$2081
    82/93: $1$memwr$\size_r$../rtl/cache/mshr.sv:150$1854_ADDR[1:0]$2080
    83/93: $1$memwr$\we_r$../rtl/cache/mshr.sv:149$1853_EN[0:0]$2079
    84/93: $1$memwr$\we_r$../rtl/cache/mshr.sv:149$1853_DATA[0:0]$2078
    85/93: $1$memwr$\we_r$../rtl/cache/mshr.sv:149$1853_ADDR[1:0]$2077
    86/93: $1$memwr$\tag_r$../rtl/cache/mshr.sv:148$1852_EN[3:0]$2076
    87/93: $1$memwr$\tag_r$../rtl/cache/mshr.sv:148$1852_DATA[3:0]$2075
    88/93: $1$memwr$\tag_r$../rtl/cache/mshr.sv:148$1852_ADDR[1:0]$2074
    89/93: $1$memwr$\addr_r$../rtl/cache/mshr.sv:147$1851_EN[63:0]$2073
    90/93: $1$memwr$\addr_r$../rtl/cache/mshr.sv:147$1851_DATA[63:0]$2072
    91/93: $1$memwr$\addr_r$../rtl/cache/mshr.sv:147$1851_ADDR[1:0]$2071
    92/93: $0\busy_idx[1:0]
    93/93: $0\mem_busy[0:0]
Creating decoders for process `$paramod$3b3ebe2a805de999e571f1f6aa39b69c15a9144c\mshr.$proc$../rtl/cache/mshr.sv:118$1988'.
     1/4: $4\busy_cnt[2:0]
     2/4: $3\busy_cnt[2:0]
     3/4: $2\busy_cnt[2:0]
     4/4: $1\busy_cnt[2:0]
Creating decoders for process `$paramod$3b3ebe2a805de999e571f1f6aa39b69c15a9144c\mshr.$proc$../rtl/cache/mshr.sv:107$1954'.
     1/16: $8\way0_busy[0:0]
     2/16: $8\way1_busy[0:0]
     3/16: $7\way1_busy[0:0]
     4/16: $7\way0_busy[0:0]
     5/16: $6\way0_busy[0:0]
     6/16: $6\way1_busy[0:0]
     7/16: $5\way1_busy[0:0]
     8/16: $5\way0_busy[0:0]
     9/16: $4\way0_busy[0:0]
    10/16: $4\way1_busy[0:0]
    11/16: $3\way1_busy[0:0]
    12/16: $3\way0_busy[0:0]
    13/16: $2\way0_busy[0:0]
    14/16: $2\way1_busy[0:0]
    15/16: $1\way1_busy[0:0]
    16/16: $1\way0_busy[0:0]
Creating decoders for process `$paramod$3b3ebe2a805de999e571f1f6aa39b69c15a9144c\mshr.$proc$../rtl/cache/mshr.sv:97$1904'.
     1/20: $12\chk_pending[0:0]
     2/20: $11\chk_pending[0:0]
     3/20: $10\chk_pending[0:0]
     4/20: $1$mem2bits$\vaddr_r$../rtl/cache/mshr.sv:102$1841[63:0]$1947
     5/20: $1$mem2bits$\addr_r$../rtl/cache/mshr.sv:101$1840[63:0]$1946
     6/20: $9\chk_pending[0:0]
     7/20: $8\chk_pending[0:0]
     8/20: $7\chk_pending[0:0]
     9/20: $1$mem2bits$\vaddr_r$../rtl/cache/mshr.sv:102$1839[63:0]$1937
    10/20: $1$mem2bits$\addr_r$../rtl/cache/mshr.sv:101$1838[63:0]$1936
    11/20: $6\chk_pending[0:0]
    12/20: $5\chk_pending[0:0]
    13/20: $4\chk_pending[0:0]
    14/20: $1$mem2bits$\vaddr_r$../rtl/cache/mshr.sv:102$1837[63:0]$1927
    15/20: $1$mem2bits$\addr_r$../rtl/cache/mshr.sv:101$1836[63:0]$1926
    16/20: $3\chk_pending[0:0]
    17/20: $2\chk_pending[0:0]
    18/20: $1\chk_pending[0:0]
    19/20: $1$mem2bits$\vaddr_r$../rtl/cache/mshr.sv:102$1835[63:0]$1917
    20/20: $1$mem2bits$\addr_r$../rtl/cache/mshr.sv:101$1834[63:0]$1916
Creating decoders for process `$paramod$3b3ebe2a805de999e571f1f6aa39b69c15a9144c\mshr.$proc$../rtl/cache/mshr.sv:84$1866'.
     1/24: $4\send_idx[1:0]
     2/24: $4\send_any[0:0]
     3/24: $4\done_idx[1:0]
     4/24: $4\done_any[0:0]
     5/24: $4\free_idx[1:0]
     6/24: $4\free_any[0:0]
     7/24: $3\send_idx[1:0]
     8/24: $3\send_any[0:0]
     9/24: $3\done_idx[1:0]
    10/24: $3\done_any[0:0]
    11/24: $3\free_idx[1:0]
    12/24: $3\free_any[0:0]
    13/24: $2\send_idx[1:0]
    14/24: $2\send_any[0:0]
    15/24: $2\done_idx[1:0]
    16/24: $2\done_any[0:0]
    17/24: $2\free_idx[1:0]
    18/24: $2\free_any[0:0]
    19/24: $1\send_idx[1:0]
    20/24: $1\send_any[0:0]
    21/24: $1\done_idx[1:0]
    22/24: $1\done_any[0:0]
    23/24: $1\free_idx[1:0]
    24/24: $1\free_any[0:0]

4.2.8. Executing PROC_DLATCH pass (convert process syncs to latches).
No latch inferred for signal `\l1d.\extract$func$../rtl/cache/l1d.sv:182$346.$result' from process `\l1d.$proc$../rtl/cache/l1d.sv:182$1815'.
No latch inferred for signal `\l1d.\extract$func$../rtl/cache/l1d.sv:181$345.$result' from process `\l1d.$proc$../rtl/cache/l1d.sv:181$1793'.
No latch inferred for signal `\l1d.\alloc_way' from process `\l1d.$proc$../rtl/cache/l1d.sv:93$722'.
No latch inferred for signal `\l1d.\no_way_avail' from process `\l1d.$proc$../rtl/cache/l1d.sv:93$722'.
No latch inferred for signal `$paramod$3b3ebe2a805de999e571f1f6aa39b69c15a9144c\mshr.$mem2bits$\addr_r$../rtl/cache/mshr.sv:128$1846' from process `$paramod$3b3ebe2a805de999e571f1f6aa39b69c15a9144c\mshr.$proc$../rtl/cache/mshr.sv:128$2163'.
No latch inferred for signal `$paramod$3b3ebe2a805de999e571f1f6aa39b69c15a9144c\mshr.\busy_cnt' from process `$paramod$3b3ebe2a805de999e571f1f6aa39b69c15a9144c\mshr.$proc$../rtl/cache/mshr.sv:118$1988'.
No latch inferred for signal `$paramod$3b3ebe2a805de999e571f1f6aa39b69c15a9144c\mshr.\way0_busy' from process `$paramod$3b3ebe2a805de999e571f1f6aa39b69c15a9144c\mshr.$proc$../rtl/cache/mshr.sv:107$1954'.
No latch inferred for signal `$paramod$3b3ebe2a805de999e571f1f6aa39b69c15a9144c\mshr.\way1_busy' from process `$paramod$3b3ebe2a805de999e571f1f6aa39b69c15a9144c\mshr.$proc$../rtl/cache/mshr.sv:107$1954'.
No latch inferred for signal `$paramod$3b3ebe2a805de999e571f1f6aa39b69c15a9144c\mshr.\chk_pending' from process `$paramod$3b3ebe2a805de999e571f1f6aa39b69c15a9144c\mshr.$proc$../rtl/cache/mshr.sv:97$1904'.
No latch inferred for signal `$paramod$3b3ebe2a805de999e571f1f6aa39b69c15a9144c\mshr.\free_idx' from process `$paramod$3b3ebe2a805de999e571f1f6aa39b69c15a9144c\mshr.$proc$../rtl/cache/mshr.sv:84$1866'.
No latch inferred for signal `$paramod$3b3ebe2a805de999e571f1f6aa39b69c15a9144c\mshr.\done_idx' from process `$paramod$3b3ebe2a805de999e571f1f6aa39b69c15a9144c\mshr.$proc$../rtl/cache/mshr.sv:84$1866'.
No latch inferred for signal `$paramod$3b3ebe2a805de999e571f1f6aa39b69c15a9144c\mshr.\send_idx' from process `$paramod$3b3ebe2a805de999e571f1f6aa39b69c15a9144c\mshr.$proc$../rtl/cache/mshr.sv:84$1866'.
No latch inferred for signal `$paramod$3b3ebe2a805de999e571f1f6aa39b69c15a9144c\mshr.\free_any' from process `$paramod$3b3ebe2a805de999e571f1f6aa39b69c15a9144c\mshr.$proc$../rtl/cache/mshr.sv:84$1866'.
No latch inferred for signal `$paramod$3b3ebe2a805de999e571f1f6aa39b69c15a9144c\mshr.\done_any' from process `$paramod$3b3ebe2a805de999e571f1f6aa39b69c15a9144c\mshr.$proc$../rtl/cache/mshr.sv:84$1866'.
No latch inferred for signal `$paramod$3b3ebe2a805de999e571f1f6aa39b69c15a9144c\mshr.\send_any' from process `$paramod$3b3ebe2a805de999e571f1f6aa39b69c15a9144c\mshr.$proc$../rtl/cache/mshr.sv:84$1866'.

4.2.9. Executing PROC_DFF pass (convert process syncs to FFs).
Creating register for signal `\l1d.\cnt_hits' using process `\l1d.$proc$../rtl/cache/l1d.sv:263$869'.
  created $dff cell `$procdff$5058' with positive edge clock.
Creating register for signal `\l1d.\cnt_misses' using process `\l1d.$proc$../rtl/cache/l1d.sv:263$869'.
  created $dff cell `$procdff$5059' with positive edge clock.
Creating register for signal `\l1d.\cnt_hit_under_miss' using process `\l1d.$proc$../rtl/cache/l1d.sv:263$869'.
  created $dff cell `$procdff$5060' with positive edge clock.
Creating register for signal `\l1d.\cnt_miss_under_miss' using process `\l1d.$proc$../rtl/cache/l1d.sv:263$869'.
  created $dff cell `$procdff$5061' with positive edge clock.
Creating register for signal `\l1d.\cnt_writebacks' using process `\l1d.$proc$../rtl/cache/l1d.sv:263$869'.
  created $dff cell `$procdff$5062' with positive edge clock.
Creating register for signal `\l1d.\fp_i' using process `\l1d.$proc$../rtl/cache/l1d.sv:263$869'.
  created $dff cell `$procdff$5063' with positive edge clock.
Creating register for signal `\l1d.\fp_j' using process `\l1d.$proc$../rtl/cache/l1d.sv:263$869'.
  created $dff cell `$procdff$5064' with positive edge clock.
Creating register for signal `\l1d.\merge$func$../rtl/cache/l1d.sv:278$347.$result' using process `\l1d.$proc$../rtl/cache/l1d.sv:263$869'.
  created $dff cell `$procdff$5065' with positive edge clock.
Creating register for signal `\l1d.\merge$func$../rtl/cache/l1d.sv:278$347.line' using process `\l1d.$proc$../rtl/cache/l1d.sv:263$869'.
  created $dff cell `$procdff$5066' with positive edge clock.
Creating register for signal `\l1d.\merge$func$../rtl/cache/l1d.sv:278$347.off' using process `\l1d.$proc$../rtl/cache/l1d.sv:263$869'.
  created $dff cell `$procdff$5067' with positive edge clock.
Creating register for signal `\l1d.\merge$func$../rtl/cache/l1d.sv:278$347.size' using process `\l1d.$proc$../rtl/cache/l1d.sv:263$869'.
  created $dff cell `$procdff$5068' with positive edge clock.
Creating register for signal `\l1d.\merge$func$../rtl/cache/l1d.sv:278$347.wdata' using process `\l1d.$proc$../rtl/cache/l1d.sv:263$869'.
  created $dff cell `$procdff$5069' with positive edge clock.
Creating register for signal `\l1d.$bitselwrite$pos$../rtl/cache/l1d.sv:122$348' using process `\l1d.$proc$../rtl/cache/l1d.sv:263$869'.
  created $dff cell `$procdff$5070' with positive edge clock.
Creating register for signal `\l1d.$bitselwrite$pos$../rtl/cache/l1d.sv:123$349' using process `\l1d.$proc$../rtl/cache/l1d.sv:263$869'.
  created $dff cell `$procdff$5071' with positive edge clock.
Creating register for signal `\l1d.$bitselwrite$pos$../rtl/cache/l1d.sv:124$350' using process `\l1d.$proc$../rtl/cache/l1d.sv:263$869'.
  created $dff cell `$procdff$5072' with positive edge clock.
Creating register for signal `\l1d.$bitselwrite$pos$../rtl/cache/l1d.sv:125$351' using process `\l1d.$proc$../rtl/cache/l1d.sv:263$869'.
  created $dff cell `$procdff$5073' with positive edge clock.
Creating register for signal `\l1d.\merge$func$../rtl/cache/l1d.sv:298$352.$result' using process `\l1d.$proc$../rtl/cache/l1d.sv:263$869'.
  created $dff cell `$procdff$5074' with positive edge clock.
Creating register for signal `\l1d.\merge$func$../rtl/cache/l1d.sv:298$352.line' using process `\l1d.$proc$../rtl/cache/l1d.sv:263$869'.
  created $dff cell `$procdff$5075' with positive edge clock.
Creating register for signal `\l1d.\merge$func$../rtl/cache/l1d.sv:298$352.off' using process `\l1d.$proc$../rtl/cache/l1d.sv:263$869'.
  created $dff cell `$procdff$5076' with positive edge clock.
Creating register for signal `\l1d.\merge$func$../rtl/cache/l1d.sv:298$352.size' using process `\l1d.$proc$../rtl/cache/l1d.sv:263$869'.
  created $dff cell `$procdff$5077' with positive edge clock.
Creating register for signal `\l1d.\merge$func$../rtl/cache/l1d.sv:298$352.wdata' using process `\l1d.$proc$../rtl/cache/l1d.sv:263$869'.
  created $dff cell `$procdff$5078' with positive edge clock.
Creating register for signal `\l1d.$bitselwrite$pos$../rtl/cache/l1d.sv:122$353' using process `\l1d.$proc$../rtl/cache/l1d.sv:263$869'.
  created $dff cell `$procdff$5079' with positive edge clock.
Creating register for signal `\l1d.$bitselwrite$pos$../rtl/cache/l1d.sv:123$354' using process `\l1d.$proc$../rtl/cache/l1d.sv:263$869'.
  created $dff cell `$procdff$5080' with positive edge clock.
Creating register for signal `\l1d.$bitselwrite$pos$../rtl/cache/l1d.sv:124$355' using process `\l1d.$proc$../rtl/cache/l1d.sv:263$869'.
  created $dff cell `$procdff$5081' with positive edge clock.
Creating register for signal `\l1d.$bitselwrite$pos$../rtl/cache/l1d.sv:125$356' using process `\l1d.$proc$../rtl/cache/l1d.sv:263$869'.
  created $dff cell `$procdff$5082' with positive edge clock.
Creating register for signal `\l1d.$memwr$\plru$../rtl/cache/l1d.sv:266$364_EN' using process `\l1d.$proc$../rtl/cache/l1d.sv:263$869'.
  created $dff cell `$procdff$5083' with positive edge clock.
Creating register for signal `\l1d.$memwr$\valid_arr$../rtl/cache/l1d.sv:268$365_EN' using process `\l1d.$proc$../rtl/cache/l1d.sv:263$869'.
  created $dff cell `$procdff$5084' with positive edge clock.
Creating register for signal `\l1d.$memwr$\dirty_arr$../rtl/cache/l1d.sv:269$366_EN' using process `\l1d.$proc$../rtl/cache/l1d.sv:263$869'.
  created $dff cell `$procdff$5085' with positive edge clock.
Creating register for signal `\l1d.$memwr$\valid_arr$../rtl/cache/l1d.sv:268$367_EN' using process `\l1d.$proc$../rtl/cache/l1d.sv:263$869'.
  created $dff cell `$procdff$5086' with positive edge clock.
Creating register for signal `\l1d.$memwr$\dirty_arr$../rtl/cache/l1d.sv:269$368_EN' using process `\l1d.$proc$../rtl/cache/l1d.sv:263$869'.
  created $dff cell `$procdff$5087' with positive edge clock.
Creating register for signal `\l1d.$memwr$\plru$../rtl/cache/l1d.sv:266$369_EN' using process `\l1d.$proc$../rtl/cache/l1d.sv:263$869'.
  created $dff cell `$procdff$5088' with positive edge clock.
Creating register for signal `\l1d.$memwr$\valid_arr$../rtl/cache/l1d.sv:268$370_EN' using process `\l1d.$proc$../rtl/cache/l1d.sv:263$869'.
  created $dff cell `$procdff$5089' with positive edge clock.
Creating register for signal `\l1d.$memwr$\dirty_arr$../rtl/cache/l1d.sv:269$371_EN' using process `\l1d.$proc$../rtl/cache/l1d.sv:263$869'.
  created $dff cell `$procdff$5090' with positive edge clock.
Creating register for signal `\l1d.$memwr$\valid_arr$../rtl/cache/l1d.sv:268$372_EN' using process `\l1d.$proc$../rtl/cache/l1d.sv:263$869'.
  created $dff cell `$procdff$5091' with positive edge clock.
Creating register for signal `\l1d.$memwr$\dirty_arr$../rtl/cache/l1d.sv:269$373_EN' using process `\l1d.$proc$../rtl/cache/l1d.sv:263$869'.
  created $dff cell `$procdff$5092' with positive edge clock.
Creating register for signal `\l1d.$memwr$\plru$../rtl/cache/l1d.sv:266$374_EN' using process `\l1d.$proc$../rtl/cache/l1d.sv:263$869'.
  created $dff cell `$procdff$5093' with positive edge clock.
Creating register for signal `\l1d.$memwr$\valid_arr$../rtl/cache/l1d.sv:268$375_EN' using process `\l1d.$proc$../rtl/cache/l1d.sv:263$869'.
  created $dff cell `$procdff$5094' with positive edge clock.
Creating register for signal `\l1d.$memwr$\dirty_arr$../rtl/cache/l1d.sv:269$376_EN' using process `\l1d.$proc$../rtl/cache/l1d.sv:263$869'.
  created $dff cell `$procdff$5095' with positive edge clock.
Creating register for signal `\l1d.$memwr$\valid_arr$../rtl/cache/l1d.sv:268$377_EN' using process `\l1d.$proc$../rtl/cache/l1d.sv:263$869'.
  created $dff cell `$procdff$5096' with positive edge clock.
Creating register for signal `\l1d.$memwr$\dirty_arr$../rtl/cache/l1d.sv:269$378_EN' using process `\l1d.$proc$../rtl/cache/l1d.sv:263$869'.
  created $dff cell `$procdff$5097' with positive edge clock.
Creating register for signal `\l1d.$memwr$\plru$../rtl/cache/l1d.sv:266$379_EN' using process `\l1d.$proc$../rtl/cache/l1d.sv:263$869'.
  created $dff cell `$procdff$5098' with positive edge clock.
Creating register for signal `\l1d.$memwr$\valid_arr$../rtl/cache/l1d.sv:268$380_EN' using process `\l1d.$proc$../rtl/cache/l1d.sv:263$869'.
  created $dff cell `$procdff$5099' with positive edge clock.
Creating register for signal `\l1d.$memwr$\dirty_arr$../rtl/cache/l1d.sv:269$381_EN' using process `\l1d.$proc$../rtl/cache/l1d.sv:263$869'.
  created $dff cell `$procdff$5100' with positive edge clock.
Creating register for signal `\l1d.$memwr$\valid_arr$../rtl/cache/l1d.sv:268$382_EN' using process `\l1d.$proc$../rtl/cache/l1d.sv:263$869'.
  created $dff cell `$procdff$5101' with positive edge clock.
Creating register for signal `\l1d.$memwr$\dirty_arr$../rtl/cache/l1d.sv:269$383_EN' using process `\l1d.$proc$../rtl/cache/l1d.sv:263$869'.
  created $dff cell `$procdff$5102' with positive edge clock.
Creating register for signal `\l1d.$memwr$\plru$../rtl/cache/l1d.sv:266$384_EN' using process `\l1d.$proc$../rtl/cache/l1d.sv:263$869'.
  created $dff cell `$procdff$5103' with positive edge clock.
Creating register for signal `\l1d.$memwr$\valid_arr$../rtl/cache/l1d.sv:268$385_EN' using process `\l1d.$proc$../rtl/cache/l1d.sv:263$869'.
  created $dff cell `$procdff$5104' with positive edge clock.
Creating register for signal `\l1d.$memwr$\dirty_arr$../rtl/cache/l1d.sv:269$386_EN' using process `\l1d.$proc$../rtl/cache/l1d.sv:263$869'.
  created $dff cell `$procdff$5105' with positive edge clock.
Creating register for signal `\l1d.$memwr$\valid_arr$../rtl/cache/l1d.sv:268$387_EN' using process `\l1d.$proc$../rtl/cache/l1d.sv:263$869'.
  created $dff cell `$procdff$5106' with positive edge clock.
Creating register for signal `\l1d.$memwr$\dirty_arr$../rtl/cache/l1d.sv:269$388_EN' using process `\l1d.$proc$../rtl/cache/l1d.sv:263$869'.
  created $dff cell `$procdff$5107' with positive edge clock.
Creating register for signal `\l1d.$memwr$\plru$../rtl/cache/l1d.sv:266$389_EN' using process `\l1d.$proc$../rtl/cache/l1d.sv:263$869'.
  created $dff cell `$procdff$5108' with positive edge clock.
Creating register for signal `\l1d.$memwr$\valid_arr$../rtl/cache/l1d.sv:268$390_EN' using process `\l1d.$proc$../rtl/cache/l1d.sv:263$869'.
  created $dff cell `$procdff$5109' with positive edge clock.
Creating register for signal `\l1d.$memwr$\dirty_arr$../rtl/cache/l1d.sv:269$391_EN' using process `\l1d.$proc$../rtl/cache/l1d.sv:263$869'.
  created $dff cell `$procdff$5110' with positive edge clock.
Creating register for signal `\l1d.$memwr$\valid_arr$../rtl/cache/l1d.sv:268$392_EN' using process `\l1d.$proc$../rtl/cache/l1d.sv:263$869'.
  created $dff cell `$procdff$5111' with positive edge clock.
Creating register for signal `\l1d.$memwr$\dirty_arr$../rtl/cache/l1d.sv:269$393_EN' using process `\l1d.$proc$../rtl/cache/l1d.sv:263$869'.
  created $dff cell `$procdff$5112' with positive edge clock.
Creating register for signal `\l1d.$memwr$\plru$../rtl/cache/l1d.sv:266$394_EN' using process `\l1d.$proc$../rtl/cache/l1d.sv:263$869'.
  created $dff cell `$procdff$5113' with positive edge clock.
Creating register for signal `\l1d.$memwr$\valid_arr$../rtl/cache/l1d.sv:268$395_EN' using process `\l1d.$proc$../rtl/cache/l1d.sv:263$869'.
  created $dff cell `$procdff$5114' with positive edge clock.
Creating register for signal `\l1d.$memwr$\dirty_arr$../rtl/cache/l1d.sv:269$396_EN' using process `\l1d.$proc$../rtl/cache/l1d.sv:263$869'.
  created $dff cell `$procdff$5115' with positive edge clock.
Creating register for signal `\l1d.$memwr$\valid_arr$../rtl/cache/l1d.sv:268$397_EN' using process `\l1d.$proc$../rtl/cache/l1d.sv:263$869'.
  created $dff cell `$procdff$5116' with positive edge clock.
Creating register for signal `\l1d.$memwr$\dirty_arr$../rtl/cache/l1d.sv:269$398_EN' using process `\l1d.$proc$../rtl/cache/l1d.sv:263$869'.
  created $dff cell `$procdff$5117' with positive edge clock.
Creating register for signal `\l1d.$memwr$\plru$../rtl/cache/l1d.sv:266$399_EN' using process `\l1d.$proc$../rtl/cache/l1d.sv:263$869'.
  created $dff cell `$procdff$5118' with positive edge clock.
Creating register for signal `\l1d.$memwr$\valid_arr$../rtl/cache/l1d.sv:268$400_EN' using process `\l1d.$proc$../rtl/cache/l1d.sv:263$869'.
  created $dff cell `$procdff$5119' with positive edge clock.
Creating register for signal `\l1d.$memwr$\dirty_arr$../rtl/cache/l1d.sv:269$401_EN' using process `\l1d.$proc$../rtl/cache/l1d.sv:263$869'.
  created $dff cell `$procdff$5120' with positive edge clock.
Creating register for signal `\l1d.$memwr$\valid_arr$../rtl/cache/l1d.sv:268$402_EN' using process `\l1d.$proc$../rtl/cache/l1d.sv:263$869'.
  created $dff cell `$procdff$5121' with positive edge clock.
Creating register for signal `\l1d.$memwr$\dirty_arr$../rtl/cache/l1d.sv:269$403_EN' using process `\l1d.$proc$../rtl/cache/l1d.sv:263$869'.
  created $dff cell `$procdff$5122' with positive edge clock.
Creating register for signal `\l1d.$memwr$\plru$../rtl/cache/l1d.sv:266$404_EN' using process `\l1d.$proc$../rtl/cache/l1d.sv:263$869'.
  created $dff cell `$procdff$5123' with positive edge clock.
Creating register for signal `\l1d.$memwr$\valid_arr$../rtl/cache/l1d.sv:268$405_EN' using process `\l1d.$proc$../rtl/cache/l1d.sv:263$869'.
  created $dff cell `$procdff$5124' with positive edge clock.
Creating register for signal `\l1d.$memwr$\dirty_arr$../rtl/cache/l1d.sv:269$406_EN' using process `\l1d.$proc$../rtl/cache/l1d.sv:263$869'.
  created $dff cell `$procdff$5125' with positive edge clock.
Creating register for signal `\l1d.$memwr$\valid_arr$../rtl/cache/l1d.sv:268$407_EN' using process `\l1d.$proc$../rtl/cache/l1d.sv:263$869'.
  created $dff cell `$procdff$5126' with positive edge clock.
Creating register for signal `\l1d.$memwr$\dirty_arr$../rtl/cache/l1d.sv:269$408_EN' using process `\l1d.$proc$../rtl/cache/l1d.sv:263$869'.
  created $dff cell `$procdff$5127' with positive edge clock.
Creating register for signal `\l1d.$memwr$\plru$../rtl/cache/l1d.sv:266$409_EN' using process `\l1d.$proc$../rtl/cache/l1d.sv:263$869'.
  created $dff cell `$procdff$5128' with positive edge clock.
Creating register for signal `\l1d.$memwr$\valid_arr$../rtl/cache/l1d.sv:268$410_EN' using process `\l1d.$proc$../rtl/cache/l1d.sv:263$869'.
  created $dff cell `$procdff$5129' with positive edge clock.
Creating register for signal `\l1d.$memwr$\dirty_arr$../rtl/cache/l1d.sv:269$411_EN' using process `\l1d.$proc$../rtl/cache/l1d.sv:263$869'.
  created $dff cell `$procdff$5130' with positive edge clock.
Creating register for signal `\l1d.$memwr$\valid_arr$../rtl/cache/l1d.sv:268$412_EN' using process `\l1d.$proc$../rtl/cache/l1d.sv:263$869'.
  created $dff cell `$procdff$5131' with positive edge clock.
Creating register for signal `\l1d.$memwr$\dirty_arr$../rtl/cache/l1d.sv:269$413_EN' using process `\l1d.$proc$../rtl/cache/l1d.sv:263$869'.
  created $dff cell `$procdff$5132' with positive edge clock.
Creating register for signal `\l1d.$memwr$\plru$../rtl/cache/l1d.sv:266$414_EN' using process `\l1d.$proc$../rtl/cache/l1d.sv:263$869'.
  created $dff cell `$procdff$5133' with positive edge clock.
Creating register for signal `\l1d.$memwr$\valid_arr$../rtl/cache/l1d.sv:268$415_EN' using process `\l1d.$proc$../rtl/cache/l1d.sv:263$869'.
  created $dff cell `$procdff$5134' with positive edge clock.
Creating register for signal `\l1d.$memwr$\dirty_arr$../rtl/cache/l1d.sv:269$416_EN' using process `\l1d.$proc$../rtl/cache/l1d.sv:263$869'.
  created $dff cell `$procdff$5135' with positive edge clock.
Creating register for signal `\l1d.$memwr$\valid_arr$../rtl/cache/l1d.sv:268$417_EN' using process `\l1d.$proc$../rtl/cache/l1d.sv:263$869'.
  created $dff cell `$procdff$5136' with positive edge clock.
Creating register for signal `\l1d.$memwr$\dirty_arr$../rtl/cache/l1d.sv:269$418_EN' using process `\l1d.$proc$../rtl/cache/l1d.sv:263$869'.
  created $dff cell `$procdff$5137' with positive edge clock.
Creating register for signal `\l1d.$memwr$\plru$../rtl/cache/l1d.sv:266$419_EN' using process `\l1d.$proc$../rtl/cache/l1d.sv:263$869'.
  created $dff cell `$procdff$5138' with positive edge clock.
Creating register for signal `\l1d.$memwr$\valid_arr$../rtl/cache/l1d.sv:268$420_EN' using process `\l1d.$proc$../rtl/cache/l1d.sv:263$869'.
  created $dff cell `$procdff$5139' with positive edge clock.
Creating register for signal `\l1d.$memwr$\dirty_arr$../rtl/cache/l1d.sv:269$421_EN' using process `\l1d.$proc$../rtl/cache/l1d.sv:263$869'.
  created $dff cell `$procdff$5140' with positive edge clock.
Creating register for signal `\l1d.$memwr$\valid_arr$../rtl/cache/l1d.sv:268$422_EN' using process `\l1d.$proc$../rtl/cache/l1d.sv:263$869'.
  created $dff cell `$procdff$5141' with positive edge clock.
Creating register for signal `\l1d.$memwr$\dirty_arr$../rtl/cache/l1d.sv:269$423_EN' using process `\l1d.$proc$../rtl/cache/l1d.sv:263$869'.
  created $dff cell `$procdff$5142' with positive edge clock.
Creating register for signal `\l1d.$memwr$\plru$../rtl/cache/l1d.sv:266$424_EN' using process `\l1d.$proc$../rtl/cache/l1d.sv:263$869'.
  created $dff cell `$procdff$5143' with positive edge clock.
Creating register for signal `\l1d.$memwr$\valid_arr$../rtl/cache/l1d.sv:268$425_EN' using process `\l1d.$proc$../rtl/cache/l1d.sv:263$869'.
  created $dff cell `$procdff$5144' with positive edge clock.
Creating register for signal `\l1d.$memwr$\dirty_arr$../rtl/cache/l1d.sv:269$426_EN' using process `\l1d.$proc$../rtl/cache/l1d.sv:263$869'.
  created $dff cell `$procdff$5145' with positive edge clock.
Creating register for signal `\l1d.$memwr$\valid_arr$../rtl/cache/l1d.sv:268$427_EN' using process `\l1d.$proc$../rtl/cache/l1d.sv:263$869'.
  created $dff cell `$procdff$5146' with positive edge clock.
Creating register for signal `\l1d.$memwr$\dirty_arr$../rtl/cache/l1d.sv:269$428_EN' using process `\l1d.$proc$../rtl/cache/l1d.sv:263$869'.
  created $dff cell `$procdff$5147' with positive edge clock.
Creating register for signal `\l1d.$memwr$\plru$../rtl/cache/l1d.sv:266$429_EN' using process `\l1d.$proc$../rtl/cache/l1d.sv:263$869'.
  created $dff cell `$procdff$5148' with positive edge clock.
Creating register for signal `\l1d.$memwr$\valid_arr$../rtl/cache/l1d.sv:268$430_EN' using process `\l1d.$proc$../rtl/cache/l1d.sv:263$869'.
  created $dff cell `$procdff$5149' with positive edge clock.
Creating register for signal `\l1d.$memwr$\dirty_arr$../rtl/cache/l1d.sv:269$431_EN' using process `\l1d.$proc$../rtl/cache/l1d.sv:263$869'.
  created $dff cell `$procdff$5150' with positive edge clock.
Creating register for signal `\l1d.$memwr$\valid_arr$../rtl/cache/l1d.sv:268$432_EN' using process `\l1d.$proc$../rtl/cache/l1d.sv:263$869'.
  created $dff cell `$procdff$5151' with positive edge clock.
Creating register for signal `\l1d.$memwr$\dirty_arr$../rtl/cache/l1d.sv:269$433_EN' using process `\l1d.$proc$../rtl/cache/l1d.sv:263$869'.
  created $dff cell `$procdff$5152' with positive edge clock.
Creating register for signal `\l1d.$memwr$\plru$../rtl/cache/l1d.sv:266$434_EN' using process `\l1d.$proc$../rtl/cache/l1d.sv:263$869'.
  created $dff cell `$procdff$5153' with positive edge clock.
Creating register for signal `\l1d.$memwr$\valid_arr$../rtl/cache/l1d.sv:268$435_EN' using process `\l1d.$proc$../rtl/cache/l1d.sv:263$869'.
  created $dff cell `$procdff$5154' with positive edge clock.
Creating register for signal `\l1d.$memwr$\dirty_arr$../rtl/cache/l1d.sv:269$436_EN' using process `\l1d.$proc$../rtl/cache/l1d.sv:263$869'.
  created $dff cell `$procdff$5155' with positive edge clock.
Creating register for signal `\l1d.$memwr$\valid_arr$../rtl/cache/l1d.sv:268$437_EN' using process `\l1d.$proc$../rtl/cache/l1d.sv:263$869'.
  created $dff cell `$procdff$5156' with positive edge clock.
Creating register for signal `\l1d.$memwr$\dirty_arr$../rtl/cache/l1d.sv:269$438_EN' using process `\l1d.$proc$../rtl/cache/l1d.sv:263$869'.
  created $dff cell `$procdff$5157' with positive edge clock.
Creating register for signal `\l1d.$memwr$\plru$../rtl/cache/l1d.sv:266$439_EN' using process `\l1d.$proc$../rtl/cache/l1d.sv:263$869'.
  created $dff cell `$procdff$5158' with positive edge clock.
Creating register for signal `\l1d.$memwr$\valid_arr$../rtl/cache/l1d.sv:268$440_EN' using process `\l1d.$proc$../rtl/cache/l1d.sv:263$869'.
  created $dff cell `$procdff$5159' with positive edge clock.
Creating register for signal `\l1d.$memwr$\dirty_arr$../rtl/cache/l1d.sv:269$441_EN' using process `\l1d.$proc$../rtl/cache/l1d.sv:263$869'.
  created $dff cell `$procdff$5160' with positive edge clock.
Creating register for signal `\l1d.$memwr$\valid_arr$../rtl/cache/l1d.sv:268$442_EN' using process `\l1d.$proc$../rtl/cache/l1d.sv:263$869'.
  created $dff cell `$procdff$5161' with positive edge clock.
Creating register for signal `\l1d.$memwr$\dirty_arr$../rtl/cache/l1d.sv:269$443_EN' using process `\l1d.$proc$../rtl/cache/l1d.sv:263$869'.
  created $dff cell `$procdff$5162' with positive edge clock.
Creating register for signal `\l1d.$memwr$\plru$../rtl/cache/l1d.sv:266$444_EN' using process `\l1d.$proc$../rtl/cache/l1d.sv:263$869'.
  created $dff cell `$procdff$5163' with positive edge clock.
Creating register for signal `\l1d.$memwr$\valid_arr$../rtl/cache/l1d.sv:268$445_EN' using process `\l1d.$proc$../rtl/cache/l1d.sv:263$869'.
  created $dff cell `$procdff$5164' with positive edge clock.
Creating register for signal `\l1d.$memwr$\dirty_arr$../rtl/cache/l1d.sv:269$446_EN' using process `\l1d.$proc$../rtl/cache/l1d.sv:263$869'.
  created $dff cell `$procdff$5165' with positive edge clock.
Creating register for signal `\l1d.$memwr$\valid_arr$../rtl/cache/l1d.sv:268$447_EN' using process `\l1d.$proc$../rtl/cache/l1d.sv:263$869'.
  created $dff cell `$procdff$5166' with positive edge clock.
Creating register for signal `\l1d.$memwr$\dirty_arr$../rtl/cache/l1d.sv:269$448_EN' using process `\l1d.$proc$../rtl/cache/l1d.sv:263$869'.
  created $dff cell `$procdff$5167' with positive edge clock.
Creating register for signal `\l1d.$memwr$\plru$../rtl/cache/l1d.sv:266$449_EN' using process `\l1d.$proc$../rtl/cache/l1d.sv:263$869'.
  created $dff cell `$procdff$5168' with positive edge clock.
Creating register for signal `\l1d.$memwr$\valid_arr$../rtl/cache/l1d.sv:268$450_EN' using process `\l1d.$proc$../rtl/cache/l1d.sv:263$869'.
  created $dff cell `$procdff$5169' with positive edge clock.
Creating register for signal `\l1d.$memwr$\dirty_arr$../rtl/cache/l1d.sv:269$451_EN' using process `\l1d.$proc$../rtl/cache/l1d.sv:263$869'.
  created $dff cell `$procdff$5170' with positive edge clock.
Creating register for signal `\l1d.$memwr$\valid_arr$../rtl/cache/l1d.sv:268$452_EN' using process `\l1d.$proc$../rtl/cache/l1d.sv:263$869'.
  created $dff cell `$procdff$5171' with positive edge clock.
Creating register for signal `\l1d.$memwr$\dirty_arr$../rtl/cache/l1d.sv:269$453_EN' using process `\l1d.$proc$../rtl/cache/l1d.sv:263$869'.
  created $dff cell `$procdff$5172' with positive edge clock.
Creating register for signal `\l1d.$memwr$\plru$../rtl/cache/l1d.sv:266$454_EN' using process `\l1d.$proc$../rtl/cache/l1d.sv:263$869'.
  created $dff cell `$procdff$5173' with positive edge clock.
Creating register for signal `\l1d.$memwr$\valid_arr$../rtl/cache/l1d.sv:268$455_EN' using process `\l1d.$proc$../rtl/cache/l1d.sv:263$869'.
  created $dff cell `$procdff$5174' with positive edge clock.
Creating register for signal `\l1d.$memwr$\dirty_arr$../rtl/cache/l1d.sv:269$456_EN' using process `\l1d.$proc$../rtl/cache/l1d.sv:263$869'.
  created $dff cell `$procdff$5175' with positive edge clock.
Creating register for signal `\l1d.$memwr$\valid_arr$../rtl/cache/l1d.sv:268$457_EN' using process `\l1d.$proc$../rtl/cache/l1d.sv:263$869'.
  created $dff cell `$procdff$5176' with positive edge clock.
Creating register for signal `\l1d.$memwr$\dirty_arr$../rtl/cache/l1d.sv:269$458_EN' using process `\l1d.$proc$../rtl/cache/l1d.sv:263$869'.
  created $dff cell `$procdff$5177' with positive edge clock.
Creating register for signal `\l1d.$memwr$\plru$../rtl/cache/l1d.sv:266$459_EN' using process `\l1d.$proc$../rtl/cache/l1d.sv:263$869'.
  created $dff cell `$procdff$5178' with positive edge clock.
Creating register for signal `\l1d.$memwr$\valid_arr$../rtl/cache/l1d.sv:268$460_EN' using process `\l1d.$proc$../rtl/cache/l1d.sv:263$869'.
  created $dff cell `$procdff$5179' with positive edge clock.
Creating register for signal `\l1d.$memwr$\dirty_arr$../rtl/cache/l1d.sv:269$461_EN' using process `\l1d.$proc$../rtl/cache/l1d.sv:263$869'.
  created $dff cell `$procdff$5180' with positive edge clock.
Creating register for signal `\l1d.$memwr$\valid_arr$../rtl/cache/l1d.sv:268$462_EN' using process `\l1d.$proc$../rtl/cache/l1d.sv:263$869'.
  created $dff cell `$procdff$5181' with positive edge clock.
Creating register for signal `\l1d.$memwr$\dirty_arr$../rtl/cache/l1d.sv:269$463_EN' using process `\l1d.$proc$../rtl/cache/l1d.sv:263$869'.
  created $dff cell `$procdff$5182' with positive edge clock.
Creating register for signal `\l1d.$memwr$\plru$../rtl/cache/l1d.sv:266$464_EN' using process `\l1d.$proc$../rtl/cache/l1d.sv:263$869'.
  created $dff cell `$procdff$5183' with positive edge clock.
Creating register for signal `\l1d.$memwr$\valid_arr$../rtl/cache/l1d.sv:268$465_EN' using process `\l1d.$proc$../rtl/cache/l1d.sv:263$869'.
  created $dff cell `$procdff$5184' with positive edge clock.
Creating register for signal `\l1d.$memwr$\dirty_arr$../rtl/cache/l1d.sv:269$466_EN' using process `\l1d.$proc$../rtl/cache/l1d.sv:263$869'.
  created $dff cell `$procdff$5185' with positive edge clock.
Creating register for signal `\l1d.$memwr$\valid_arr$../rtl/cache/l1d.sv:268$467_EN' using process `\l1d.$proc$../rtl/cache/l1d.sv:263$869'.
  created $dff cell `$procdff$5186' with positive edge clock.
Creating register for signal `\l1d.$memwr$\dirty_arr$../rtl/cache/l1d.sv:269$468_EN' using process `\l1d.$proc$../rtl/cache/l1d.sv:263$869'.
  created $dff cell `$procdff$5187' with positive edge clock.
Creating register for signal `\l1d.$memwr$\plru$../rtl/cache/l1d.sv:266$469_EN' using process `\l1d.$proc$../rtl/cache/l1d.sv:263$869'.
  created $dff cell `$procdff$5188' with positive edge clock.
Creating register for signal `\l1d.$memwr$\valid_arr$../rtl/cache/l1d.sv:268$470_EN' using process `\l1d.$proc$../rtl/cache/l1d.sv:263$869'.
  created $dff cell `$procdff$5189' with positive edge clock.
Creating register for signal `\l1d.$memwr$\dirty_arr$../rtl/cache/l1d.sv:269$471_EN' using process `\l1d.$proc$../rtl/cache/l1d.sv:263$869'.
  created $dff cell `$procdff$5190' with positive edge clock.
Creating register for signal `\l1d.$memwr$\valid_arr$../rtl/cache/l1d.sv:268$472_EN' using process `\l1d.$proc$../rtl/cache/l1d.sv:263$869'.
  created $dff cell `$procdff$5191' with positive edge clock.
Creating register for signal `\l1d.$memwr$\dirty_arr$../rtl/cache/l1d.sv:269$473_EN' using process `\l1d.$proc$../rtl/cache/l1d.sv:263$869'.
  created $dff cell `$procdff$5192' with positive edge clock.
Creating register for signal `\l1d.$memwr$\plru$../rtl/cache/l1d.sv:266$474_EN' using process `\l1d.$proc$../rtl/cache/l1d.sv:263$869'.
  created $dff cell `$procdff$5193' with positive edge clock.
Creating register for signal `\l1d.$memwr$\valid_arr$../rtl/cache/l1d.sv:268$475_EN' using process `\l1d.$proc$../rtl/cache/l1d.sv:263$869'.
  created $dff cell `$procdff$5194' with positive edge clock.
Creating register for signal `\l1d.$memwr$\dirty_arr$../rtl/cache/l1d.sv:269$476_EN' using process `\l1d.$proc$../rtl/cache/l1d.sv:263$869'.
  created $dff cell `$procdff$5195' with positive edge clock.
Creating register for signal `\l1d.$memwr$\valid_arr$../rtl/cache/l1d.sv:268$477_EN' using process `\l1d.$proc$../rtl/cache/l1d.sv:263$869'.
  created $dff cell `$procdff$5196' with positive edge clock.
Creating register for signal `\l1d.$memwr$\dirty_arr$../rtl/cache/l1d.sv:269$478_EN' using process `\l1d.$proc$../rtl/cache/l1d.sv:263$869'.
  created $dff cell `$procdff$5197' with positive edge clock.
Creating register for signal `\l1d.$memwr$\plru$../rtl/cache/l1d.sv:266$479_EN' using process `\l1d.$proc$../rtl/cache/l1d.sv:263$869'.
  created $dff cell `$procdff$5198' with positive edge clock.
Creating register for signal `\l1d.$memwr$\valid_arr$../rtl/cache/l1d.sv:268$480_EN' using process `\l1d.$proc$../rtl/cache/l1d.sv:263$869'.
  created $dff cell `$procdff$5199' with positive edge clock.
Creating register for signal `\l1d.$memwr$\dirty_arr$../rtl/cache/l1d.sv:269$481_EN' using process `\l1d.$proc$../rtl/cache/l1d.sv:263$869'.
  created $dff cell `$procdff$5200' with positive edge clock.
Creating register for signal `\l1d.$memwr$\valid_arr$../rtl/cache/l1d.sv:268$482_EN' using process `\l1d.$proc$../rtl/cache/l1d.sv:263$869'.
  created $dff cell `$procdff$5201' with positive edge clock.
Creating register for signal `\l1d.$memwr$\dirty_arr$../rtl/cache/l1d.sv:269$483_EN' using process `\l1d.$proc$../rtl/cache/l1d.sv:263$869'.
  created $dff cell `$procdff$5202' with positive edge clock.
Creating register for signal `\l1d.$memwr$\plru$../rtl/cache/l1d.sv:266$484_EN' using process `\l1d.$proc$../rtl/cache/l1d.sv:263$869'.
  created $dff cell `$procdff$5203' with positive edge clock.
Creating register for signal `\l1d.$memwr$\valid_arr$../rtl/cache/l1d.sv:268$485_EN' using process `\l1d.$proc$../rtl/cache/l1d.sv:263$869'.
  created $dff cell `$procdff$5204' with positive edge clock.
Creating register for signal `\l1d.$memwr$\dirty_arr$../rtl/cache/l1d.sv:269$486_EN' using process `\l1d.$proc$../rtl/cache/l1d.sv:263$869'.
  created $dff cell `$procdff$5205' with positive edge clock.
Creating register for signal `\l1d.$memwr$\valid_arr$../rtl/cache/l1d.sv:268$487_EN' using process `\l1d.$proc$../rtl/cache/l1d.sv:263$869'.
  created $dff cell `$procdff$5206' with positive edge clock.
Creating register for signal `\l1d.$memwr$\dirty_arr$../rtl/cache/l1d.sv:269$488_EN' using process `\l1d.$proc$../rtl/cache/l1d.sv:263$869'.
  created $dff cell `$procdff$5207' with positive edge clock.
Creating register for signal `\l1d.$memwr$\plru$../rtl/cache/l1d.sv:266$489_EN' using process `\l1d.$proc$../rtl/cache/l1d.sv:263$869'.
  created $dff cell `$procdff$5208' with positive edge clock.
Creating register for signal `\l1d.$memwr$\valid_arr$../rtl/cache/l1d.sv:268$490_EN' using process `\l1d.$proc$../rtl/cache/l1d.sv:263$869'.
  created $dff cell `$procdff$5209' with positive edge clock.
Creating register for signal `\l1d.$memwr$\dirty_arr$../rtl/cache/l1d.sv:269$491_EN' using process `\l1d.$proc$../rtl/cache/l1d.sv:263$869'.
  created $dff cell `$procdff$5210' with positive edge clock.
Creating register for signal `\l1d.$memwr$\valid_arr$../rtl/cache/l1d.sv:268$492_EN' using process `\l1d.$proc$../rtl/cache/l1d.sv:263$869'.
  created $dff cell `$procdff$5211' with positive edge clock.
Creating register for signal `\l1d.$memwr$\dirty_arr$../rtl/cache/l1d.sv:269$493_EN' using process `\l1d.$proc$../rtl/cache/l1d.sv:263$869'.
  created $dff cell `$procdff$5212' with positive edge clock.
Creating register for signal `\l1d.$memwr$\plru$../rtl/cache/l1d.sv:266$494_EN' using process `\l1d.$proc$../rtl/cache/l1d.sv:263$869'.
  created $dff cell `$procdff$5213' with positive edge clock.
Creating register for signal `\l1d.$memwr$\valid_arr$../rtl/cache/l1d.sv:268$495_EN' using process `\l1d.$proc$../rtl/cache/l1d.sv:263$869'.
  created $dff cell `$procdff$5214' with positive edge clock.
Creating register for signal `\l1d.$memwr$\dirty_arr$../rtl/cache/l1d.sv:269$496_EN' using process `\l1d.$proc$../rtl/cache/l1d.sv:263$869'.
  created $dff cell `$procdff$5215' with positive edge clock.
Creating register for signal `\l1d.$memwr$\valid_arr$../rtl/cache/l1d.sv:268$497_EN' using process `\l1d.$proc$../rtl/cache/l1d.sv:263$869'.
  created $dff cell `$procdff$5216' with positive edge clock.
Creating register for signal `\l1d.$memwr$\dirty_arr$../rtl/cache/l1d.sv:269$498_EN' using process `\l1d.$proc$../rtl/cache/l1d.sv:263$869'.
  created $dff cell `$procdff$5217' with positive edge clock.
Creating register for signal `\l1d.$memwr$\plru$../rtl/cache/l1d.sv:266$499_EN' using process `\l1d.$proc$../rtl/cache/l1d.sv:263$869'.
  created $dff cell `$procdff$5218' with positive edge clock.
Creating register for signal `\l1d.$memwr$\valid_arr$../rtl/cache/l1d.sv:268$500_EN' using process `\l1d.$proc$../rtl/cache/l1d.sv:263$869'.
  created $dff cell `$procdff$5219' with positive edge clock.
Creating register for signal `\l1d.$memwr$\dirty_arr$../rtl/cache/l1d.sv:269$501_EN' using process `\l1d.$proc$../rtl/cache/l1d.sv:263$869'.
  created $dff cell `$procdff$5220' with positive edge clock.
Creating register for signal `\l1d.$memwr$\valid_arr$../rtl/cache/l1d.sv:268$502_EN' using process `\l1d.$proc$../rtl/cache/l1d.sv:263$869'.
  created $dff cell `$procdff$5221' with positive edge clock.
Creating register for signal `\l1d.$memwr$\dirty_arr$../rtl/cache/l1d.sv:269$503_EN' using process `\l1d.$proc$../rtl/cache/l1d.sv:263$869'.
  created $dff cell `$procdff$5222' with positive edge clock.
Creating register for signal `\l1d.$memwr$\plru$../rtl/cache/l1d.sv:266$504_EN' using process `\l1d.$proc$../rtl/cache/l1d.sv:263$869'.
  created $dff cell `$procdff$5223' with positive edge clock.
Creating register for signal `\l1d.$memwr$\valid_arr$../rtl/cache/l1d.sv:268$505_EN' using process `\l1d.$proc$../rtl/cache/l1d.sv:263$869'.
  created $dff cell `$procdff$5224' with positive edge clock.
Creating register for signal `\l1d.$memwr$\dirty_arr$../rtl/cache/l1d.sv:269$506_EN' using process `\l1d.$proc$../rtl/cache/l1d.sv:263$869'.
  created $dff cell `$procdff$5225' with positive edge clock.
Creating register for signal `\l1d.$memwr$\valid_arr$../rtl/cache/l1d.sv:268$507_EN' using process `\l1d.$proc$../rtl/cache/l1d.sv:263$869'.
  created $dff cell `$procdff$5226' with positive edge clock.
Creating register for signal `\l1d.$memwr$\dirty_arr$../rtl/cache/l1d.sv:269$508_EN' using process `\l1d.$proc$../rtl/cache/l1d.sv:263$869'.
  created $dff cell `$procdff$5227' with positive edge clock.
Creating register for signal `\l1d.$memwr$\plru$../rtl/cache/l1d.sv:266$509_EN' using process `\l1d.$proc$../rtl/cache/l1d.sv:263$869'.
  created $dff cell `$procdff$5228' with positive edge clock.
Creating register for signal `\l1d.$memwr$\valid_arr$../rtl/cache/l1d.sv:268$510_EN' using process `\l1d.$proc$../rtl/cache/l1d.sv:263$869'.
  created $dff cell `$procdff$5229' with positive edge clock.
Creating register for signal `\l1d.$memwr$\dirty_arr$../rtl/cache/l1d.sv:269$511_EN' using process `\l1d.$proc$../rtl/cache/l1d.sv:263$869'.
  created $dff cell `$procdff$5230' with positive edge clock.
Creating register for signal `\l1d.$memwr$\valid_arr$../rtl/cache/l1d.sv:268$512_EN' using process `\l1d.$proc$../rtl/cache/l1d.sv:263$869'.
  created $dff cell `$procdff$5231' with positive edge clock.
Creating register for signal `\l1d.$memwr$\dirty_arr$../rtl/cache/l1d.sv:269$513_EN' using process `\l1d.$proc$../rtl/cache/l1d.sv:263$869'.
  created $dff cell `$procdff$5232' with positive edge clock.
Creating register for signal `\l1d.$memwr$\plru$../rtl/cache/l1d.sv:266$514_EN' using process `\l1d.$proc$../rtl/cache/l1d.sv:263$869'.
  created $dff cell `$procdff$5233' with positive edge clock.
Creating register for signal `\l1d.$memwr$\valid_arr$../rtl/cache/l1d.sv:268$515_EN' using process `\l1d.$proc$../rtl/cache/l1d.sv:263$869'.
  created $dff cell `$procdff$5234' with positive edge clock.
Creating register for signal `\l1d.$memwr$\dirty_arr$../rtl/cache/l1d.sv:269$516_EN' using process `\l1d.$proc$../rtl/cache/l1d.sv:263$869'.
  created $dff cell `$procdff$5235' with positive edge clock.
Creating register for signal `\l1d.$memwr$\valid_arr$../rtl/cache/l1d.sv:268$517_EN' using process `\l1d.$proc$../rtl/cache/l1d.sv:263$869'.
  created $dff cell `$procdff$5236' with positive edge clock.
Creating register for signal `\l1d.$memwr$\dirty_arr$../rtl/cache/l1d.sv:269$518_EN' using process `\l1d.$proc$../rtl/cache/l1d.sv:263$869'.
  created $dff cell `$procdff$5237' with positive edge clock.
Creating register for signal `\l1d.$memwr$\plru$../rtl/cache/l1d.sv:266$519_EN' using process `\l1d.$proc$../rtl/cache/l1d.sv:263$869'.
  created $dff cell `$procdff$5238' with positive edge clock.
Creating register for signal `\l1d.$memwr$\valid_arr$../rtl/cache/l1d.sv:268$520_EN' using process `\l1d.$proc$../rtl/cache/l1d.sv:263$869'.
  created $dff cell `$procdff$5239' with positive edge clock.
Creating register for signal `\l1d.$memwr$\dirty_arr$../rtl/cache/l1d.sv:269$521_EN' using process `\l1d.$proc$../rtl/cache/l1d.sv:263$869'.
  created $dff cell `$procdff$5240' with positive edge clock.
Creating register for signal `\l1d.$memwr$\valid_arr$../rtl/cache/l1d.sv:268$522_EN' using process `\l1d.$proc$../rtl/cache/l1d.sv:263$869'.
  created $dff cell `$procdff$5241' with positive edge clock.
Creating register for signal `\l1d.$memwr$\dirty_arr$../rtl/cache/l1d.sv:269$523_EN' using process `\l1d.$proc$../rtl/cache/l1d.sv:263$869'.
  created $dff cell `$procdff$5242' with positive edge clock.
Creating register for signal `\l1d.$memwr$\plru$../rtl/cache/l1d.sv:266$524_EN' using process `\l1d.$proc$../rtl/cache/l1d.sv:263$869'.
  created $dff cell `$procdff$5243' with positive edge clock.
Creating register for signal `\l1d.$memwr$\valid_arr$../rtl/cache/l1d.sv:268$525_EN' using process `\l1d.$proc$../rtl/cache/l1d.sv:263$869'.
  created $dff cell `$procdff$5244' with positive edge clock.
Creating register for signal `\l1d.$memwr$\dirty_arr$../rtl/cache/l1d.sv:269$526_EN' using process `\l1d.$proc$../rtl/cache/l1d.sv:263$869'.
  created $dff cell `$procdff$5245' with positive edge clock.
Creating register for signal `\l1d.$memwr$\valid_arr$../rtl/cache/l1d.sv:268$527_EN' using process `\l1d.$proc$../rtl/cache/l1d.sv:263$869'.
  created $dff cell `$procdff$5246' with positive edge clock.
Creating register for signal `\l1d.$memwr$\dirty_arr$../rtl/cache/l1d.sv:269$528_EN' using process `\l1d.$proc$../rtl/cache/l1d.sv:263$869'.
  created $dff cell `$procdff$5247' with positive edge clock.
Creating register for signal `\l1d.$memwr$\plru$../rtl/cache/l1d.sv:266$529_EN' using process `\l1d.$proc$../rtl/cache/l1d.sv:263$869'.
  created $dff cell `$procdff$5248' with positive edge clock.
Creating register for signal `\l1d.$memwr$\valid_arr$../rtl/cache/l1d.sv:268$530_EN' using process `\l1d.$proc$../rtl/cache/l1d.sv:263$869'.
  created $dff cell `$procdff$5249' with positive edge clock.
Creating register for signal `\l1d.$memwr$\dirty_arr$../rtl/cache/l1d.sv:269$531_EN' using process `\l1d.$proc$../rtl/cache/l1d.sv:263$869'.
  created $dff cell `$procdff$5250' with positive edge clock.
Creating register for signal `\l1d.$memwr$\valid_arr$../rtl/cache/l1d.sv:268$532_EN' using process `\l1d.$proc$../rtl/cache/l1d.sv:263$869'.
  created $dff cell `$procdff$5251' with positive edge clock.
Creating register for signal `\l1d.$memwr$\dirty_arr$../rtl/cache/l1d.sv:269$533_EN' using process `\l1d.$proc$../rtl/cache/l1d.sv:263$869'.
  created $dff cell `$procdff$5252' with positive edge clock.
Creating register for signal `\l1d.$memwr$\plru$../rtl/cache/l1d.sv:266$534_EN' using process `\l1d.$proc$../rtl/cache/l1d.sv:263$869'.
  created $dff cell `$procdff$5253' with positive edge clock.
Creating register for signal `\l1d.$memwr$\valid_arr$../rtl/cache/l1d.sv:268$535_EN' using process `\l1d.$proc$../rtl/cache/l1d.sv:263$869'.
  created $dff cell `$procdff$5254' with positive edge clock.
Creating register for signal `\l1d.$memwr$\dirty_arr$../rtl/cache/l1d.sv:269$536_EN' using process `\l1d.$proc$../rtl/cache/l1d.sv:263$869'.
  created $dff cell `$procdff$5255' with positive edge clock.
Creating register for signal `\l1d.$memwr$\valid_arr$../rtl/cache/l1d.sv:268$537_EN' using process `\l1d.$proc$../rtl/cache/l1d.sv:263$869'.
  created $dff cell `$procdff$5256' with positive edge clock.
Creating register for signal `\l1d.$memwr$\dirty_arr$../rtl/cache/l1d.sv:269$538_EN' using process `\l1d.$proc$../rtl/cache/l1d.sv:263$869'.
  created $dff cell `$procdff$5257' with positive edge clock.
Creating register for signal `\l1d.$memwr$\plru$../rtl/cache/l1d.sv:266$539_EN' using process `\l1d.$proc$../rtl/cache/l1d.sv:263$869'.
  created $dff cell `$procdff$5258' with positive edge clock.
Creating register for signal `\l1d.$memwr$\valid_arr$../rtl/cache/l1d.sv:268$540_EN' using process `\l1d.$proc$../rtl/cache/l1d.sv:263$869'.
  created $dff cell `$procdff$5259' with positive edge clock.
Creating register for signal `\l1d.$memwr$\dirty_arr$../rtl/cache/l1d.sv:269$541_EN' using process `\l1d.$proc$../rtl/cache/l1d.sv:263$869'.
  created $dff cell `$procdff$5260' with positive edge clock.
Creating register for signal `\l1d.$memwr$\valid_arr$../rtl/cache/l1d.sv:268$542_EN' using process `\l1d.$proc$../rtl/cache/l1d.sv:263$869'.
  created $dff cell `$procdff$5261' with positive edge clock.
Creating register for signal `\l1d.$memwr$\dirty_arr$../rtl/cache/l1d.sv:269$543_EN' using process `\l1d.$proc$../rtl/cache/l1d.sv:263$869'.
  created $dff cell `$procdff$5262' with positive edge clock.
Creating register for signal `\l1d.$memwr$\plru$../rtl/cache/l1d.sv:266$544_EN' using process `\l1d.$proc$../rtl/cache/l1d.sv:263$869'.
  created $dff cell `$procdff$5263' with positive edge clock.
Creating register for signal `\l1d.$memwr$\valid_arr$../rtl/cache/l1d.sv:268$545_EN' using process `\l1d.$proc$../rtl/cache/l1d.sv:263$869'.
  created $dff cell `$procdff$5264' with positive edge clock.
Creating register for signal `\l1d.$memwr$\dirty_arr$../rtl/cache/l1d.sv:269$546_EN' using process `\l1d.$proc$../rtl/cache/l1d.sv:263$869'.
  created $dff cell `$procdff$5265' with positive edge clock.
Creating register for signal `\l1d.$memwr$\valid_arr$../rtl/cache/l1d.sv:268$547_EN' using process `\l1d.$proc$../rtl/cache/l1d.sv:263$869'.
  created $dff cell `$procdff$5266' with positive edge clock.
Creating register for signal `\l1d.$memwr$\dirty_arr$../rtl/cache/l1d.sv:269$548_EN' using process `\l1d.$proc$../rtl/cache/l1d.sv:263$869'.
  created $dff cell `$procdff$5267' with positive edge clock.
Creating register for signal `\l1d.$memwr$\plru$../rtl/cache/l1d.sv:266$549_EN' using process `\l1d.$proc$../rtl/cache/l1d.sv:263$869'.
  created $dff cell `$procdff$5268' with positive edge clock.
Creating register for signal `\l1d.$memwr$\valid_arr$../rtl/cache/l1d.sv:268$550_EN' using process `\l1d.$proc$../rtl/cache/l1d.sv:263$869'.
  created $dff cell `$procdff$5269' with positive edge clock.
Creating register for signal `\l1d.$memwr$\dirty_arr$../rtl/cache/l1d.sv:269$551_EN' using process `\l1d.$proc$../rtl/cache/l1d.sv:263$869'.
  created $dff cell `$procdff$5270' with positive edge clock.
Creating register for signal `\l1d.$memwr$\valid_arr$../rtl/cache/l1d.sv:268$552_EN' using process `\l1d.$proc$../rtl/cache/l1d.sv:263$869'.
  created $dff cell `$procdff$5271' with positive edge clock.
Creating register for signal `\l1d.$memwr$\dirty_arr$../rtl/cache/l1d.sv:269$553_EN' using process `\l1d.$proc$../rtl/cache/l1d.sv:263$869'.
  created $dff cell `$procdff$5272' with positive edge clock.
Creating register for signal `\l1d.$memwr$\plru$../rtl/cache/l1d.sv:266$554_EN' using process `\l1d.$proc$../rtl/cache/l1d.sv:263$869'.
  created $dff cell `$procdff$5273' with positive edge clock.
Creating register for signal `\l1d.$memwr$\valid_arr$../rtl/cache/l1d.sv:268$555_EN' using process `\l1d.$proc$../rtl/cache/l1d.sv:263$869'.
  created $dff cell `$procdff$5274' with positive edge clock.
Creating register for signal `\l1d.$memwr$\dirty_arr$../rtl/cache/l1d.sv:269$556_EN' using process `\l1d.$proc$../rtl/cache/l1d.sv:263$869'.
  created $dff cell `$procdff$5275' with positive edge clock.
Creating register for signal `\l1d.$memwr$\valid_arr$../rtl/cache/l1d.sv:268$557_EN' using process `\l1d.$proc$../rtl/cache/l1d.sv:263$869'.
  created $dff cell `$procdff$5276' with positive edge clock.
Creating register for signal `\l1d.$memwr$\dirty_arr$../rtl/cache/l1d.sv:269$558_EN' using process `\l1d.$proc$../rtl/cache/l1d.sv:263$869'.
  created $dff cell `$procdff$5277' with positive edge clock.
Creating register for signal `\l1d.$memwr$\plru$../rtl/cache/l1d.sv:266$559_EN' using process `\l1d.$proc$../rtl/cache/l1d.sv:263$869'.
  created $dff cell `$procdff$5278' with positive edge clock.
Creating register for signal `\l1d.$memwr$\valid_arr$../rtl/cache/l1d.sv:268$560_EN' using process `\l1d.$proc$../rtl/cache/l1d.sv:263$869'.
  created $dff cell `$procdff$5279' with positive edge clock.
Creating register for signal `\l1d.$memwr$\dirty_arr$../rtl/cache/l1d.sv:269$561_EN' using process `\l1d.$proc$../rtl/cache/l1d.sv:263$869'.
  created $dff cell `$procdff$5280' with positive edge clock.
Creating register for signal `\l1d.$memwr$\valid_arr$../rtl/cache/l1d.sv:268$562_EN' using process `\l1d.$proc$../rtl/cache/l1d.sv:263$869'.
  created $dff cell `$procdff$5281' with positive edge clock.
Creating register for signal `\l1d.$memwr$\dirty_arr$../rtl/cache/l1d.sv:269$563_EN' using process `\l1d.$proc$../rtl/cache/l1d.sv:263$869'.
  created $dff cell `$procdff$5282' with positive edge clock.
Creating register for signal `\l1d.$memwr$\plru$../rtl/cache/l1d.sv:266$564_EN' using process `\l1d.$proc$../rtl/cache/l1d.sv:263$869'.
  created $dff cell `$procdff$5283' with positive edge clock.
Creating register for signal `\l1d.$memwr$\valid_arr$../rtl/cache/l1d.sv:268$565_EN' using process `\l1d.$proc$../rtl/cache/l1d.sv:263$869'.
  created $dff cell `$procdff$5284' with positive edge clock.
Creating register for signal `\l1d.$memwr$\dirty_arr$../rtl/cache/l1d.sv:269$566_EN' using process `\l1d.$proc$../rtl/cache/l1d.sv:263$869'.
  created $dff cell `$procdff$5285' with positive edge clock.
Creating register for signal `\l1d.$memwr$\valid_arr$../rtl/cache/l1d.sv:268$567_EN' using process `\l1d.$proc$../rtl/cache/l1d.sv:263$869'.
  created $dff cell `$procdff$5286' with positive edge clock.
Creating register for signal `\l1d.$memwr$\dirty_arr$../rtl/cache/l1d.sv:269$568_EN' using process `\l1d.$proc$../rtl/cache/l1d.sv:263$869'.
  created $dff cell `$procdff$5287' with positive edge clock.
Creating register for signal `\l1d.$memwr$\plru$../rtl/cache/l1d.sv:266$569_EN' using process `\l1d.$proc$../rtl/cache/l1d.sv:263$869'.
  created $dff cell `$procdff$5288' with positive edge clock.
Creating register for signal `\l1d.$memwr$\valid_arr$../rtl/cache/l1d.sv:268$570_EN' using process `\l1d.$proc$../rtl/cache/l1d.sv:263$869'.
  created $dff cell `$procdff$5289' with positive edge clock.
Creating register for signal `\l1d.$memwr$\dirty_arr$../rtl/cache/l1d.sv:269$571_EN' using process `\l1d.$proc$../rtl/cache/l1d.sv:263$869'.
  created $dff cell `$procdff$5290' with positive edge clock.
Creating register for signal `\l1d.$memwr$\valid_arr$../rtl/cache/l1d.sv:268$572_EN' using process `\l1d.$proc$../rtl/cache/l1d.sv:263$869'.
  created $dff cell `$procdff$5291' with positive edge clock.
Creating register for signal `\l1d.$memwr$\dirty_arr$../rtl/cache/l1d.sv:269$573_EN' using process `\l1d.$proc$../rtl/cache/l1d.sv:263$869'.
  created $dff cell `$procdff$5292' with positive edge clock.
Creating register for signal `\l1d.$memwr$\plru$../rtl/cache/l1d.sv:266$574_EN' using process `\l1d.$proc$../rtl/cache/l1d.sv:263$869'.
  created $dff cell `$procdff$5293' with positive edge clock.
Creating register for signal `\l1d.$memwr$\valid_arr$../rtl/cache/l1d.sv:268$575_EN' using process `\l1d.$proc$../rtl/cache/l1d.sv:263$869'.
  created $dff cell `$procdff$5294' with positive edge clock.
Creating register for signal `\l1d.$memwr$\dirty_arr$../rtl/cache/l1d.sv:269$576_EN' using process `\l1d.$proc$../rtl/cache/l1d.sv:263$869'.
  created $dff cell `$procdff$5295' with positive edge clock.
Creating register for signal `\l1d.$memwr$\valid_arr$../rtl/cache/l1d.sv:268$577_EN' using process `\l1d.$proc$../rtl/cache/l1d.sv:263$869'.
  created $dff cell `$procdff$5296' with positive edge clock.
Creating register for signal `\l1d.$memwr$\dirty_arr$../rtl/cache/l1d.sv:269$578_EN' using process `\l1d.$proc$../rtl/cache/l1d.sv:263$869'.
  created $dff cell `$procdff$5297' with positive edge clock.
Creating register for signal `\l1d.$memwr$\plru$../rtl/cache/l1d.sv:266$579_EN' using process `\l1d.$proc$../rtl/cache/l1d.sv:263$869'.
  created $dff cell `$procdff$5298' with positive edge clock.
Creating register for signal `\l1d.$memwr$\valid_arr$../rtl/cache/l1d.sv:268$580_EN' using process `\l1d.$proc$../rtl/cache/l1d.sv:263$869'.
  created $dff cell `$procdff$5299' with positive edge clock.
Creating register for signal `\l1d.$memwr$\dirty_arr$../rtl/cache/l1d.sv:269$581_EN' using process `\l1d.$proc$../rtl/cache/l1d.sv:263$869'.
  created $dff cell `$procdff$5300' with positive edge clock.
Creating register for signal `\l1d.$memwr$\valid_arr$../rtl/cache/l1d.sv:268$582_EN' using process `\l1d.$proc$../rtl/cache/l1d.sv:263$869'.
  created $dff cell `$procdff$5301' with positive edge clock.
Creating register for signal `\l1d.$memwr$\dirty_arr$../rtl/cache/l1d.sv:269$583_EN' using process `\l1d.$proc$../rtl/cache/l1d.sv:263$869'.
  created $dff cell `$procdff$5302' with positive edge clock.
Creating register for signal `\l1d.$memwr$\plru$../rtl/cache/l1d.sv:266$584_EN' using process `\l1d.$proc$../rtl/cache/l1d.sv:263$869'.
  created $dff cell `$procdff$5303' with positive edge clock.
Creating register for signal `\l1d.$memwr$\valid_arr$../rtl/cache/l1d.sv:268$585_EN' using process `\l1d.$proc$../rtl/cache/l1d.sv:263$869'.
  created $dff cell `$procdff$5304' with positive edge clock.
Creating register for signal `\l1d.$memwr$\dirty_arr$../rtl/cache/l1d.sv:269$586_EN' using process `\l1d.$proc$../rtl/cache/l1d.sv:263$869'.
  created $dff cell `$procdff$5305' with positive edge clock.
Creating register for signal `\l1d.$memwr$\valid_arr$../rtl/cache/l1d.sv:268$587_EN' using process `\l1d.$proc$../rtl/cache/l1d.sv:263$869'.
  created $dff cell `$procdff$5306' with positive edge clock.
Creating register for signal `\l1d.$memwr$\dirty_arr$../rtl/cache/l1d.sv:269$588_EN' using process `\l1d.$proc$../rtl/cache/l1d.sv:263$869'.
  created $dff cell `$procdff$5307' with positive edge clock.
Creating register for signal `\l1d.$memwr$\plru$../rtl/cache/l1d.sv:266$589_EN' using process `\l1d.$proc$../rtl/cache/l1d.sv:263$869'.
  created $dff cell `$procdff$5308' with positive edge clock.
Creating register for signal `\l1d.$memwr$\valid_arr$../rtl/cache/l1d.sv:268$590_EN' using process `\l1d.$proc$../rtl/cache/l1d.sv:263$869'.
  created $dff cell `$procdff$5309' with positive edge clock.
Creating register for signal `\l1d.$memwr$\dirty_arr$../rtl/cache/l1d.sv:269$591_EN' using process `\l1d.$proc$../rtl/cache/l1d.sv:263$869'.
  created $dff cell `$procdff$5310' with positive edge clock.
Creating register for signal `\l1d.$memwr$\valid_arr$../rtl/cache/l1d.sv:268$592_EN' using process `\l1d.$proc$../rtl/cache/l1d.sv:263$869'.
  created $dff cell `$procdff$5311' with positive edge clock.
Creating register for signal `\l1d.$memwr$\dirty_arr$../rtl/cache/l1d.sv:269$593_EN' using process `\l1d.$proc$../rtl/cache/l1d.sv:263$869'.
  created $dff cell `$procdff$5312' with positive edge clock.
Creating register for signal `\l1d.$memwr$\plru$../rtl/cache/l1d.sv:266$594_EN' using process `\l1d.$proc$../rtl/cache/l1d.sv:263$869'.
  created $dff cell `$procdff$5313' with positive edge clock.
Creating register for signal `\l1d.$memwr$\valid_arr$../rtl/cache/l1d.sv:268$595_EN' using process `\l1d.$proc$../rtl/cache/l1d.sv:263$869'.
  created $dff cell `$procdff$5314' with positive edge clock.
Creating register for signal `\l1d.$memwr$\dirty_arr$../rtl/cache/l1d.sv:269$596_EN' using process `\l1d.$proc$../rtl/cache/l1d.sv:263$869'.
  created $dff cell `$procdff$5315' with positive edge clock.
Creating register for signal `\l1d.$memwr$\valid_arr$../rtl/cache/l1d.sv:268$597_EN' using process `\l1d.$proc$../rtl/cache/l1d.sv:263$869'.
  created $dff cell `$procdff$5316' with positive edge clock.
Creating register for signal `\l1d.$memwr$\dirty_arr$../rtl/cache/l1d.sv:269$598_EN' using process `\l1d.$proc$../rtl/cache/l1d.sv:263$869'.
  created $dff cell `$procdff$5317' with positive edge clock.
Creating register for signal `\l1d.$memwr$\plru$../rtl/cache/l1d.sv:266$599_EN' using process `\l1d.$proc$../rtl/cache/l1d.sv:263$869'.
  created $dff cell `$procdff$5318' with positive edge clock.
Creating register for signal `\l1d.$memwr$\valid_arr$../rtl/cache/l1d.sv:268$600_EN' using process `\l1d.$proc$../rtl/cache/l1d.sv:263$869'.
  created $dff cell `$procdff$5319' with positive edge clock.
Creating register for signal `\l1d.$memwr$\dirty_arr$../rtl/cache/l1d.sv:269$601_EN' using process `\l1d.$proc$../rtl/cache/l1d.sv:263$869'.
  created $dff cell `$procdff$5320' with positive edge clock.
Creating register for signal `\l1d.$memwr$\valid_arr$../rtl/cache/l1d.sv:268$602_EN' using process `\l1d.$proc$../rtl/cache/l1d.sv:263$869'.
  created $dff cell `$procdff$5321' with positive edge clock.
Creating register for signal `\l1d.$memwr$\dirty_arr$../rtl/cache/l1d.sv:269$603_EN' using process `\l1d.$proc$../rtl/cache/l1d.sv:263$869'.
  created $dff cell `$procdff$5322' with positive edge clock.
Creating register for signal `\l1d.$memwr$\plru$../rtl/cache/l1d.sv:266$604_EN' using process `\l1d.$proc$../rtl/cache/l1d.sv:263$869'.
  created $dff cell `$procdff$5323' with positive edge clock.
Creating register for signal `\l1d.$memwr$\valid_arr$../rtl/cache/l1d.sv:268$605_EN' using process `\l1d.$proc$../rtl/cache/l1d.sv:263$869'.
  created $dff cell `$procdff$5324' with positive edge clock.
Creating register for signal `\l1d.$memwr$\dirty_arr$../rtl/cache/l1d.sv:269$606_EN' using process `\l1d.$proc$../rtl/cache/l1d.sv:263$869'.
  created $dff cell `$procdff$5325' with positive edge clock.
Creating register for signal `\l1d.$memwr$\valid_arr$../rtl/cache/l1d.sv:268$607_EN' using process `\l1d.$proc$../rtl/cache/l1d.sv:263$869'.
  created $dff cell `$procdff$5326' with positive edge clock.
Creating register for signal `\l1d.$memwr$\dirty_arr$../rtl/cache/l1d.sv:269$608_EN' using process `\l1d.$proc$../rtl/cache/l1d.sv:263$869'.
  created $dff cell `$procdff$5327' with positive edge clock.
Creating register for signal `\l1d.$memwr$\plru$../rtl/cache/l1d.sv:266$609_EN' using process `\l1d.$proc$../rtl/cache/l1d.sv:263$869'.
  created $dff cell `$procdff$5328' with positive edge clock.
Creating register for signal `\l1d.$memwr$\valid_arr$../rtl/cache/l1d.sv:268$610_EN' using process `\l1d.$proc$../rtl/cache/l1d.sv:263$869'.
  created $dff cell `$procdff$5329' with positive edge clock.
Creating register for signal `\l1d.$memwr$\dirty_arr$../rtl/cache/l1d.sv:269$611_EN' using process `\l1d.$proc$../rtl/cache/l1d.sv:263$869'.
  created $dff cell `$procdff$5330' with positive edge clock.
Creating register for signal `\l1d.$memwr$\valid_arr$../rtl/cache/l1d.sv:268$612_EN' using process `\l1d.$proc$../rtl/cache/l1d.sv:263$869'.
  created $dff cell `$procdff$5331' with positive edge clock.
Creating register for signal `\l1d.$memwr$\dirty_arr$../rtl/cache/l1d.sv:269$613_EN' using process `\l1d.$proc$../rtl/cache/l1d.sv:263$869'.
  created $dff cell `$procdff$5332' with positive edge clock.
Creating register for signal `\l1d.$memwr$\plru$../rtl/cache/l1d.sv:266$614_EN' using process `\l1d.$proc$../rtl/cache/l1d.sv:263$869'.
  created $dff cell `$procdff$5333' with positive edge clock.
Creating register for signal `\l1d.$memwr$\valid_arr$../rtl/cache/l1d.sv:268$615_EN' using process `\l1d.$proc$../rtl/cache/l1d.sv:263$869'.
  created $dff cell `$procdff$5334' with positive edge clock.
Creating register for signal `\l1d.$memwr$\dirty_arr$../rtl/cache/l1d.sv:269$616_EN' using process `\l1d.$proc$../rtl/cache/l1d.sv:263$869'.
  created $dff cell `$procdff$5335' with positive edge clock.
Creating register for signal `\l1d.$memwr$\valid_arr$../rtl/cache/l1d.sv:268$617_EN' using process `\l1d.$proc$../rtl/cache/l1d.sv:263$869'.
  created $dff cell `$procdff$5336' with positive edge clock.
Creating register for signal `\l1d.$memwr$\dirty_arr$../rtl/cache/l1d.sv:269$618_EN' using process `\l1d.$proc$../rtl/cache/l1d.sv:263$869'.
  created $dff cell `$procdff$5337' with positive edge clock.
Creating register for signal `\l1d.$memwr$\plru$../rtl/cache/l1d.sv:266$619_EN' using process `\l1d.$proc$../rtl/cache/l1d.sv:263$869'.
  created $dff cell `$procdff$5338' with positive edge clock.
Creating register for signal `\l1d.$memwr$\valid_arr$../rtl/cache/l1d.sv:268$620_EN' using process `\l1d.$proc$../rtl/cache/l1d.sv:263$869'.
  created $dff cell `$procdff$5339' with positive edge clock.
Creating register for signal `\l1d.$memwr$\dirty_arr$../rtl/cache/l1d.sv:269$621_EN' using process `\l1d.$proc$../rtl/cache/l1d.sv:263$869'.
  created $dff cell `$procdff$5340' with positive edge clock.
Creating register for signal `\l1d.$memwr$\valid_arr$../rtl/cache/l1d.sv:268$622_EN' using process `\l1d.$proc$../rtl/cache/l1d.sv:263$869'.
  created $dff cell `$procdff$5341' with positive edge clock.
Creating register for signal `\l1d.$memwr$\dirty_arr$../rtl/cache/l1d.sv:269$623_EN' using process `\l1d.$proc$../rtl/cache/l1d.sv:263$869'.
  created $dff cell `$procdff$5342' with positive edge clock.
Creating register for signal `\l1d.$memwr$\plru$../rtl/cache/l1d.sv:266$624_EN' using process `\l1d.$proc$../rtl/cache/l1d.sv:263$869'.
  created $dff cell `$procdff$5343' with positive edge clock.
Creating register for signal `\l1d.$memwr$\valid_arr$../rtl/cache/l1d.sv:268$625_EN' using process `\l1d.$proc$../rtl/cache/l1d.sv:263$869'.
  created $dff cell `$procdff$5344' with positive edge clock.
Creating register for signal `\l1d.$memwr$\dirty_arr$../rtl/cache/l1d.sv:269$626_EN' using process `\l1d.$proc$../rtl/cache/l1d.sv:263$869'.
  created $dff cell `$procdff$5345' with positive edge clock.
Creating register for signal `\l1d.$memwr$\valid_arr$../rtl/cache/l1d.sv:268$627_EN' using process `\l1d.$proc$../rtl/cache/l1d.sv:263$869'.
  created $dff cell `$procdff$5346' with positive edge clock.
Creating register for signal `\l1d.$memwr$\dirty_arr$../rtl/cache/l1d.sv:269$628_EN' using process `\l1d.$proc$../rtl/cache/l1d.sv:263$869'.
  created $dff cell `$procdff$5347' with positive edge clock.
Creating register for signal `\l1d.$memwr$\plru$../rtl/cache/l1d.sv:266$629_EN' using process `\l1d.$proc$../rtl/cache/l1d.sv:263$869'.
  created $dff cell `$procdff$5348' with positive edge clock.
Creating register for signal `\l1d.$memwr$\valid_arr$../rtl/cache/l1d.sv:268$630_EN' using process `\l1d.$proc$../rtl/cache/l1d.sv:263$869'.
  created $dff cell `$procdff$5349' with positive edge clock.
Creating register for signal `\l1d.$memwr$\dirty_arr$../rtl/cache/l1d.sv:269$631_EN' using process `\l1d.$proc$../rtl/cache/l1d.sv:263$869'.
  created $dff cell `$procdff$5350' with positive edge clock.
Creating register for signal `\l1d.$memwr$\valid_arr$../rtl/cache/l1d.sv:268$632_EN' using process `\l1d.$proc$../rtl/cache/l1d.sv:263$869'.
  created $dff cell `$procdff$5351' with positive edge clock.
Creating register for signal `\l1d.$memwr$\dirty_arr$../rtl/cache/l1d.sv:269$633_EN' using process `\l1d.$proc$../rtl/cache/l1d.sv:263$869'.
  created $dff cell `$procdff$5352' with positive edge clock.
Creating register for signal `\l1d.$memwr$\plru$../rtl/cache/l1d.sv:266$634_EN' using process `\l1d.$proc$../rtl/cache/l1d.sv:263$869'.
  created $dff cell `$procdff$5353' with positive edge clock.
Creating register for signal `\l1d.$memwr$\valid_arr$../rtl/cache/l1d.sv:268$635_EN' using process `\l1d.$proc$../rtl/cache/l1d.sv:263$869'.
  created $dff cell `$procdff$5354' with positive edge clock.
Creating register for signal `\l1d.$memwr$\dirty_arr$../rtl/cache/l1d.sv:269$636_EN' using process `\l1d.$proc$../rtl/cache/l1d.sv:263$869'.
  created $dff cell `$procdff$5355' with positive edge clock.
Creating register for signal `\l1d.$memwr$\valid_arr$../rtl/cache/l1d.sv:268$637_EN' using process `\l1d.$proc$../rtl/cache/l1d.sv:263$869'.
  created $dff cell `$procdff$5356' with positive edge clock.
Creating register for signal `\l1d.$memwr$\dirty_arr$../rtl/cache/l1d.sv:269$638_EN' using process `\l1d.$proc$../rtl/cache/l1d.sv:263$869'.
  created $dff cell `$procdff$5357' with positive edge clock.
Creating register for signal `\l1d.$memwr$\plru$../rtl/cache/l1d.sv:266$639_EN' using process `\l1d.$proc$../rtl/cache/l1d.sv:263$869'.
  created $dff cell `$procdff$5358' with positive edge clock.
Creating register for signal `\l1d.$memwr$\valid_arr$../rtl/cache/l1d.sv:268$640_EN' using process `\l1d.$proc$../rtl/cache/l1d.sv:263$869'.
  created $dff cell `$procdff$5359' with positive edge clock.
Creating register for signal `\l1d.$memwr$\dirty_arr$../rtl/cache/l1d.sv:269$641_EN' using process `\l1d.$proc$../rtl/cache/l1d.sv:263$869'.
  created $dff cell `$procdff$5360' with positive edge clock.
Creating register for signal `\l1d.$memwr$\valid_arr$../rtl/cache/l1d.sv:268$642_EN' using process `\l1d.$proc$../rtl/cache/l1d.sv:263$869'.
  created $dff cell `$procdff$5361' with positive edge clock.
Creating register for signal `\l1d.$memwr$\dirty_arr$../rtl/cache/l1d.sv:269$643_EN' using process `\l1d.$proc$../rtl/cache/l1d.sv:263$869'.
  created $dff cell `$procdff$5362' with positive edge clock.
Creating register for signal `\l1d.$memwr$\plru$../rtl/cache/l1d.sv:266$644_EN' using process `\l1d.$proc$../rtl/cache/l1d.sv:263$869'.
  created $dff cell `$procdff$5363' with positive edge clock.
Creating register for signal `\l1d.$memwr$\valid_arr$../rtl/cache/l1d.sv:268$645_EN' using process `\l1d.$proc$../rtl/cache/l1d.sv:263$869'.
  created $dff cell `$procdff$5364' with positive edge clock.
Creating register for signal `\l1d.$memwr$\dirty_arr$../rtl/cache/l1d.sv:269$646_EN' using process `\l1d.$proc$../rtl/cache/l1d.sv:263$869'.
  created $dff cell `$procdff$5365' with positive edge clock.
Creating register for signal `\l1d.$memwr$\valid_arr$../rtl/cache/l1d.sv:268$647_EN' using process `\l1d.$proc$../rtl/cache/l1d.sv:263$869'.
  created $dff cell `$procdff$5366' with positive edge clock.
Creating register for signal `\l1d.$memwr$\dirty_arr$../rtl/cache/l1d.sv:269$648_EN' using process `\l1d.$proc$../rtl/cache/l1d.sv:263$869'.
  created $dff cell `$procdff$5367' with positive edge clock.
Creating register for signal `\l1d.$memwr$\plru$../rtl/cache/l1d.sv:266$649_EN' using process `\l1d.$proc$../rtl/cache/l1d.sv:263$869'.
  created $dff cell `$procdff$5368' with positive edge clock.
Creating register for signal `\l1d.$memwr$\valid_arr$../rtl/cache/l1d.sv:268$650_EN' using process `\l1d.$proc$../rtl/cache/l1d.sv:263$869'.
  created $dff cell `$procdff$5369' with positive edge clock.
Creating register for signal `\l1d.$memwr$\dirty_arr$../rtl/cache/l1d.sv:269$651_EN' using process `\l1d.$proc$../rtl/cache/l1d.sv:263$869'.
  created $dff cell `$procdff$5370' with positive edge clock.
Creating register for signal `\l1d.$memwr$\valid_arr$../rtl/cache/l1d.sv:268$652_EN' using process `\l1d.$proc$../rtl/cache/l1d.sv:263$869'.
  created $dff cell `$procdff$5371' with positive edge clock.
Creating register for signal `\l1d.$memwr$\dirty_arr$../rtl/cache/l1d.sv:269$653_EN' using process `\l1d.$proc$../rtl/cache/l1d.sv:263$869'.
  created $dff cell `$procdff$5372' with positive edge clock.
Creating register for signal `\l1d.$memwr$\plru$../rtl/cache/l1d.sv:266$654_EN' using process `\l1d.$proc$../rtl/cache/l1d.sv:263$869'.
  created $dff cell `$procdff$5373' with positive edge clock.
Creating register for signal `\l1d.$memwr$\valid_arr$../rtl/cache/l1d.sv:268$655_EN' using process `\l1d.$proc$../rtl/cache/l1d.sv:263$869'.
  created $dff cell `$procdff$5374' with positive edge clock.
Creating register for signal `\l1d.$memwr$\dirty_arr$../rtl/cache/l1d.sv:269$656_EN' using process `\l1d.$proc$../rtl/cache/l1d.sv:263$869'.
  created $dff cell `$procdff$5375' with positive edge clock.
Creating register for signal `\l1d.$memwr$\valid_arr$../rtl/cache/l1d.sv:268$657_EN' using process `\l1d.$proc$../rtl/cache/l1d.sv:263$869'.
  created $dff cell `$procdff$5376' with positive edge clock.
Creating register for signal `\l1d.$memwr$\dirty_arr$../rtl/cache/l1d.sv:269$658_EN' using process `\l1d.$proc$../rtl/cache/l1d.sv:263$869'.
  created $dff cell `$procdff$5377' with positive edge clock.
Creating register for signal `\l1d.$memwr$\plru$../rtl/cache/l1d.sv:266$659_EN' using process `\l1d.$proc$../rtl/cache/l1d.sv:263$869'.
  created $dff cell `$procdff$5378' with positive edge clock.
Creating register for signal `\l1d.$memwr$\valid_arr$../rtl/cache/l1d.sv:268$660_EN' using process `\l1d.$proc$../rtl/cache/l1d.sv:263$869'.
  created $dff cell `$procdff$5379' with positive edge clock.
Creating register for signal `\l1d.$memwr$\dirty_arr$../rtl/cache/l1d.sv:269$661_EN' using process `\l1d.$proc$../rtl/cache/l1d.sv:263$869'.
  created $dff cell `$procdff$5380' with positive edge clock.
Creating register for signal `\l1d.$memwr$\valid_arr$../rtl/cache/l1d.sv:268$662_EN' using process `\l1d.$proc$../rtl/cache/l1d.sv:263$869'.
  created $dff cell `$procdff$5381' with positive edge clock.
Creating register for signal `\l1d.$memwr$\dirty_arr$../rtl/cache/l1d.sv:269$663_EN' using process `\l1d.$proc$../rtl/cache/l1d.sv:263$869'.
  created $dff cell `$procdff$5382' with positive edge clock.
Creating register for signal `\l1d.$memwr$\plru$../rtl/cache/l1d.sv:266$664_EN' using process `\l1d.$proc$../rtl/cache/l1d.sv:263$869'.
  created $dff cell `$procdff$5383' with positive edge clock.
Creating register for signal `\l1d.$memwr$\valid_arr$../rtl/cache/l1d.sv:268$665_EN' using process `\l1d.$proc$../rtl/cache/l1d.sv:263$869'.
  created $dff cell `$procdff$5384' with positive edge clock.
Creating register for signal `\l1d.$memwr$\dirty_arr$../rtl/cache/l1d.sv:269$666_EN' using process `\l1d.$proc$../rtl/cache/l1d.sv:263$869'.
  created $dff cell `$procdff$5385' with positive edge clock.
Creating register for signal `\l1d.$memwr$\valid_arr$../rtl/cache/l1d.sv:268$667_EN' using process `\l1d.$proc$../rtl/cache/l1d.sv:263$869'.
  created $dff cell `$procdff$5386' with positive edge clock.
Creating register for signal `\l1d.$memwr$\dirty_arr$../rtl/cache/l1d.sv:269$668_EN' using process `\l1d.$proc$../rtl/cache/l1d.sv:263$869'.
  created $dff cell `$procdff$5387' with positive edge clock.
Creating register for signal `\l1d.$memwr$\plru$../rtl/cache/l1d.sv:266$669_EN' using process `\l1d.$proc$../rtl/cache/l1d.sv:263$869'.
  created $dff cell `$procdff$5388' with positive edge clock.
Creating register for signal `\l1d.$memwr$\valid_arr$../rtl/cache/l1d.sv:268$670_EN' using process `\l1d.$proc$../rtl/cache/l1d.sv:263$869'.
  created $dff cell `$procdff$5389' with positive edge clock.
Creating register for signal `\l1d.$memwr$\dirty_arr$../rtl/cache/l1d.sv:269$671_EN' using process `\l1d.$proc$../rtl/cache/l1d.sv:263$869'.
  created $dff cell `$procdff$5390' with positive edge clock.
Creating register for signal `\l1d.$memwr$\valid_arr$../rtl/cache/l1d.sv:268$672_EN' using process `\l1d.$proc$../rtl/cache/l1d.sv:263$869'.
  created $dff cell `$procdff$5391' with positive edge clock.
Creating register for signal `\l1d.$memwr$\dirty_arr$../rtl/cache/l1d.sv:269$673_EN' using process `\l1d.$proc$../rtl/cache/l1d.sv:263$869'.
  created $dff cell `$procdff$5392' with positive edge clock.
Creating register for signal `\l1d.$memwr$\plru$../rtl/cache/l1d.sv:266$674_EN' using process `\l1d.$proc$../rtl/cache/l1d.sv:263$869'.
  created $dff cell `$procdff$5393' with positive edge clock.
Creating register for signal `\l1d.$memwr$\valid_arr$../rtl/cache/l1d.sv:268$675_EN' using process `\l1d.$proc$../rtl/cache/l1d.sv:263$869'.
  created $dff cell `$procdff$5394' with positive edge clock.
Creating register for signal `\l1d.$memwr$\dirty_arr$../rtl/cache/l1d.sv:269$676_EN' using process `\l1d.$proc$../rtl/cache/l1d.sv:263$869'.
  created $dff cell `$procdff$5395' with positive edge clock.
Creating register for signal `\l1d.$memwr$\valid_arr$../rtl/cache/l1d.sv:268$677_EN' using process `\l1d.$proc$../rtl/cache/l1d.sv:263$869'.
  created $dff cell `$procdff$5396' with positive edge clock.
Creating register for signal `\l1d.$memwr$\dirty_arr$../rtl/cache/l1d.sv:269$678_EN' using process `\l1d.$proc$../rtl/cache/l1d.sv:263$869'.
  created $dff cell `$procdff$5397' with positive edge clock.
Creating register for signal `\l1d.$memwr$\plru$../rtl/cache/l1d.sv:266$679_EN' using process `\l1d.$proc$../rtl/cache/l1d.sv:263$869'.
  created $dff cell `$procdff$5398' with positive edge clock.
Creating register for signal `\l1d.$memwr$\valid_arr$../rtl/cache/l1d.sv:268$680_EN' using process `\l1d.$proc$../rtl/cache/l1d.sv:263$869'.
  created $dff cell `$procdff$5399' with positive edge clock.
Creating register for signal `\l1d.$memwr$\dirty_arr$../rtl/cache/l1d.sv:269$681_EN' using process `\l1d.$proc$../rtl/cache/l1d.sv:263$869'.
  created $dff cell `$procdff$5400' with positive edge clock.
Creating register for signal `\l1d.$memwr$\valid_arr$../rtl/cache/l1d.sv:268$682_EN' using process `\l1d.$proc$../rtl/cache/l1d.sv:263$869'.
  created $dff cell `$procdff$5401' with positive edge clock.
Creating register for signal `\l1d.$memwr$\dirty_arr$../rtl/cache/l1d.sv:269$683_EN' using process `\l1d.$proc$../rtl/cache/l1d.sv:263$869'.
  created $dff cell `$procdff$5402' with positive edge clock.
Creating register for signal `\l1d.$memwr$\plru$../rtl/cache/l1d.sv:276$684_ADDR' using process `\l1d.$proc$../rtl/cache/l1d.sv:263$869'.
  created $dff cell `$procdff$5403' with positive edge clock.
Creating register for signal `\l1d.$memwr$\plru$../rtl/cache/l1d.sv:276$684_DATA' using process `\l1d.$proc$../rtl/cache/l1d.sv:263$869'.
  created $dff cell `$procdff$5404' with positive edge clock.
Creating register for signal `\l1d.$memwr$\plru$../rtl/cache/l1d.sv:276$684_EN' using process `\l1d.$proc$../rtl/cache/l1d.sv:263$869'.
  created $dff cell `$procdff$5405' with positive edge clock.
Creating register for signal `\l1d.$memwr$\data_arr$../rtl/cache/l1d.sv:278$685_ADDR' using process `\l1d.$proc$../rtl/cache/l1d.sv:263$869'.
  created $dff cell `$procdff$5406' with positive edge clock.
Creating register for signal `\l1d.$memwr$\data_arr$../rtl/cache/l1d.sv:278$685_DATA' using process `\l1d.$proc$../rtl/cache/l1d.sv:263$869'.
  created $dff cell `$procdff$5407' with positive edge clock.
Creating register for signal `\l1d.$memwr$\data_arr$../rtl/cache/l1d.sv:278$685_EN' using process `\l1d.$proc$../rtl/cache/l1d.sv:263$869'.
  created $dff cell `$procdff$5408' with positive edge clock.
Creating register for signal `\l1d.$memwr$\dirty_arr$../rtl/cache/l1d.sv:279$686_ADDR' using process `\l1d.$proc$../rtl/cache/l1d.sv:263$869'.
  created $dff cell `$procdff$5409' with positive edge clock.
Creating register for signal `\l1d.$memwr$\dirty_arr$../rtl/cache/l1d.sv:279$686_EN' using process `\l1d.$proc$../rtl/cache/l1d.sv:263$869'.
  created $dff cell `$procdff$5410' with positive edge clock.
Creating register for signal `\l1d.$memwr$\valid_arr$../rtl/cache/l1d.sv:286$687_ADDR' using process `\l1d.$proc$../rtl/cache/l1d.sv:263$869'.
  created $dff cell `$procdff$5411' with positive edge clock.
Creating register for signal `\l1d.$memwr$\valid_arr$../rtl/cache/l1d.sv:286$687_EN' using process `\l1d.$proc$../rtl/cache/l1d.sv:263$869'.
  created $dff cell `$procdff$5412' with positive edge clock.
Creating register for signal `\l1d.$memwr$\tag_arr$../rtl/cache/l1d.sv:294$688_ADDR' using process `\l1d.$proc$../rtl/cache/l1d.sv:263$869'.
  created $dff cell `$procdff$5413' with positive edge clock.
Creating register for signal `\l1d.$memwr$\tag_arr$../rtl/cache/l1d.sv:294$688_DATA' using process `\l1d.$proc$../rtl/cache/l1d.sv:263$869'.
  created $dff cell `$procdff$5414' with positive edge clock.
Creating register for signal `\l1d.$memwr$\tag_arr$../rtl/cache/l1d.sv:294$688_EN' using process `\l1d.$proc$../rtl/cache/l1d.sv:263$869'.
  created $dff cell `$procdff$5415' with positive edge clock.
Creating register for signal `\l1d.$memwr$\valid_arr$../rtl/cache/l1d.sv:295$689_ADDR' using process `\l1d.$proc$../rtl/cache/l1d.sv:263$869'.
  created $dff cell `$procdff$5416' with positive edge clock.
Creating register for signal `\l1d.$memwr$\valid_arr$../rtl/cache/l1d.sv:295$689_EN' using process `\l1d.$proc$../rtl/cache/l1d.sv:263$869'.
  created $dff cell `$procdff$5417' with positive edge clock.
Creating register for signal `\l1d.$memwr$\plru$../rtl/cache/l1d.sv:296$690_ADDR' using process `\l1d.$proc$../rtl/cache/l1d.sv:263$869'.
  created $dff cell `$procdff$5418' with positive edge clock.
Creating register for signal `\l1d.$memwr$\plru$../rtl/cache/l1d.sv:296$690_DATA' using process `\l1d.$proc$../rtl/cache/l1d.sv:263$869'.
  created $dff cell `$procdff$5419' with positive edge clock.
Creating register for signal `\l1d.$memwr$\plru$../rtl/cache/l1d.sv:296$690_EN' using process `\l1d.$proc$../rtl/cache/l1d.sv:263$869'.
  created $dff cell `$procdff$5420' with positive edge clock.
Creating register for signal `\l1d.$memwr$\data_arr$../rtl/cache/l1d.sv:298$691_ADDR' using process `\l1d.$proc$../rtl/cache/l1d.sv:263$869'.
  created $dff cell `$procdff$5421' with positive edge clock.
Creating register for signal `\l1d.$memwr$\data_arr$../rtl/cache/l1d.sv:298$691_DATA' using process `\l1d.$proc$../rtl/cache/l1d.sv:263$869'.
  created $dff cell `$procdff$5422' with positive edge clock.
Creating register for signal `\l1d.$memwr$\data_arr$../rtl/cache/l1d.sv:298$691_EN' using process `\l1d.$proc$../rtl/cache/l1d.sv:263$869'.
  created $dff cell `$procdff$5423' with positive edge clock.
Creating register for signal `\l1d.$memwr$\dirty_arr$../rtl/cache/l1d.sv:299$692_ADDR' using process `\l1d.$proc$../rtl/cache/l1d.sv:263$869'.
  created $dff cell `$procdff$5424' with positive edge clock.
Creating register for signal `\l1d.$memwr$\dirty_arr$../rtl/cache/l1d.sv:299$692_EN' using process `\l1d.$proc$../rtl/cache/l1d.sv:263$869'.
  created $dff cell `$procdff$5425' with positive edge clock.
Creating register for signal `\l1d.$memwr$\data_arr$../rtl/cache/l1d.sv:301$693_ADDR' using process `\l1d.$proc$../rtl/cache/l1d.sv:263$869'.
  created $dff cell `$procdff$5426' with positive edge clock.
Creating register for signal `\l1d.$memwr$\data_arr$../rtl/cache/l1d.sv:301$693_DATA' using process `\l1d.$proc$../rtl/cache/l1d.sv:263$869'.
  created $dff cell `$procdff$5427' with positive edge clock.
Creating register for signal `\l1d.$memwr$\data_arr$../rtl/cache/l1d.sv:301$693_EN' using process `\l1d.$proc$../rtl/cache/l1d.sv:263$869'.
  created $dff cell `$procdff$5428' with positive edge clock.
Creating register for signal `\l1d.$memwr$\dirty_arr$../rtl/cache/l1d.sv:302$694_ADDR' using process `\l1d.$proc$../rtl/cache/l1d.sv:263$869'.
  created $dff cell `$procdff$5429' with positive edge clock.
Creating register for signal `\l1d.$memwr$\dirty_arr$../rtl/cache/l1d.sv:302$694_EN' using process `\l1d.$proc$../rtl/cache/l1d.sv:263$869'.
  created $dff cell `$procdff$5430' with positive edge clock.
Creating register for signal `\l1d.\flush_done' using process `\l1d.$proc$../rtl/cache/l1d.sv:230$818'.
  created $dff cell `$procdff$5431' with positive edge clock.
Creating register for signal `\l1d.\cnt_writebacks' using process `\l1d.$proc$../rtl/cache/l1d.sv:230$818'.
  created $dff cell `$procdff$5432' with positive edge clock.
Creating register for signal `\l1d.\fl_idx' using process `\l1d.$proc$../rtl/cache/l1d.sv:230$818'.
  created $dff cell `$procdff$5433' with positive edge clock.
Creating register for signal `\l1d.\fl_way' using process `\l1d.$proc$../rtl/cache/l1d.sv:230$818'.
  created $dff cell `$procdff$5434' with positive edge clock.
Creating register for signal `\l1d.\fl_busy' using process `\l1d.$proc$../rtl/cache/l1d.sv:230$818'.
  created $dff cell `$procdff$5435' with positive edge clock.
Creating register for signal `\l1d.$memwr$\dirty_arr$../rtl/cache/l1d.sv:243$363_ADDR' using process `\l1d.$proc$../rtl/cache/l1d.sv:230$818'.
  created $dff cell `$procdff$5436' with positive edge clock.
Creating register for signal `\l1d.$memwr$\dirty_arr$../rtl/cache/l1d.sv:243$363_EN' using process `\l1d.$proc$../rtl/cache/l1d.sv:230$818'.
  created $dff cell `$procdff$5437' with positive edge clock.
Creating register for signal `\l1d.\resp_valid' using process `\l1d.$proc$../rtl/cache/l1d.sv:195$770'.
  created $dff cell `$procdff$5438' with positive edge clock.
Creating register for signal `\l1d.\fifo_head' using process `\l1d.$proc$../rtl/cache/l1d.sv:195$770'.
  created $dff cell `$procdff$5439' with positive edge clock.
Creating register for signal `\l1d.\fifo_tail' using process `\l1d.$proc$../rtl/cache/l1d.sv:195$770'.
  created $dff cell `$procdff$5440' with positive edge clock.
Creating register for signal `\l1d.\fifo_cnt' using process `\l1d.$proc$../rtl/cache/l1d.sv:195$770'.
  created $dff cell `$procdff$5441' with positive edge clock.
Creating register for signal `\l1d.\resp_tag_r' using process `\l1d.$proc$../rtl/cache/l1d.sv:195$770'.
  created $dff cell `$procdff$5442' with positive edge clock.
Creating register for signal `\l1d.\resp_data_r' using process `\l1d.$proc$../rtl/cache/l1d.sv:195$770'.
  created $dff cell `$procdff$5443' with positive edge clock.
Creating register for signal `\l1d.$memwr$\fifo_tag$../rtl/cache/l1d.sv:201$359_ADDR' using process `\l1d.$proc$../rtl/cache/l1d.sv:195$770'.
  created $dff cell `$procdff$5444' with positive edge clock.
Creating register for signal `\l1d.$memwr$\fifo_tag$../rtl/cache/l1d.sv:201$359_DATA' using process `\l1d.$proc$../rtl/cache/l1d.sv:195$770'.
  created $dff cell `$procdff$5445' with positive edge clock.
Creating register for signal `\l1d.$memwr$\fifo_tag$../rtl/cache/l1d.sv:201$359_EN' using process `\l1d.$proc$../rtl/cache/l1d.sv:195$770'.
  created $dff cell `$procdff$5446' with positive edge clock.
Creating register for signal `\l1d.$memwr$\fifo_data$../rtl/cache/l1d.sv:202$360_ADDR' using process `\l1d.$proc$../rtl/cache/l1d.sv:195$770'.
  created $dff cell `$procdff$5447' with positive edge clock.
Creating register for signal `\l1d.$memwr$\fifo_data$../rtl/cache/l1d.sv:202$360_DATA' using process `\l1d.$proc$../rtl/cache/l1d.sv:195$770'.
  created $dff cell `$procdff$5448' with positive edge clock.
Creating register for signal `\l1d.$memwr$\fifo_data$../rtl/cache/l1d.sv:202$360_EN' using process `\l1d.$proc$../rtl/cache/l1d.sv:195$770'.
  created $dff cell `$procdff$5449' with positive edge clock.
Creating register for signal `\l1d.$memwr$\fifo_tag$../rtl/cache/l1d.sv:205$361_ADDR' using process `\l1d.$proc$../rtl/cache/l1d.sv:195$770'.
  created $dff cell `$procdff$5450' with positive edge clock.
Creating register for signal `\l1d.$memwr$\fifo_tag$../rtl/cache/l1d.sv:205$361_DATA' using process `\l1d.$proc$../rtl/cache/l1d.sv:195$770'.
  created $dff cell `$procdff$5451' with positive edge clock.
Creating register for signal `\l1d.$memwr$\fifo_tag$../rtl/cache/l1d.sv:205$361_EN' using process `\l1d.$proc$../rtl/cache/l1d.sv:195$770'.
  created $dff cell `$procdff$5452' with positive edge clock.
Creating register for signal `\l1d.$memwr$\fifo_data$../rtl/cache/l1d.sv:206$362_ADDR' using process `\l1d.$proc$../rtl/cache/l1d.sv:195$770'.
  created $dff cell `$procdff$5453' with positive edge clock.
Creating register for signal `\l1d.$memwr$\fifo_data$../rtl/cache/l1d.sv:206$362_DATA' using process `\l1d.$proc$../rtl/cache/l1d.sv:195$770'.
  created $dff cell `$procdff$5454' with positive edge clock.
Creating register for signal `\l1d.$memwr$\fifo_data$../rtl/cache/l1d.sv:206$362_EN' using process `\l1d.$proc$../rtl/cache/l1d.sv:195$770'.
  created $dff cell `$procdff$5455' with positive edge clock.
Creating register for signal `$paramod$3b3ebe2a805de999e571f1f6aa39b69c15a9144c\mshr.\mem_busy' using process `$paramod$3b3ebe2a805de999e571f1f6aa39b69c15a9144c\mshr.$proc$../rtl/cache/mshr.sv:141$2018'.
  created $dff cell `$procdff$5456' with positive edge clock.
Creating register for signal `$paramod$3b3ebe2a805de999e571f1f6aa39b69c15a9144c\mshr.\busy_idx' using process `$paramod$3b3ebe2a805de999e571f1f6aa39b69c15a9144c\mshr.$proc$../rtl/cache/mshr.sv:141$2018'.
  created $dff cell `$procdff$5457' with positive edge clock.
Creating register for signal `$paramod$3b3ebe2a805de999e571f1f6aa39b69c15a9144c\mshr.$fordecl_block$9.i' using process `$paramod$3b3ebe2a805de999e571f1f6aa39b69c15a9144c\mshr.$proc$../rtl/cache/mshr.sv:141$2018'.
  created $dff cell `$procdff$5458' with positive edge clock.
Creating register for signal `$paramod$3b3ebe2a805de999e571f1f6aa39b69c15a9144c\mshr.$memwr$\st$../rtl/cache/mshr.sv:143$1847_EN' using process `$paramod$3b3ebe2a805de999e571f1f6aa39b69c15a9144c\mshr.$proc$../rtl/cache/mshr.sv:141$2018'.
  created $dff cell `$procdff$5459' with positive edge clock.
Creating register for signal `$paramod$3b3ebe2a805de999e571f1f6aa39b69c15a9144c\mshr.$memwr$\st$../rtl/cache/mshr.sv:143$1848_EN' using process `$paramod$3b3ebe2a805de999e571f1f6aa39b69c15a9144c\mshr.$proc$../rtl/cache/mshr.sv:141$2018'.
  created $dff cell `$procdff$5460' with positive edge clock.
Creating register for signal `$paramod$3b3ebe2a805de999e571f1f6aa39b69c15a9144c\mshr.$memwr$\st$../rtl/cache/mshr.sv:143$1849_EN' using process `$paramod$3b3ebe2a805de999e571f1f6aa39b69c15a9144c\mshr.$proc$../rtl/cache/mshr.sv:141$2018'.
  created $dff cell `$procdff$5461' with positive edge clock.
Creating register for signal `$paramod$3b3ebe2a805de999e571f1f6aa39b69c15a9144c\mshr.$memwr$\st$../rtl/cache/mshr.sv:143$1850_EN' using process `$paramod$3b3ebe2a805de999e571f1f6aa39b69c15a9144c\mshr.$proc$../rtl/cache/mshr.sv:141$2018'.
  created $dff cell `$procdff$5462' with positive edge clock.
Creating register for signal `$paramod$3b3ebe2a805de999e571f1f6aa39b69c15a9144c\mshr.$memwr$\addr_r$../rtl/cache/mshr.sv:147$1851_ADDR' using process `$paramod$3b3ebe2a805de999e571f1f6aa39b69c15a9144c\mshr.$proc$../rtl/cache/mshr.sv:141$2018'.
  created $dff cell `$procdff$5463' with positive edge clock.
Creating register for signal `$paramod$3b3ebe2a805de999e571f1f6aa39b69c15a9144c\mshr.$memwr$\addr_r$../rtl/cache/mshr.sv:147$1851_DATA' using process `$paramod$3b3ebe2a805de999e571f1f6aa39b69c15a9144c\mshr.$proc$../rtl/cache/mshr.sv:141$2018'.
  created $dff cell `$procdff$5464' with positive edge clock.
Creating register for signal `$paramod$3b3ebe2a805de999e571f1f6aa39b69c15a9144c\mshr.$memwr$\addr_r$../rtl/cache/mshr.sv:147$1851_EN' using process `$paramod$3b3ebe2a805de999e571f1f6aa39b69c15a9144c\mshr.$proc$../rtl/cache/mshr.sv:141$2018'.
  created $dff cell `$procdff$5465' with positive edge clock.
Creating register for signal `$paramod$3b3ebe2a805de999e571f1f6aa39b69c15a9144c\mshr.$memwr$\tag_r$../rtl/cache/mshr.sv:148$1852_ADDR' using process `$paramod$3b3ebe2a805de999e571f1f6aa39b69c15a9144c\mshr.$proc$../rtl/cache/mshr.sv:141$2018'.
  created $dff cell `$procdff$5466' with positive edge clock.
Creating register for signal `$paramod$3b3ebe2a805de999e571f1f6aa39b69c15a9144c\mshr.$memwr$\tag_r$../rtl/cache/mshr.sv:148$1852_DATA' using process `$paramod$3b3ebe2a805de999e571f1f6aa39b69c15a9144c\mshr.$proc$../rtl/cache/mshr.sv:141$2018'.
  created $dff cell `$procdff$5467' with positive edge clock.
Creating register for signal `$paramod$3b3ebe2a805de999e571f1f6aa39b69c15a9144c\mshr.$memwr$\tag_r$../rtl/cache/mshr.sv:148$1852_EN' using process `$paramod$3b3ebe2a805de999e571f1f6aa39b69c15a9144c\mshr.$proc$../rtl/cache/mshr.sv:141$2018'.
  created $dff cell `$procdff$5468' with positive edge clock.
Creating register for signal `$paramod$3b3ebe2a805de999e571f1f6aa39b69c15a9144c\mshr.$memwr$\we_r$../rtl/cache/mshr.sv:149$1853_ADDR' using process `$paramod$3b3ebe2a805de999e571f1f6aa39b69c15a9144c\mshr.$proc$../rtl/cache/mshr.sv:141$2018'.
  created $dff cell `$procdff$5469' with positive edge clock.
Creating register for signal `$paramod$3b3ebe2a805de999e571f1f6aa39b69c15a9144c\mshr.$memwr$\we_r$../rtl/cache/mshr.sv:149$1853_DATA' using process `$paramod$3b3ebe2a805de999e571f1f6aa39b69c15a9144c\mshr.$proc$../rtl/cache/mshr.sv:141$2018'.
  created $dff cell `$procdff$5470' with positive edge clock.
Creating register for signal `$paramod$3b3ebe2a805de999e571f1f6aa39b69c15a9144c\mshr.$memwr$\we_r$../rtl/cache/mshr.sv:149$1853_EN' using process `$paramod$3b3ebe2a805de999e571f1f6aa39b69c15a9144c\mshr.$proc$../rtl/cache/mshr.sv:141$2018'.
  created $dff cell `$procdff$5471' with positive edge clock.
Creating register for signal `$paramod$3b3ebe2a805de999e571f1f6aa39b69c15a9144c\mshr.$memwr$\size_r$../rtl/cache/mshr.sv:150$1854_ADDR' using process `$paramod$3b3ebe2a805de999e571f1f6aa39b69c15a9144c\mshr.$proc$../rtl/cache/mshr.sv:141$2018'.
  created $dff cell `$procdff$5472' with positive edge clock.
Creating register for signal `$paramod$3b3ebe2a805de999e571f1f6aa39b69c15a9144c\mshr.$memwr$\size_r$../rtl/cache/mshr.sv:150$1854_DATA' using process `$paramod$3b3ebe2a805de999e571f1f6aa39b69c15a9144c\mshr.$proc$../rtl/cache/mshr.sv:141$2018'.
  created $dff cell `$procdff$5473' with positive edge clock.
Creating register for signal `$paramod$3b3ebe2a805de999e571f1f6aa39b69c15a9144c\mshr.$memwr$\size_r$../rtl/cache/mshr.sv:150$1854_EN' using process `$paramod$3b3ebe2a805de999e571f1f6aa39b69c15a9144c\mshr.$proc$../rtl/cache/mshr.sv:141$2018'.
  created $dff cell `$procdff$5474' with positive edge clock.
Creating register for signal `$paramod$3b3ebe2a805de999e571f1f6aa39b69c15a9144c\mshr.$memwr$\wdata_r$../rtl/cache/mshr.sv:151$1855_ADDR' using process `$paramod$3b3ebe2a805de999e571f1f6aa39b69c15a9144c\mshr.$proc$../rtl/cache/mshr.sv:141$2018'.
  created $dff cell `$procdff$5475' with positive edge clock.
Creating register for signal `$paramod$3b3ebe2a805de999e571f1f6aa39b69c15a9144c\mshr.$memwr$\wdata_r$../rtl/cache/mshr.sv:151$1855_DATA' using process `$paramod$3b3ebe2a805de999e571f1f6aa39b69c15a9144c\mshr.$proc$../rtl/cache/mshr.sv:141$2018'.
  created $dff cell `$procdff$5476' with positive edge clock.
Creating register for signal `$paramod$3b3ebe2a805de999e571f1f6aa39b69c15a9144c\mshr.$memwr$\wdata_r$../rtl/cache/mshr.sv:151$1855_EN' using process `$paramod$3b3ebe2a805de999e571f1f6aa39b69c15a9144c\mshr.$proc$../rtl/cache/mshr.sv:141$2018'.
  created $dff cell `$procdff$5477' with positive edge clock.
Creating register for signal `$paramod$3b3ebe2a805de999e571f1f6aa39b69c15a9144c\mshr.$memwr$\way_r$../rtl/cache/mshr.sv:152$1856_ADDR' using process `$paramod$3b3ebe2a805de999e571f1f6aa39b69c15a9144c\mshr.$proc$../rtl/cache/mshr.sv:141$2018'.
  created $dff cell `$procdff$5478' with positive edge clock.
Creating register for signal `$paramod$3b3ebe2a805de999e571f1f6aa39b69c15a9144c\mshr.$memwr$\way_r$../rtl/cache/mshr.sv:152$1856_DATA' using process `$paramod$3b3ebe2a805de999e571f1f6aa39b69c15a9144c\mshr.$proc$../rtl/cache/mshr.sv:141$2018'.
  created $dff cell `$procdff$5479' with positive edge clock.
Creating register for signal `$paramod$3b3ebe2a805de999e571f1f6aa39b69c15a9144c\mshr.$memwr$\way_r$../rtl/cache/mshr.sv:152$1856_EN' using process `$paramod$3b3ebe2a805de999e571f1f6aa39b69c15a9144c\mshr.$proc$../rtl/cache/mshr.sv:141$2018'.
  created $dff cell `$procdff$5480' with positive edge clock.
Creating register for signal `$paramod$3b3ebe2a805de999e571f1f6aa39b69c15a9144c\mshr.$memwr$\vdirty_r$../rtl/cache/mshr.sv:153$1857_ADDR' using process `$paramod$3b3ebe2a805de999e571f1f6aa39b69c15a9144c\mshr.$proc$../rtl/cache/mshr.sv:141$2018'.
  created $dff cell `$procdff$5481' with positive edge clock.
Creating register for signal `$paramod$3b3ebe2a805de999e571f1f6aa39b69c15a9144c\mshr.$memwr$\vdirty_r$../rtl/cache/mshr.sv:153$1857_DATA' using process `$paramod$3b3ebe2a805de999e571f1f6aa39b69c15a9144c\mshr.$proc$../rtl/cache/mshr.sv:141$2018'.
  created $dff cell `$procdff$5482' with positive edge clock.
Creating register for signal `$paramod$3b3ebe2a805de999e571f1f6aa39b69c15a9144c\mshr.$memwr$\vdirty_r$../rtl/cache/mshr.sv:153$1857_EN' using process `$paramod$3b3ebe2a805de999e571f1f6aa39b69c15a9144c\mshr.$proc$../rtl/cache/mshr.sv:141$2018'.
  created $dff cell `$procdff$5483' with positive edge clock.
Creating register for signal `$paramod$3b3ebe2a805de999e571f1f6aa39b69c15a9144c\mshr.$memwr$\vaddr_r$../rtl/cache/mshr.sv:154$1858_ADDR' using process `$paramod$3b3ebe2a805de999e571f1f6aa39b69c15a9144c\mshr.$proc$../rtl/cache/mshr.sv:141$2018'.
  created $dff cell `$procdff$5484' with positive edge clock.
Creating register for signal `$paramod$3b3ebe2a805de999e571f1f6aa39b69c15a9144c\mshr.$memwr$\vaddr_r$../rtl/cache/mshr.sv:154$1858_DATA' using process `$paramod$3b3ebe2a805de999e571f1f6aa39b69c15a9144c\mshr.$proc$../rtl/cache/mshr.sv:141$2018'.
  created $dff cell `$procdff$5485' with positive edge clock.
Creating register for signal `$paramod$3b3ebe2a805de999e571f1f6aa39b69c15a9144c\mshr.$memwr$\vaddr_r$../rtl/cache/mshr.sv:154$1858_EN' using process `$paramod$3b3ebe2a805de999e571f1f6aa39b69c15a9144c\mshr.$proc$../rtl/cache/mshr.sv:141$2018'.
  created $dff cell `$procdff$5486' with positive edge clock.
Creating register for signal `$paramod$3b3ebe2a805de999e571f1f6aa39b69c15a9144c\mshr.$memwr$\vdata_r$../rtl/cache/mshr.sv:155$1859_ADDR' using process `$paramod$3b3ebe2a805de999e571f1f6aa39b69c15a9144c\mshr.$proc$../rtl/cache/mshr.sv:141$2018'.
  created $dff cell `$procdff$5487' with positive edge clock.
Creating register for signal `$paramod$3b3ebe2a805de999e571f1f6aa39b69c15a9144c\mshr.$memwr$\vdata_r$../rtl/cache/mshr.sv:155$1859_DATA' using process `$paramod$3b3ebe2a805de999e571f1f6aa39b69c15a9144c\mshr.$proc$../rtl/cache/mshr.sv:141$2018'.
  created $dff cell `$procdff$5488' with positive edge clock.
Creating register for signal `$paramod$3b3ebe2a805de999e571f1f6aa39b69c15a9144c\mshr.$memwr$\vdata_r$../rtl/cache/mshr.sv:155$1859_EN' using process `$paramod$3b3ebe2a805de999e571f1f6aa39b69c15a9144c\mshr.$proc$../rtl/cache/mshr.sv:141$2018'.
  created $dff cell `$procdff$5489' with positive edge clock.
Creating register for signal `$paramod$3b3ebe2a805de999e571f1f6aa39b69c15a9144c\mshr.$memwr$\st$../rtl/cache/mshr.sv:156$1860_ADDR' using process `$paramod$3b3ebe2a805de999e571f1f6aa39b69c15a9144c\mshr.$proc$../rtl/cache/mshr.sv:141$2018'.
  created $dff cell `$procdff$5490' with positive edge clock.
Creating register for signal `$paramod$3b3ebe2a805de999e571f1f6aa39b69c15a9144c\mshr.$memwr$\st$../rtl/cache/mshr.sv:156$1860_DATA' using process `$paramod$3b3ebe2a805de999e571f1f6aa39b69c15a9144c\mshr.$proc$../rtl/cache/mshr.sv:141$2018'.
  created $dff cell `$procdff$5491' with positive edge clock.
Creating register for signal `$paramod$3b3ebe2a805de999e571f1f6aa39b69c15a9144c\mshr.$memwr$\st$../rtl/cache/mshr.sv:156$1860_EN' using process `$paramod$3b3ebe2a805de999e571f1f6aa39b69c15a9144c\mshr.$proc$../rtl/cache/mshr.sv:141$2018'.
  created $dff cell `$procdff$5492' with positive edge clock.
Creating register for signal `$paramod$3b3ebe2a805de999e571f1f6aa39b69c15a9144c\mshr.$memwr$\st$../rtl/cache/mshr.sv:161$1861_ADDR' using process `$paramod$3b3ebe2a805de999e571f1f6aa39b69c15a9144c\mshr.$proc$../rtl/cache/mshr.sv:141$2018'.
  created $dff cell `$procdff$5493' with positive edge clock.
Creating register for signal `$paramod$3b3ebe2a805de999e571f1f6aa39b69c15a9144c\mshr.$memwr$\st$../rtl/cache/mshr.sv:161$1861_EN' using process `$paramod$3b3ebe2a805de999e571f1f6aa39b69c15a9144c\mshr.$proc$../rtl/cache/mshr.sv:141$2018'.
  created $dff cell `$procdff$5494' with positive edge clock.
Creating register for signal `$paramod$3b3ebe2a805de999e571f1f6aa39b69c15a9144c\mshr.$memwr$\st$../rtl/cache/mshr.sv:163$1862_ADDR' using process `$paramod$3b3ebe2a805de999e571f1f6aa39b69c15a9144c\mshr.$proc$../rtl/cache/mshr.sv:141$2018'.
  created $dff cell `$procdff$5495' with positive edge clock.
Creating register for signal `$paramod$3b3ebe2a805de999e571f1f6aa39b69c15a9144c\mshr.$memwr$\st$../rtl/cache/mshr.sv:163$1862_EN' using process `$paramod$3b3ebe2a805de999e571f1f6aa39b69c15a9144c\mshr.$proc$../rtl/cache/mshr.sv:141$2018'.
  created $dff cell `$procdff$5496' with positive edge clock.
Creating register for signal `$paramod$3b3ebe2a805de999e571f1f6aa39b69c15a9144c\mshr.$memwr$\filldata_r$../rtl/cache/mshr.sv:170$1863_ADDR' using process `$paramod$3b3ebe2a805de999e571f1f6aa39b69c15a9144c\mshr.$proc$../rtl/cache/mshr.sv:141$2018'.
  created $dff cell `$procdff$5497' with positive edge clock.
Creating register for signal `$paramod$3b3ebe2a805de999e571f1f6aa39b69c15a9144c\mshr.$memwr$\filldata_r$../rtl/cache/mshr.sv:170$1863_DATA' using process `$paramod$3b3ebe2a805de999e571f1f6aa39b69c15a9144c\mshr.$proc$../rtl/cache/mshr.sv:141$2018'.
  created $dff cell `$procdff$5498' with positive edge clock.
Creating register for signal `$paramod$3b3ebe2a805de999e571f1f6aa39b69c15a9144c\mshr.$memwr$\filldata_r$../rtl/cache/mshr.sv:170$1863_EN' using process `$paramod$3b3ebe2a805de999e571f1f6aa39b69c15a9144c\mshr.$proc$../rtl/cache/mshr.sv:141$2018'.
  created $dff cell `$procdff$5499' with positive edge clock.
Creating register for signal `$paramod$3b3ebe2a805de999e571f1f6aa39b69c15a9144c\mshr.$memwr$\st$../rtl/cache/mshr.sv:171$1864_ADDR' using process `$paramod$3b3ebe2a805de999e571f1f6aa39b69c15a9144c\mshr.$proc$../rtl/cache/mshr.sv:141$2018'.
  created $dff cell `$procdff$5500' with positive edge clock.
Creating register for signal `$paramod$3b3ebe2a805de999e571f1f6aa39b69c15a9144c\mshr.$memwr$\st$../rtl/cache/mshr.sv:171$1864_EN' using process `$paramod$3b3ebe2a805de999e571f1f6aa39b69c15a9144c\mshr.$proc$../rtl/cache/mshr.sv:141$2018'.
  created $dff cell `$procdff$5501' with positive edge clock.
Creating register for signal `$paramod$3b3ebe2a805de999e571f1f6aa39b69c15a9144c\mshr.$memwr$\st$../rtl/cache/mshr.sv:175$1865_ADDR' using process `$paramod$3b3ebe2a805de999e571f1f6aa39b69c15a9144c\mshr.$proc$../rtl/cache/mshr.sv:141$2018'.
  created $dff cell `$procdff$5502' with positive edge clock.
Creating register for signal `$paramod$3b3ebe2a805de999e571f1f6aa39b69c15a9144c\mshr.$memwr$\st$../rtl/cache/mshr.sv:175$1865_EN' using process `$paramod$3b3ebe2a805de999e571f1f6aa39b69c15a9144c\mshr.$proc$../rtl/cache/mshr.sv:141$2018'.
  created $dff cell `$procdff$5503' with positive edge clock.

4.2.10. Executing PROC_MEMWR pass (convert process memory writes to cells).

4.2.11. Executing PROC_CLEAN pass (remove empty switches from decision trees).
Found and cleaned up 1 empty switch in `\l1d.$proc$../rtl/cache/l1d.sv:182$1815'.
Removing empty process `l1d.$proc$../rtl/cache/l1d.sv:182$1815'.
Found and cleaned up 1 empty switch in `\l1d.$proc$../rtl/cache/l1d.sv:181$1793'.
Removing empty process `l1d.$proc$../rtl/cache/l1d.sv:181$1793'.
Found and cleaned up 11 empty switches in `\l1d.$proc$../rtl/cache/l1d.sv:263$869'.
Removing empty process `l1d.$proc$../rtl/cache/l1d.sv:263$869'.
Found and cleaned up 8 empty switches in `\l1d.$proc$../rtl/cache/l1d.sv:230$818'.
Removing empty process `l1d.$proc$../rtl/cache/l1d.sv:230$818'.
Found and cleaned up 4 empty switches in `\l1d.$proc$../rtl/cache/l1d.sv:195$770'.
Removing empty process `l1d.$proc$../rtl/cache/l1d.sv:195$770'.
Found and cleaned up 5 empty switches in `\l1d.$proc$../rtl/cache/l1d.sv:93$722'.
Removing empty process `l1d.$proc$../rtl/cache/l1d.sv:93$722'.
Removing empty process `$paramod$3b3ebe2a805de999e571f1f6aa39b69c15a9144c\mshr.$proc$../rtl/cache/mshr.sv:128$2163'.
Found and cleaned up 6 empty switches in `$paramod$3b3ebe2a805de999e571f1f6aa39b69c15a9144c\mshr.$proc$../rtl/cache/mshr.sv:141$2018'.
Removing empty process `$paramod$3b3ebe2a805de999e571f1f6aa39b69c15a9144c\mshr.$proc$../rtl/cache/mshr.sv:141$2018'.
Found and cleaned up 4 empty switches in `$paramod$3b3ebe2a805de999e571f1f6aa39b69c15a9144c\mshr.$proc$../rtl/cache/mshr.sv:118$1988'.
Removing empty process `$paramod$3b3ebe2a805de999e571f1f6aa39b69c15a9144c\mshr.$proc$../rtl/cache/mshr.sv:118$1988'.
Found and cleaned up 8 empty switches in `$paramod$3b3ebe2a805de999e571f1f6aa39b69c15a9144c\mshr.$proc$../rtl/cache/mshr.sv:107$1954'.
Removing empty process `$paramod$3b3ebe2a805de999e571f1f6aa39b69c15a9144c\mshr.$proc$../rtl/cache/mshr.sv:107$1954'.
Found and cleaned up 12 empty switches in `$paramod$3b3ebe2a805de999e571f1f6aa39b69c15a9144c\mshr.$proc$../rtl/cache/mshr.sv:97$1904'.
Removing empty process `$paramod$3b3ebe2a805de999e571f1f6aa39b69c15a9144c\mshr.$proc$../rtl/cache/mshr.sv:97$1904'.
Found and cleaned up 12 empty switches in `$paramod$3b3ebe2a805de999e571f1f6aa39b69c15a9144c\mshr.$proc$../rtl/cache/mshr.sv:84$1866'.
Removing empty process `$paramod$3b3ebe2a805de999e571f1f6aa39b69c15a9144c\mshr.$proc$../rtl/cache/mshr.sv:84$1866'.
Cleaned up 72 empty switches.

4.2.12. Executing OPT_EXPR pass (perform const folding).
Optimizing module l1d.
<suppressed ~536 debug messages>
Optimizing module $paramod$3b3ebe2a805de999e571f1f6aa39b69c15a9144c\mshr.
<suppressed ~122 debug messages>

4.3. Executing OPT_EXPR pass (perform const folding).
Optimizing module l1d.
<suppressed ~105 debug messages>
Optimizing module $paramod$3b3ebe2a805de999e571f1f6aa39b69c15a9144c\mshr.

4.4. Executing CHECK pass (checking for obvious problems).
Checking module l1d...
Warning: multiple conflicting drivers for l1d.\cnt_writebacks [31]:
    port Q[31] of cell $procdff$5432 ($dff)
    port Q[31] of cell $procdff$5062 ($dff)
Warning: multiple conflicting drivers for l1d.\cnt_writebacks [30]:
    port Q[30] of cell $procdff$5432 ($dff)
    port Q[30] of cell $procdff$5062 ($dff)
Warning: multiple conflicting drivers for l1d.\cnt_writebacks [29]:
    port Q[29] of cell $procdff$5432 ($dff)
    port Q[29] of cell $procdff$5062 ($dff)
Warning: multiple conflicting drivers for l1d.\cnt_writebacks [28]:
    port Q[28] of cell $procdff$5432 ($dff)
    port Q[28] of cell $procdff$5062 ($dff)
Warning: multiple conflicting drivers for l1d.\cnt_writebacks [27]:
    port Q[27] of cell $procdff$5432 ($dff)
    port Q[27] of cell $procdff$5062 ($dff)
Warning: multiple conflicting drivers for l1d.\cnt_writebacks [26]:
    port Q[26] of cell $procdff$5432 ($dff)
    port Q[26] of cell $procdff$5062 ($dff)
Warning: multiple conflicting drivers for l1d.\cnt_writebacks [25]:
    port Q[25] of cell $procdff$5432 ($dff)
    port Q[25] of cell $procdff$5062 ($dff)
Warning: multiple conflicting drivers for l1d.\cnt_writebacks [24]:
    port Q[24] of cell $procdff$5432 ($dff)
    port Q[24] of cell $procdff$5062 ($dff)
Warning: multiple conflicting drivers for l1d.\cnt_writebacks [23]:
    port Q[23] of cell $procdff$5432 ($dff)
    port Q[23] of cell $procdff$5062 ($dff)
Warning: multiple conflicting drivers for l1d.\cnt_writebacks [22]:
    port Q[22] of cell $procdff$5432 ($dff)
    port Q[22] of cell $procdff$5062 ($dff)
Warning: multiple conflicting drivers for l1d.\cnt_writebacks [21]:
    port Q[21] of cell $procdff$5432 ($dff)
    port Q[21] of cell $procdff$5062 ($dff)
Warning: multiple conflicting drivers for l1d.\cnt_writebacks [20]:
    port Q[20] of cell $procdff$5432 ($dff)
    port Q[20] of cell $procdff$5062 ($dff)
Warning: multiple conflicting drivers for l1d.\cnt_writebacks [19]:
    port Q[19] of cell $procdff$5432 ($dff)
    port Q[19] of cell $procdff$5062 ($dff)
Warning: multiple conflicting drivers for l1d.\cnt_writebacks [18]:
    port Q[18] of cell $procdff$5432 ($dff)
    port Q[18] of cell $procdff$5062 ($dff)
Warning: multiple conflicting drivers for l1d.\cnt_writebacks [17]:
    port Q[17] of cell $procdff$5432 ($dff)
    port Q[17] of cell $procdff$5062 ($dff)
Warning: multiple conflicting drivers for l1d.\cnt_writebacks [16]:
    port Q[16] of cell $procdff$5432 ($dff)
    port Q[16] of cell $procdff$5062 ($dff)
Warning: multiple conflicting drivers for l1d.\cnt_writebacks [15]:
    port Q[15] of cell $procdff$5432 ($dff)
    port Q[15] of cell $procdff$5062 ($dff)
Warning: multiple conflicting drivers for l1d.\cnt_writebacks [14]:
    port Q[14] of cell $procdff$5432 ($dff)
    port Q[14] of cell $procdff$5062 ($dff)
Warning: multiple conflicting drivers for l1d.\cnt_writebacks [13]:
    port Q[13] of cell $procdff$5432 ($dff)
    port Q[13] of cell $procdff$5062 ($dff)
Warning: multiple conflicting drivers for l1d.\cnt_writebacks [12]:
    port Q[12] of cell $procdff$5432 ($dff)
    port Q[12] of cell $procdff$5062 ($dff)
Warning: multiple conflicting drivers for l1d.\cnt_writebacks [11]:
    port Q[11] of cell $procdff$5432 ($dff)
    port Q[11] of cell $procdff$5062 ($dff)
Warning: multiple conflicting drivers for l1d.\cnt_writebacks [10]:
    port Q[10] of cell $procdff$5432 ($dff)
    port Q[10] of cell $procdff$5062 ($dff)
Warning: multiple conflicting drivers for l1d.\cnt_writebacks [9]:
    port Q[9] of cell $procdff$5432 ($dff)
    port Q[9] of cell $procdff$5062 ($dff)
Warning: multiple conflicting drivers for l1d.\cnt_writebacks [8]:
    port Q[8] of cell $procdff$5432 ($dff)
    port Q[8] of cell $procdff$5062 ($dff)
Warning: multiple conflicting drivers for l1d.\cnt_writebacks [7]:
    port Q[7] of cell $procdff$5432 ($dff)
    port Q[7] of cell $procdff$5062 ($dff)
Warning: multiple conflicting drivers for l1d.\cnt_writebacks [6]:
    port Q[6] of cell $procdff$5432 ($dff)
    port Q[6] of cell $procdff$5062 ($dff)
Warning: multiple conflicting drivers for l1d.\cnt_writebacks [5]:
    port Q[5] of cell $procdff$5432 ($dff)
    port Q[5] of cell $procdff$5062 ($dff)
Warning: multiple conflicting drivers for l1d.\cnt_writebacks [4]:
    port Q[4] of cell $procdff$5432 ($dff)
    port Q[4] of cell $procdff$5062 ($dff)
Warning: multiple conflicting drivers for l1d.\cnt_writebacks [3]:
    port Q[3] of cell $procdff$5432 ($dff)
    port Q[3] of cell $procdff$5062 ($dff)
Warning: multiple conflicting drivers for l1d.\cnt_writebacks [2]:
    port Q[2] of cell $procdff$5432 ($dff)
    port Q[2] of cell $procdff$5062 ($dff)
Warning: multiple conflicting drivers for l1d.\cnt_writebacks [1]:
    port Q[1] of cell $procdff$5432 ($dff)
    port Q[1] of cell $procdff$5062 ($dff)
Warning: multiple conflicting drivers for l1d.\cnt_writebacks [0]:
    port Q[0] of cell $procdff$5432 ($dff)
    port Q[0] of cell $procdff$5062 ($dff)
Checking module $paramod$3b3ebe2a805de999e571f1f6aa39b69c15a9144c\mshr...
Found and reported 32 problems.

4.5. Executing OPT_CLEAN pass (remove unused cells and wires).
Finding unused cells or wires in module \l1d..
Finding unused cells or wires in module $paramod$3b3ebe2a805de999e571f1f6aa39b69c15a9144c\mshr..
Removed 600 unused cells and 2824 unused wires.
<suppressed ~631 debug messages>

4.6. Executing OPT pass (performing simple optimizations).

4.6.1. Executing OPT_EXPR pass (perform const folding).
Optimizing module l1d.
Optimizing module $paramod$3b3ebe2a805de999e571f1f6aa39b69c15a9144c\mshr.

4.6.2. Executing OPT_MERGE pass (detect identical cells).
Finding identical cells in module `\l1d'.
Computing hashes of 1138 cells of `\l1d'.
Finding duplicate cells in `\l1d'.
Computing hashes of 1089 cells of `\l1d'.
Finding duplicate cells in `\l1d'.
Computing hashes of 1084 cells of `\l1d'.
Finding duplicate cells in `\l1d'.
<suppressed ~162 debug messages>
Finding identical cells in module `$paramod$3b3ebe2a805de999e571f1f6aa39b69c15a9144c\mshr'.
Computing hashes of 365 cells of `$paramod$3b3ebe2a805de999e571f1f6aa39b69c15a9144c\mshr'.
Finding duplicate cells in `$paramod$3b3ebe2a805de999e571f1f6aa39b69c15a9144c\mshr'.
Computing hashes of 335 cells of `$paramod$3b3ebe2a805de999e571f1f6aa39b69c15a9144c\mshr'.
Finding duplicate cells in `$paramod$3b3ebe2a805de999e571f1f6aa39b69c15a9144c\mshr'.
Computing hashes of 326 cells of `$paramod$3b3ebe2a805de999e571f1f6aa39b69c15a9144c\mshr'.
Finding duplicate cells in `$paramod$3b3ebe2a805de999e571f1f6aa39b69c15a9144c\mshr'.
<suppressed ~117 debug messages>
Removed a total of 93 cells.

4.6.3. Executing OPT_MUXTREE pass (detect dead branches in mux trees).
Running muxtree optimizer on module \l1d..
  Creating internal representation of mux trees.
  Evaluating internal representation of mux trees.
      Replacing known input bits on port A of cell $procmux$4120: \fl_busy -> 1'1
      Replacing known input bits on port A of cell $procmux$4123: \fl_busy -> 1'0
  Analyzing evaluation results.
    dead port 1/2 on $mux $procmux$4369.
    dead port 1/2 on $mux $procmux$4363.
    dead port 1/2 on $mux $procmux$4360.
    dead port 1/2 on $mux $procmux$4354.
    dead port 1/2 on $mux $procmux$4351.
    dead port 1/2 on $mux $procmux$4348.
    dead port 1/2 on $mux $procmux$4342.
    dead port 1/2 on $mux $procmux$4339.
    dead port 1/2 on $mux $procmux$4336.
    dead port 1/2 on $mux $procmux$4333.
    dead port 2/2 on $mux $procmux$4261.
    dead port 2/2 on $mux $procmux$4255.
    dead port 2/2 on $mux $procmux$4249.
    dead port 2/2 on $mux $procmux$4243.
    dead port 2/2 on $mux $procmux$4237.
    dead port 2/2 on $mux $procmux$4231.
    dead port 2/2 on $mux $procmux$4225.
    dead port 2/2 on $mux $procmux$4219.
    dead port 2/2 on $mux $procmux$4213.
    dead port 2/2 on $mux $procmux$4207.
    dead port 2/2 on $mux $procmux$4201.
    dead port 2/2 on $mux $procmux$4195.
    dead port 2/2 on $mux $procmux$4102.
    dead port 2/2 on $mux $procmux$4096.
    dead port 2/2 on $mux $procmux$4090.
    dead port 2/2 on $mux $procmux$4087.
    dead port 2/2 on $mux $procmux$4081.
    dead port 2/2 on $mux $procmux$4078.
    dead port 2/2 on $mux $procmux$4072.
    dead port 2/2 on $mux $procmux$4069.
    dead port 1/2 on $mux $procmux$4066.
    dead port 2/2 on $mux $procmux$4060.
    dead port 2/2 on $mux $procmux$4057.
    dead port 1/2 on $mux $procmux$4054.
    dead port 2/2 on $mux $procmux$4048.
    dead port 2/2 on $mux $procmux$4045.
    dead port 1/2 on $mux $procmux$4042.
    dead port 2/2 on $mux $procmux$4039.
    dead port 2/2 on $mux $procmux$4033.
    dead port 2/2 on $mux $procmux$4030.
    dead port 1/2 on $mux $procmux$4027.
    dead port 2/2 on $mux $procmux$4024.
    dead port 2/2 on $mux $procmux$2881.
    dead port 2/2 on $mux $procmux$2875.
    dead port 2/2 on $mux $procmux$2869.
    dead port 2/2 on $mux $procmux$2809.
    dead port 2/2 on $mux $procmux$2803.
    dead port 2/2 on $mux $procmux$2797.
    dead port 2/2 on $mux $procmux$2791.
    dead port 2/2 on $mux $procmux$2785.
    dead port 2/2 on $mux $procmux$2698.
    dead port 2/2 on $mux $procmux$2695.
    dead port 2/2 on $mux $procmux$2689.
    dead port 2/2 on $mux $procmux$2686.
    dead port 2/2 on $mux $procmux$2680.
    dead port 2/2 on $mux $procmux$2677.
    dead port 2/2 on $mux $procmux$2671.
    dead port 2/2 on $mux $procmux$2668.
    dead port 2/2 on $mux $procmux$2662.
    dead port 2/2 on $mux $procmux$2659.
    dead port 2/2 on $mux $procmux$2600.
    dead port 2/2 on $mux $procmux$2597.
    dead port 2/2 on $mux $procmux$2595.
    dead port 2/2 on $mux $procmux$2586.
    dead port 2/2 on $mux $procmux$2580.
    dead port 2/2 on $mux $procmux$2574.
    dead port 2/2 on $mux $procmux$2568.
    dead port 2/2 on $mux $procmux$2562.
    dead port 2/2 on $mux $procmux$2556.
    dead port 2/2 on $mux $procmux$2550.
    dead port 2/2 on $mux $procmux$2544.
    dead port 2/2 on $mux $procmux$2538.
    dead port 2/2 on $mux $procmux$2532.
    dead port 2/2 on $mux $procmux$2472.
    dead port 2/2 on $mux $procmux$2466.
    dead port 2/2 on $mux $procmux$2460.
    dead port 2/2 on $mux $procmux$2454.
    dead port 2/2 on $mux $procmux$2448.
    dead port 2/2 on $mux $procmux$2442.
    dead port 2/2 on $mux $procmux$2436.
    dead port 2/2 on $mux $procmux$2430.
    dead port 2/2 on $mux $procmux$2424.
    dead port 2/2 on $mux $procmux$2418.
    dead port 2/2 on $mux $procmux$2412.
    dead port 2/2 on $mux $procmux$2409.
    dead port 2/2 on $mux $procmux$2403.
    dead port 2/2 on $mux $procmux$2400.
    dead port 2/2 on $mux $procmux$2394.
    dead port 2/2 on $mux $procmux$2391.
    dead port 2/2 on $mux $procmux$2385.
    dead port 2/2 on $mux $procmux$2382.
    dead port 2/2 on $mux $procmux$2376.
    dead port 2/2 on $mux $procmux$2373.
    dead port 2/2 on $mux $procmux$2286.
    dead port 2/2 on $mux $procmux$2283.
    dead port 2/2 on $mux $procmux$2277.
    dead port 2/2 on $mux $procmux$2274.
    dead port 2/2 on $mux $procmux$2268.
    dead port 2/2 on $mux $procmux$2265.
    dead port 2/2 on $mux $procmux$2259.
    dead port 2/2 on $mux $procmux$2256.
    dead port 2/2 on $mux $procmux$2250.
    dead port 2/2 on $mux $procmux$2247.
    dead port 2/2 on $mux $procmux$2188.
    dead port 2/2 on $mux $procmux$2185.
    dead port 2/2 on $mux $procmux$2183.
Running muxtree optimizer on module $paramod$3b3ebe2a805de999e571f1f6aa39b69c15a9144c\mshr..
  Creating internal representation of mux trees.
  Evaluating internal representation of mux trees.
  Analyzing evaluation results.
    dead port 2/2 on $mux $procmux$4954.
    dead port 2/2 on $mux $procmux$4948.
    dead port 2/2 on $mux $procmux$4933.
    dead port 2/2 on $mux $procmux$4927.
    dead port 2/2 on $mux $procmux$4912.
    dead port 2/2 on $mux $procmux$4906.
    dead port 2/2 on $mux $procmux$4894.
    dead port 2/2 on $mux $procmux$4888.
    dead port 2/2 on $mux $procmux$4876.
    dead port 2/2 on $mux $procmux$4870.
    dead port 2/2 on $mux $procmux$4858.
    dead port 2/2 on $mux $procmux$4852.
    dead port 2/2 on $mux $procmux$4840.
    dead port 2/2 on $mux $procmux$4834.
    dead port 2/2 on $mux $procmux$4657.
    dead port 2/2 on $mux $procmux$4651.
    dead port 2/2 on $mux $procmux$4645.
    dead port 2/2 on $mux $procmux$4639.
    dead port 2/2 on $mux $procmux$4633.
    dead port 2/2 on $mux $procmux$4627.
    dead port 2/2 on $mux $procmux$4621.
    dead port 2/2 on $mux $procmux$4615.
    dead port 2/2 on $mux $procmux$4609.
    dead port 2/2 on $mux $procmux$4603.
    dead port 2/2 on $mux $procmux$4597.
    dead port 2/2 on $mux $procmux$4591.
    dead port 2/2 on $mux $procmux$4585.
    dead port 2/2 on $mux $procmux$4579.
    dead port 2/2 on $mux $procmux$4573.
    dead port 2/2 on $mux $procmux$4567.
    dead port 2/2 on $mux $procmux$4561.
    dead port 2/2 on $mux $procmux$4555.
    dead port 2/2 on $mux $procmux$4549.
    dead port 2/2 on $mux $procmux$4543.
    dead port 2/2 on $mux $procmux$4537.
    dead port 2/2 on $mux $procmux$4531.
    dead port 2/2 on $mux $procmux$4525.
    dead port 2/2 on $mux $procmux$4519.
    dead port 2/2 on $mux $procmux$4513.
    dead port 2/2 on $mux $procmux$4507.
    dead port 2/2 on $mux $procmux$4501.
    dead port 2/2 on $mux $procmux$4495.
    dead port 2/2 on $mux $procmux$4489.
    dead port 2/2 on $mux $procmux$4483.
    dead port 2/2 on $mux $procmux$4477.
    dead port 2/2 on $mux $procmux$4471.
    dead port 2/2 on $mux $procmux$4465.
    dead port 2/2 on $mux $procmux$4459.
    dead port 2/2 on $mux $procmux$4453.
    dead port 2/2 on $mux $procmux$4450.
    dead port 2/2 on $mux $procmux$4444.
    dead port 2/2 on $mux $procmux$4441.
    dead port 2/2 on $mux $procmux$4435.
    dead port 2/2 on $mux $procmux$4432.
    dead port 2/2 on $mux $procmux$4426.
    dead port 2/2 on $mux $procmux$4423.
    dead port 2/2 on $mux $procmux$4417.
    dead port 2/2 on $mux $procmux$4411.
    dead port 2/2 on $mux $procmux$4405.
    dead port 2/2 on $mux $procmux$4399.
    dead port 2/2 on $mux $procmux$4393.
    dead port 2/2 on $mux $procmux$4387.
    dead port 2/2 on $mux $procmux$4381.
    dead port 2/2 on $mux $procmux$4975.
    dead port 2/2 on $mux $procmux$4969.
Removed 171 multiplexer ports.
<suppressed ~1560 debug messages>

4.6.4. Executing OPT_REDUCE pass (consolidate $*mux and $reduce_* inputs).
  Optimizing cells in module \l1d.
    Consolidated identical input bits for $mux cell $procmux$4246:
      Old ports: A=4'0000, B=4'1111, Y=$procmux$4246_Y
      New ports: A=1'0, B=1'1, Y=$procmux$4246_Y [0]
      New connections: $procmux$4246_Y [3:1] = { $procmux$4246_Y [0] $procmux$4246_Y [0] $procmux$4246_Y [0] }
    Consolidated identical input bits for $mux cell $procmux$4228:
      Old ports: A=64'0000000000000000000000000000000000000000000000000000000000000000, B=64'1111111111111111111111111111111111111111111111111111111111111111, Y=$procmux$4228_Y
      New ports: A=1'0, B=1'1, Y=$procmux$4228_Y [0]
      New connections: $procmux$4228_Y [63:1] = { $procmux$4228_Y [0] $procmux$4228_Y [0] $procmux$4228_Y [0] $procmux$4228_Y [0] $procmux$4228_Y [0] $procmux$4228_Y [0] $procmux$4228_Y [0] $procmux$4228_Y [0] $procmux$4228_Y [0] $procmux$4228_Y [0] $procmux$4228_Y [0] $procmux$4228_Y [0] $procmux$4228_Y [0] $procmux$4228_Y [0] $procmux$4228_Y [0] $procmux$4228_Y [0] $procmux$4228_Y [0] $procmux$4228_Y [0] $procmux$4228_Y [0] $procmux$4228_Y [0] $procmux$4228_Y [0] $procmux$4228_Y [0] $procmux$4228_Y [0] $procmux$4228_Y [0] $procmux$4228_Y [0] $procmux$4228_Y [0] $procmux$4228_Y [0] $procmux$4228_Y [0] $procmux$4228_Y [0] $procmux$4228_Y [0] $procmux$4228_Y [0] $procmux$4228_Y [0] $procmux$4228_Y [0] $procmux$4228_Y [0] $procmux$4228_Y [0] $procmux$4228_Y [0] $procmux$4228_Y [0] $procmux$4228_Y [0] $procmux$4228_Y [0] $procmux$4228_Y [0] $procmux$4228_Y [0] $procmux$4228_Y [0] $procmux$4228_Y [0] $procmux$4228_Y [0] $procmux$4228_Y [0] $procmux$4228_Y [0] $procmux$4228_Y [0] $procmux$4228_Y [0] $procmux$4228_Y [0] $procmux$4228_Y [0] $procmux$4228_Y [0] $procmux$4228_Y [0] $procmux$4228_Y [0] $procmux$4228_Y [0] $procmux$4228_Y [0] $procmux$4228_Y [0] $procmux$4228_Y [0] $procmux$4228_Y [0] $procmux$4228_Y [0] $procmux$4228_Y [0] $procmux$4228_Y [0] $procmux$4228_Y [0] $procmux$4228_Y [0] }
    Consolidated identical input bits for $mux cell $procmux$4210:
      Old ports: A=4'0000, B=4'1111, Y=$procmux$4210_Y
      New ports: A=1'0, B=1'1, Y=$procmux$4210_Y [0]
      New connections: $procmux$4210_Y [3:1] = { $procmux$4210_Y [0] $procmux$4210_Y [0] $procmux$4210_Y [0] }
    Consolidated identical input bits for $mux cell $procmux$4192:
      Old ports: A=64'0000000000000000000000000000000000000000000000000000000000000000, B=64'1111111111111111111111111111111111111111111111111111111111111111, Y=$procmux$4192_Y
      New ports: A=1'0, B=1'1, Y=$procmux$4192_Y [0]
      New connections: $procmux$4192_Y [63:1] = { $procmux$4192_Y [0] $procmux$4192_Y [0] $procmux$4192_Y [0] $procmux$4192_Y [0] $procmux$4192_Y [0] $procmux$4192_Y [0] $procmux$4192_Y [0] $procmux$4192_Y [0] $procmux$4192_Y [0] $procmux$4192_Y [0] $procmux$4192_Y [0] $procmux$4192_Y [0] $procmux$4192_Y [0] $procmux$4192_Y [0] $procmux$4192_Y [0] $procmux$4192_Y [0] $procmux$4192_Y [0] $procmux$4192_Y [0] $procmux$4192_Y [0] $procmux$4192_Y [0] $procmux$4192_Y [0] $procmux$4192_Y [0] $procmux$4192_Y [0] $procmux$4192_Y [0] $procmux$4192_Y [0] $procmux$4192_Y [0] $procmux$4192_Y [0] $procmux$4192_Y [0] $procmux$4192_Y [0] $procmux$4192_Y [0] $procmux$4192_Y [0] $procmux$4192_Y [0] $procmux$4192_Y [0] $procmux$4192_Y [0] $procmux$4192_Y [0] $procmux$4192_Y [0] $procmux$4192_Y [0] $procmux$4192_Y [0] $procmux$4192_Y [0] $procmux$4192_Y [0] $procmux$4192_Y [0] $procmux$4192_Y [0] $procmux$4192_Y [0] $procmux$4192_Y [0] $procmux$4192_Y [0] $procmux$4192_Y [0] $procmux$4192_Y [0] $procmux$4192_Y [0] $procmux$4192_Y [0] $procmux$4192_Y [0] $procmux$4192_Y [0] $procmux$4192_Y [0] $procmux$4192_Y [0] $procmux$4192_Y [0] $procmux$4192_Y [0] $procmux$4192_Y [0] $procmux$4192_Y [0] $procmux$4192_Y [0] $procmux$4192_Y [0] $procmux$4192_Y [0] $procmux$4192_Y [0] $procmux$4192_Y [0] $procmux$4192_Y [0] }
    Consolidated identical input bits for $mux cell $procmux$2675:
      Old ports: A=512'00000000000000000000000000000000000000000000000000000000000000000000000000000000000000000000000000000000000000000000000000000000000000000000000000000000000000000000000000000000000000000000000000000000000000000000000000000000000000000000000000000000000000000000000000000000000000000000000000000000000000000000000000000000000000000000000000000000000000000000000000000000000000000000000000000000000000000000000000000000000000000000000000000000000000000000000000000000000000000000000000000000000000000000000000000000, B=512'11111111111111111111111111111111111111111111111111111111111111111111111111111111111111111111111111111111111111111111111111111111111111111111111111111111111111111111111111111111111111111111111111111111111111111111111111111111111111111111111111111111111111111111111111111111111111111111111111111111111111111111111111111111111111111111111111111111111111111111111111111111111111111111111111111111111111111111111111111111111111111111111111111111111111111111111111111111111111111111111111111111111111111111111111111111, Y=$procmux$2675_Y
      New ports: A=1'0, B=1'1, Y=$procmux$2675_Y [0]
      New connections: $procmux$2675_Y [511:1] = { $procmux$2675_Y [0] $procmux$2675_Y [0] $procmux$2675_Y [0] $procmux$2675_Y [0] $procmux$2675_Y [0] $procmux$2675_Y [0] $procmux$2675_Y [0] $procmux$2675_Y [0] $procmux$2675_Y [0] $procmux$2675_Y [0] $procmux$2675_Y [0] $procmux$2675_Y [0] $procmux$2675_Y [0] $procmux$2675_Y [0] $procmux$2675_Y [0] $procmux$2675_Y [0] $procmux$2675_Y [0] $procmux$2675_Y [0] $procmux$2675_Y [0] $procmux$2675_Y [0] $procmux$2675_Y [0] $procmux$2675_Y [0] $procmux$2675_Y [0] $procmux$2675_Y [0] $procmux$2675_Y [0] $procmux$2675_Y [0] $procmux$2675_Y [0] $procmux$2675_Y [0] $procmux$2675_Y [0] $procmux$2675_Y [0] $procmux$2675_Y [0] $procmux$2675_Y [0] $procmux$2675_Y [0] $procmux$2675_Y [0] $procmux$2675_Y [0] $procmux$2675_Y [0] $procmux$2675_Y [0] $procmux$2675_Y [0] $procmux$2675_Y [0] $procmux$2675_Y [0] $procmux$2675_Y [0] $procmux$2675_Y [0] $procmux$2675_Y [0] $procmux$2675_Y [0] $procmux$2675_Y [0] $procmux$2675_Y [0] $procmux$2675_Y [0] $procmux$2675_Y [0] $procmux$2675_Y [0] $procmux$2675_Y [0] $procmux$2675_Y [0] $procmux$2675_Y [0] $procmux$2675_Y [0] $procmux$2675_Y [0] $procmux$2675_Y [0] $procmux$2675_Y [0] $procmux$2675_Y [0] $procmux$2675_Y [0] $procmux$2675_Y [0] $procmux$2675_Y [0] $procmux$2675_Y [0] $procmux$2675_Y [0] $procmux$2675_Y [0] $procmux$2675_Y [0] $procmux$2675_Y [0] $procmux$2675_Y [0] $procmux$2675_Y [0] $procmux$2675_Y [0] $procmux$2675_Y [0] $procmux$2675_Y [0] $procmux$2675_Y [0] $procmux$2675_Y [0] $procmux$2675_Y [0] $procmux$2675_Y [0] $procmux$2675_Y [0] $procmux$2675_Y [0] $procmux$2675_Y [0] $procmux$2675_Y [0] $procmux$2675_Y [0] $procmux$2675_Y [0] $procmux$2675_Y [0] $procmux$2675_Y [0] $procmux$2675_Y [0] $procmux$2675_Y [0] $procmux$2675_Y [0] $procmux$2675_Y [0] $procmux$2675_Y [0] $procmux$2675_Y [0] $procmux$2675_Y [0] $procmux$2675_Y [0] $procmux$2675_Y [0] $procmux$2675_Y [0] $procmux$2675_Y [0] $procmux$2675_Y [0] $procmux$2675_Y [0] $procmux$2675_Y [0] $procmux$2675_Y [0] $procmux$2675_Y [0] $procmux$2675_Y [0] $procmux$2675_Y [0] $procmux$2675_Y [0] $procmux$2675_Y [0] $procmux$2675_Y [0] $procmux$2675_Y [0] $procmux$2675_Y [0] $procmux$2675_Y [0] $procmux$2675_Y [0] $procmux$2675_Y [0] $procmux$2675_Y [0] $procmux$2675_Y [0] $procmux$2675_Y [0] $procmux$2675_Y [0] $procmux$2675_Y [0] $procmux$2675_Y [0] $procmux$2675_Y [0] $procmux$2675_Y [0] $procmux$2675_Y [0] $procmux$2675_Y [0] $procmux$2675_Y [0] $procmux$2675_Y [0] $procmux$2675_Y [0] $procmux$2675_Y [0] $procmux$2675_Y [0] $procmux$2675_Y [0] $procmux$2675_Y [0] $procmux$2675_Y [0] $procmux$2675_Y [0] $procmux$2675_Y [0] $procmux$2675_Y [0] $procmux$2675_Y [0] $procmux$2675_Y [0] $procmux$2675_Y [0] $procmux$2675_Y [0] $procmux$2675_Y [0] $procmux$2675_Y [0] $procmux$2675_Y [0] $procmux$2675_Y [0] $procmux$2675_Y [0] $procmux$2675_Y [0] $procmux$2675_Y [0] $procmux$2675_Y [0] $procmux$2675_Y [0] $procmux$2675_Y [0] $procmux$2675_Y [0] $procmux$2675_Y [0] $procmux$2675_Y [0] $procmux$2675_Y [0] $procmux$2675_Y [0] $procmux$2675_Y [0] $procmux$2675_Y [0] $procmux$2675_Y [0] $procmux$2675_Y [0] $procmux$2675_Y [0] $procmux$2675_Y [0] $procmux$2675_Y [0] $procmux$2675_Y [0] $procmux$2675_Y [0] $procmux$2675_Y [0] $procmux$2675_Y [0] $procmux$2675_Y [0] $procmux$2675_Y [0] $procmux$2675_Y [0] $procmux$2675_Y [0] $procmux$2675_Y [0] $procmux$2675_Y [0] $procmux$2675_Y [0] $procmux$2675_Y [0] $procmux$2675_Y [0] $procmux$2675_Y [0] $procmux$2675_Y [0] $procmux$2675_Y [0] $procmux$2675_Y [0] $procmux$2675_Y [0] $procmux$2675_Y [0] $procmux$2675_Y [0] $procmux$2675_Y [0] $procmux$2675_Y [0] $procmux$2675_Y [0] $procmux$2675_Y [0] $procmux$2675_Y [0] $procmux$2675_Y [0] $procmux$2675_Y [0] $procmux$2675_Y [0] $procmux$2675_Y [0] $procmux$2675_Y [0] $procmux$2675_Y [0] $procmux$2675_Y [0] $procmux$2675_Y [0] $procmux$2675_Y [0] $procmux$2675_Y [0] $procmux$2675_Y [0] $procmux$2675_Y [0] $procmux$2675_Y [0] $procmux$2675_Y [0] $procmux$2675_Y [0] $procmux$2675_Y [0] $procmux$2675_Y [0] $procmux$2675_Y [0] $procmux$2675_Y [0] $procmux$2675_Y [0] $procmux$2675_Y [0] $procmux$2675_Y [0] $procmux$2675_Y [0] $procmux$2675_Y [0] $procmux$2675_Y [0] $procmux$2675_Y [0] $procmux$2675_Y [0] $procmux$2675_Y [0] $procmux$2675_Y [0] $procmux$2675_Y [0] $procmux$2675_Y [0] $procmux$2675_Y [0] $procmux$2675_Y [0] $procmux$2675_Y [0] $procmux$2675_Y [0] $procmux$2675_Y [0] $procmux$2675_Y [0] $procmux$2675_Y [0] $procmux$2675_Y [0] $procmux$2675_Y [0] $procmux$2675_Y [0] $procmux$2675_Y [0] $procmux$2675_Y [0] $procmux$2675_Y [0] $procmux$2675_Y [0] $procmux$2675_Y [0] $procmux$2675_Y [0] $procmux$2675_Y [0] $procmux$2675_Y [0] $procmux$2675_Y [0] $procmux$2675_Y [0] $procmux$2675_Y [0] $procmux$2675_Y [0] $procmux$2675_Y [0] $procmux$2675_Y [0] $procmux$2675_Y [0] $procmux$2675_Y [0] $procmux$2675_Y [0] $procmux$2675_Y [0] $procmux$2675_Y [0] $procmux$2675_Y [0] $procmux$2675_Y [0] $procmux$2675_Y [0] $procmux$2675_Y [0] $procmux$2675_Y [0] $procmux$2675_Y [0] $procmux$2675_Y [0] $procmux$2675_Y [0] $procmux$2675_Y [0] $procmux$2675_Y [0] $procmux$2675_Y [0] $procmux$2675_Y [0] $procmux$2675_Y [0] $procmux$2675_Y [0] $procmux$2675_Y [0] $procmux$2675_Y [0] $procmux$2675_Y [0] $procmux$2675_Y [0] $procmux$2675_Y [0] $procmux$2675_Y [0] $procmux$2675_Y [0] $procmux$2675_Y [0] $procmux$2675_Y [0] $procmux$2675_Y [0] $procmux$2675_Y [0] $procmux$2675_Y [0] $procmux$2675_Y [0] $procmux$2675_Y [0] $procmux$2675_Y [0] $procmux$2675_Y [0] $procmux$2675_Y [0] $procmux$2675_Y [0] $procmux$2675_Y [0] $procmux$2675_Y [0] $procmux$2675_Y [0] $procmux$2675_Y [0] $procmux$2675_Y [0] $procmux$2675_Y [0] $procmux$2675_Y [0] $procmux$2675_Y [0] $procmux$2675_Y [0] $procmux$2675_Y [0] $procmux$2675_Y [0] $procmux$2675_Y [0] $procmux$2675_Y [0] $procmux$2675_Y [0] $procmux$2675_Y [0] $procmux$2675_Y [0] $procmux$2675_Y [0] $procmux$2675_Y [0] $procmux$2675_Y [0] $procmux$2675_Y [0] $procmux$2675_Y [0] $procmux$2675_Y [0] $procmux$2675_Y [0] $procmux$2675_Y [0] $procmux$2675_Y [0] $procmux$2675_Y [0] $procmux$2675_Y [0] $procmux$2675_Y [0] $procmux$2675_Y [0] $procmux$2675_Y [0] $procmux$2675_Y [0] $procmux$2675_Y [0] $procmux$2675_Y [0] $procmux$2675_Y [0] $procmux$2675_Y [0] $procmux$2675_Y [0] $procmux$2675_Y [0] $procmux$2675_Y [0] $procmux$2675_Y [0] $procmux$2675_Y [0] $procmux$2675_Y [0] $procmux$2675_Y [0] $procmux$2675_Y [0] $procmux$2675_Y [0] $procmux$2675_Y [0] $procmux$2675_Y [0] $procmux$2675_Y [0] $procmux$2675_Y [0] $procmux$2675_Y [0] $procmux$2675_Y [0] $procmux$2675_Y [0] $procmux$2675_Y [0] $procmux$2675_Y [0] $procmux$2675_Y [0] $procmux$2675_Y [0] $procmux$2675_Y [0] $procmux$2675_Y [0] $procmux$2675_Y [0] $procmux$2675_Y [0] $procmux$2675_Y [0] $procmux$2675_Y [0] $procmux$2675_Y [0] $procmux$2675_Y [0] $procmux$2675_Y [0] $procmux$2675_Y [0] $procmux$2675_Y [0] $procmux$2675_Y [0] $procmux$2675_Y [0] $procmux$2675_Y [0] $procmux$2675_Y [0] $procmux$2675_Y [0] $procmux$2675_Y [0] $procmux$2675_Y [0] $procmux$2675_Y [0] $procmux$2675_Y [0] $procmux$2675_Y [0] $procmux$2675_Y [0] $procmux$2675_Y [0] $procmux$2675_Y [0] $procmux$2675_Y [0] $procmux$2675_Y [0] $procmux$2675_Y [0] $procmux$2675_Y [0] $procmux$2675_Y [0] $procmux$2675_Y [0] $procmux$2675_Y [0] $procmux$2675_Y [0] $procmux$2675_Y [0] $procmux$2675_Y [0] $procmux$2675_Y [0] $procmux$2675_Y [0] $procmux$2675_Y [0] $procmux$2675_Y [0] $procmux$2675_Y [0] $procmux$2675_Y [0] $procmux$2675_Y [0] $procmux$2675_Y [0] $procmux$2675_Y [0] $procmux$2675_Y [0] $procmux$2675_Y [0] $procmux$2675_Y [0] $procmux$2675_Y [0] $procmux$2675_Y [0] $procmux$2675_Y [0] $procmux$2675_Y [0] $procmux$2675_Y [0] $procmux$2675_Y [0] $procmux$2675_Y [0] $procmux$2675_Y [0] $procmux$2675_Y [0] $procmux$2675_Y [0] $procmux$2675_Y [0] $procmux$2675_Y [0] $procmux$2675_Y [0] $procmux$2675_Y [0] $procmux$2675_Y [0] $procmux$2675_Y [0] $procmux$2675_Y [0] $procmux$2675_Y [0] $procmux$2675_Y [0] $procmux$2675_Y [0] $procmux$2675_Y [0] $procmux$2675_Y [0] $procmux$2675_Y [0] $procmux$2675_Y [0] $procmux$2675_Y [0] $procmux$2675_Y [0] $procmux$2675_Y [0] $procmux$2675_Y [0] $procmux$2675_Y [0] $procmux$2675_Y [0] $procmux$2675_Y [0] $procmux$2675_Y [0] $procmux$2675_Y [0] $procmux$2675_Y [0] $procmux$2675_Y [0] $procmux$2675_Y [0] $procmux$2675_Y [0] $procmux$2675_Y [0] $procmux$2675_Y [0] $procmux$2675_Y [0] $procmux$2675_Y [0] $procmux$2675_Y [0] $procmux$2675_Y [0] $procmux$2675_Y [0] $procmux$2675_Y [0] $procmux$2675_Y [0] $procmux$2675_Y [0] $procmux$2675_Y [0] $procmux$2675_Y [0] $procmux$2675_Y [0] $procmux$2675_Y [0] $procmux$2675_Y [0] $procmux$2675_Y [0] $procmux$2675_Y [0] $procmux$2675_Y [0] $procmux$2675_Y [0] $procmux$2675_Y [0] $procmux$2675_Y [0] $procmux$2675_Y [0] $procmux$2675_Y [0] $procmux$2675_Y [0] $procmux$2675_Y [0] $procmux$2675_Y [0] $procmux$2675_Y [0] $procmux$2675_Y [0] $procmux$2675_Y [0] $procmux$2675_Y [0] $procmux$2675_Y [0] $procmux$2675_Y [0] $procmux$2675_Y [0] $procmux$2675_Y [0] $procmux$2675_Y [0] $procmux$2675_Y [0] $procmux$2675_Y [0] $procmux$2675_Y [0] $procmux$2675_Y [0] $procmux$2675_Y [0] $procmux$2675_Y [0] $procmux$2675_Y [0] $procmux$2675_Y [0] $procmux$2675_Y [0] $procmux$2675_Y [0] $procmux$2675_Y [0] $procmux$2675_Y [0] $procmux$2675_Y [0] $procmux$2675_Y [0] $procmux$2675_Y [0] $procmux$2675_Y [0] $procmux$2675_Y [0] $procmux$2675_Y [0] $procmux$2675_Y [0] $procmux$2675_Y [0] $procmux$2675_Y [0] $procmux$2675_Y [0] $procmux$2675_Y [0] $procmux$2675_Y [0] $procmux$2675_Y [0] $procmux$2675_Y [0] $procmux$2675_Y [0] $procmux$2675_Y [0] $procmux$2675_Y [0] $procmux$2675_Y [0] $procmux$2675_Y [0] $procmux$2675_Y [0] $procmux$2675_Y [0] $procmux$2675_Y [0] $procmux$2675_Y [0] $procmux$2675_Y [0] $procmux$2675_Y [0] $procmux$2675_Y [0] $procmux$2675_Y [0] $procmux$2675_Y [0] $procmux$2675_Y [0] $procmux$2675_Y [0] $procmux$2675_Y [0] $procmux$2675_Y [0] $procmux$2675_Y [0] $procmux$2675_Y [0] $procmux$2675_Y [0] $procmux$2675_Y [0] $procmux$2675_Y [0] $procmux$2675_Y [0] $procmux$2675_Y [0] $procmux$2675_Y [0] $procmux$2675_Y [0] $procmux$2675_Y [0] $procmux$2675_Y [0] $procmux$2675_Y [0] $procmux$2675_Y [0] $procmux$2675_Y [0] $procmux$2675_Y [0] $procmux$2675_Y [0] $procmux$2675_Y [0] $procmux$2675_Y [0] $procmux$2675_Y [0] $procmux$2675_Y [0] $procmux$2675_Y [0] $procmux$2675_Y [0] }
    Consolidated identical input bits for $mux cell $procmux$2559:
      Old ports: A=52'0000000000000000000000000000000000000000000000000000, B=52'1111111111111111111111111111111111111111111111111111, Y=$procmux$2559_Y
      New ports: A=1'0, B=1'1, Y=$procmux$2559_Y [0]
      New connections: $procmux$2559_Y [51:1] = { $procmux$2559_Y [0] $procmux$2559_Y [0] $procmux$2559_Y [0] $procmux$2559_Y [0] $procmux$2559_Y [0] $procmux$2559_Y [0] $procmux$2559_Y [0] $procmux$2559_Y [0] $procmux$2559_Y [0] $procmux$2559_Y [0] $procmux$2559_Y [0] $procmux$2559_Y [0] $procmux$2559_Y [0] $procmux$2559_Y [0] $procmux$2559_Y [0] $procmux$2559_Y [0] $procmux$2559_Y [0] $procmux$2559_Y [0] $procmux$2559_Y [0] $procmux$2559_Y [0] $procmux$2559_Y [0] $procmux$2559_Y [0] $procmux$2559_Y [0] $procmux$2559_Y [0] $procmux$2559_Y [0] $procmux$2559_Y [0] $procmux$2559_Y [0] $procmux$2559_Y [0] $procmux$2559_Y [0] $procmux$2559_Y [0] $procmux$2559_Y [0] $procmux$2559_Y [0] $procmux$2559_Y [0] $procmux$2559_Y [0] $procmux$2559_Y [0] $procmux$2559_Y [0] $procmux$2559_Y [0] $procmux$2559_Y [0] $procmux$2559_Y [0] $procmux$2559_Y [0] $procmux$2559_Y [0] $procmux$2559_Y [0] $procmux$2559_Y [0] $procmux$2559_Y [0] $procmux$2559_Y [0] $procmux$2559_Y [0] $procmux$2559_Y [0] $procmux$2559_Y [0] $procmux$2559_Y [0] $procmux$2559_Y [0] $procmux$2559_Y [0] }
    Consolidated identical input bits for $mux cell $procmux$2389:
      Old ports: A=512'11111111111111111111111111111111111111111111111111111111111111111111111111111111111111111111111111111111111111111111111111111111111111111111111111111111111111111111111111111111111111111111111111111111111111111111111111111111111111111111111111111111111111111111111111111111111111111111111111111111111111111111111111111111111111111111111111111111111111111111111111111111111111111111111111111111111111111111111111111111111111111111111111111111111111111111111111111111111111111111111111111111111111111111111111111111, B=512'00000000000000000000000000000000000000000000000000000000000000000000000000000000000000000000000000000000000000000000000000000000000000000000000000000000000000000000000000000000000000000000000000000000000000000000000000000000000000000000000000000000000000000000000000000000000000000000000000000000000000000000000000000000000000000000000000000000000000000000000000000000000000000000000000000000000000000000000000000000000000000000000000000000000000000000000000000000000000000000000000000000000000000000000000000000, Y=$procmux$2389_Y
      New ports: A=1'1, B=1'0, Y=$procmux$2389_Y [0]
      New connections: $procmux$2389_Y [511:1] = { $procmux$2389_Y [0] $procmux$2389_Y [0] $procmux$2389_Y [0] $procmux$2389_Y [0] $procmux$2389_Y [0] $procmux$2389_Y [0] $procmux$2389_Y [0] $procmux$2389_Y [0] $procmux$2389_Y [0] $procmux$2389_Y [0] $procmux$2389_Y [0] $procmux$2389_Y [0] $procmux$2389_Y [0] $procmux$2389_Y [0] $procmux$2389_Y [0] $procmux$2389_Y [0] $procmux$2389_Y [0] $procmux$2389_Y [0] $procmux$2389_Y [0] $procmux$2389_Y [0] $procmux$2389_Y [0] $procmux$2389_Y [0] $procmux$2389_Y [0] $procmux$2389_Y [0] $procmux$2389_Y [0] $procmux$2389_Y [0] $procmux$2389_Y [0] $procmux$2389_Y [0] $procmux$2389_Y [0] $procmux$2389_Y [0] $procmux$2389_Y [0] $procmux$2389_Y [0] $procmux$2389_Y [0] $procmux$2389_Y [0] $procmux$2389_Y [0] $procmux$2389_Y [0] $procmux$2389_Y [0] $procmux$2389_Y [0] $procmux$2389_Y [0] $procmux$2389_Y [0] $procmux$2389_Y [0] $procmux$2389_Y [0] $procmux$2389_Y [0] $procmux$2389_Y [0] $procmux$2389_Y [0] $procmux$2389_Y [0] $procmux$2389_Y [0] $procmux$2389_Y [0] $procmux$2389_Y [0] $procmux$2389_Y [0] $procmux$2389_Y [0] $procmux$2389_Y [0] $procmux$2389_Y [0] $procmux$2389_Y [0] $procmux$2389_Y [0] $procmux$2389_Y [0] $procmux$2389_Y [0] $procmux$2389_Y [0] $procmux$2389_Y [0] $procmux$2389_Y [0] $procmux$2389_Y [0] $procmux$2389_Y [0] $procmux$2389_Y [0] $procmux$2389_Y [0] $procmux$2389_Y [0] $procmux$2389_Y [0] $procmux$2389_Y [0] $procmux$2389_Y [0] $procmux$2389_Y [0] $procmux$2389_Y [0] $procmux$2389_Y [0] $procmux$2389_Y [0] $procmux$2389_Y [0] $procmux$2389_Y [0] $procmux$2389_Y [0] $procmux$2389_Y [0] $procmux$2389_Y [0] $procmux$2389_Y [0] $procmux$2389_Y [0] $procmux$2389_Y [0] $procmux$2389_Y [0] $procmux$2389_Y [0] $procmux$2389_Y [0] $procmux$2389_Y [0] $procmux$2389_Y [0] $procmux$2389_Y [0] $procmux$2389_Y [0] $procmux$2389_Y [0] $procmux$2389_Y [0] $procmux$2389_Y [0] $procmux$2389_Y [0] $procmux$2389_Y [0] $procmux$2389_Y [0] $procmux$2389_Y [0] $procmux$2389_Y [0] $procmux$2389_Y [0] $procmux$2389_Y [0] $procmux$2389_Y [0] $procmux$2389_Y [0] $procmux$2389_Y [0] $procmux$2389_Y [0] $procmux$2389_Y [0] $procmux$2389_Y [0] $procmux$2389_Y [0] $procmux$2389_Y [0] $procmux$2389_Y [0] $procmux$2389_Y [0] $procmux$2389_Y [0] $procmux$2389_Y [0] $procmux$2389_Y [0] $procmux$2389_Y [0] $procmux$2389_Y [0] $procmux$2389_Y [0] $procmux$2389_Y [0] $procmux$2389_Y [0] $procmux$2389_Y [0] $procmux$2389_Y [0] $procmux$2389_Y [0] $procmux$2389_Y [0] $procmux$2389_Y [0] $procmux$2389_Y [0] $procmux$2389_Y [0] $procmux$2389_Y [0] $procmux$2389_Y [0] $procmux$2389_Y [0] $procmux$2389_Y [0] $procmux$2389_Y [0] $procmux$2389_Y [0] $procmux$2389_Y [0] $procmux$2389_Y [0] $procmux$2389_Y [0] $procmux$2389_Y [0] $procmux$2389_Y [0] $procmux$2389_Y [0] $procmux$2389_Y [0] $procmux$2389_Y [0] $procmux$2389_Y [0] $procmux$2389_Y [0] $procmux$2389_Y [0] $procmux$2389_Y [0] $procmux$2389_Y [0] $procmux$2389_Y [0] $procmux$2389_Y [0] $procmux$2389_Y [0] $procmux$2389_Y [0] $procmux$2389_Y [0] $procmux$2389_Y [0] $procmux$2389_Y [0] $procmux$2389_Y [0] $procmux$2389_Y [0] $procmux$2389_Y [0] $procmux$2389_Y [0] $procmux$2389_Y [0] $procmux$2389_Y [0] $procmux$2389_Y [0] $procmux$2389_Y [0] $procmux$2389_Y [0] $procmux$2389_Y [0] $procmux$2389_Y [0] $procmux$2389_Y [0] $procmux$2389_Y [0] $procmux$2389_Y [0] $procmux$2389_Y [0] $procmux$2389_Y [0] $procmux$2389_Y [0] $procmux$2389_Y [0] $procmux$2389_Y [0] $procmux$2389_Y [0] $procmux$2389_Y [0] $procmux$2389_Y [0] $procmux$2389_Y [0] $procmux$2389_Y [0] $procmux$2389_Y [0] $procmux$2389_Y [0] $procmux$2389_Y [0] $procmux$2389_Y [0] $procmux$2389_Y [0] $procmux$2389_Y [0] $procmux$2389_Y [0] $procmux$2389_Y [0] $procmux$2389_Y [0] $procmux$2389_Y [0] $procmux$2389_Y [0] $procmux$2389_Y [0] $procmux$2389_Y [0] $procmux$2389_Y [0] $procmux$2389_Y [0] $procmux$2389_Y [0] $procmux$2389_Y [0] $procmux$2389_Y [0] $procmux$2389_Y [0] $procmux$2389_Y [0] $procmux$2389_Y [0] $procmux$2389_Y [0] $procmux$2389_Y [0] $procmux$2389_Y [0] $procmux$2389_Y [0] $procmux$2389_Y [0] $procmux$2389_Y [0] $procmux$2389_Y [0] $procmux$2389_Y [0] $procmux$2389_Y [0] $procmux$2389_Y [0] $procmux$2389_Y [0] $procmux$2389_Y [0] $procmux$2389_Y [0] $procmux$2389_Y [0] $procmux$2389_Y [0] $procmux$2389_Y [0] $procmux$2389_Y [0] $procmux$2389_Y [0] $procmux$2389_Y [0] $procmux$2389_Y [0] $procmux$2389_Y [0] $procmux$2389_Y [0] $procmux$2389_Y [0] $procmux$2389_Y [0] $procmux$2389_Y [0] $procmux$2389_Y [0] $procmux$2389_Y [0] $procmux$2389_Y [0] $procmux$2389_Y [0] $procmux$2389_Y [0] $procmux$2389_Y [0] $procmux$2389_Y [0] $procmux$2389_Y [0] $procmux$2389_Y [0] $procmux$2389_Y [0] $procmux$2389_Y [0] $procmux$2389_Y [0] $procmux$2389_Y [0] $procmux$2389_Y [0] $procmux$2389_Y [0] $procmux$2389_Y [0] $procmux$2389_Y [0] $procmux$2389_Y [0] $procmux$2389_Y [0] $procmux$2389_Y [0] $procmux$2389_Y [0] $procmux$2389_Y [0] $procmux$2389_Y [0] $procmux$2389_Y [0] $procmux$2389_Y [0] $procmux$2389_Y [0] $procmux$2389_Y [0] $procmux$2389_Y [0] $procmux$2389_Y [0] $procmux$2389_Y [0] $procmux$2389_Y [0] $procmux$2389_Y [0] $procmux$2389_Y [0] $procmux$2389_Y [0] $procmux$2389_Y [0] $procmux$2389_Y [0] $procmux$2389_Y [0] $procmux$2389_Y [0] $procmux$2389_Y [0] $procmux$2389_Y [0] $procmux$2389_Y [0] $procmux$2389_Y [0] $procmux$2389_Y [0] $procmux$2389_Y [0] $procmux$2389_Y [0] $procmux$2389_Y [0] $procmux$2389_Y [0] $procmux$2389_Y [0] $procmux$2389_Y [0] $procmux$2389_Y [0] $procmux$2389_Y [0] $procmux$2389_Y [0] $procmux$2389_Y [0] $procmux$2389_Y [0] $procmux$2389_Y [0] $procmux$2389_Y [0] $procmux$2389_Y [0] $procmux$2389_Y [0] $procmux$2389_Y [0] $procmux$2389_Y [0] $procmux$2389_Y [0] $procmux$2389_Y [0] $procmux$2389_Y [0] $procmux$2389_Y [0] $procmux$2389_Y [0] $procmux$2389_Y [0] $procmux$2389_Y [0] $procmux$2389_Y [0] $procmux$2389_Y [0] $procmux$2389_Y [0] $procmux$2389_Y [0] $procmux$2389_Y [0] $procmux$2389_Y [0] $procmux$2389_Y [0] $procmux$2389_Y [0] $procmux$2389_Y [0] $procmux$2389_Y [0] $procmux$2389_Y [0] $procmux$2389_Y [0] $procmux$2389_Y [0] $procmux$2389_Y [0] $procmux$2389_Y [0] $procmux$2389_Y [0] $procmux$2389_Y [0] $procmux$2389_Y [0] $procmux$2389_Y [0] $procmux$2389_Y [0] $procmux$2389_Y [0] $procmux$2389_Y [0] $procmux$2389_Y [0] $procmux$2389_Y [0] $procmux$2389_Y [0] $procmux$2389_Y [0] $procmux$2389_Y [0] $procmux$2389_Y [0] $procmux$2389_Y [0] $procmux$2389_Y [0] $procmux$2389_Y [0] $procmux$2389_Y [0] $procmux$2389_Y [0] $procmux$2389_Y [0] $procmux$2389_Y [0] $procmux$2389_Y [0] $procmux$2389_Y [0] $procmux$2389_Y [0] $procmux$2389_Y [0] $procmux$2389_Y [0] $procmux$2389_Y [0] $procmux$2389_Y [0] $procmux$2389_Y [0] $procmux$2389_Y [0] $procmux$2389_Y [0] $procmux$2389_Y [0] $procmux$2389_Y [0] $procmux$2389_Y [0] $procmux$2389_Y [0] $procmux$2389_Y [0] $procmux$2389_Y [0] $procmux$2389_Y [0] $procmux$2389_Y [0] $procmux$2389_Y [0] $procmux$2389_Y [0] $procmux$2389_Y [0] $procmux$2389_Y [0] $procmux$2389_Y [0] $procmux$2389_Y [0] $procmux$2389_Y [0] $procmux$2389_Y [0] $procmux$2389_Y [0] $procmux$2389_Y [0] $procmux$2389_Y [0] $procmux$2389_Y [0] $procmux$2389_Y [0] $procmux$2389_Y [0] $procmux$2389_Y [0] $procmux$2389_Y [0] $procmux$2389_Y [0] $procmux$2389_Y [0] $procmux$2389_Y [0] $procmux$2389_Y [0] $procmux$2389_Y [0] $procmux$2389_Y [0] $procmux$2389_Y [0] $procmux$2389_Y [0] $procmux$2389_Y [0] $procmux$2389_Y [0] $procmux$2389_Y [0] $procmux$2389_Y [0] $procmux$2389_Y [0] $procmux$2389_Y [0] $procmux$2389_Y [0] $procmux$2389_Y [0] $procmux$2389_Y [0] $procmux$2389_Y [0] $procmux$2389_Y [0] $procmux$2389_Y [0] $procmux$2389_Y [0] $procmux$2389_Y [0] $procmux$2389_Y [0] $procmux$2389_Y [0] $procmux$2389_Y [0] $procmux$2389_Y [0] $procmux$2389_Y [0] $procmux$2389_Y [0] $procmux$2389_Y [0] $procmux$2389_Y [0] $procmux$2389_Y [0] $procmux$2389_Y [0] $procmux$2389_Y [0] $procmux$2389_Y [0] $procmux$2389_Y [0] $procmux$2389_Y [0] $procmux$2389_Y [0] $procmux$2389_Y [0] $procmux$2389_Y [0] $procmux$2389_Y [0] $procmux$2389_Y [0] $procmux$2389_Y [0] $procmux$2389_Y [0] $procmux$2389_Y [0] $procmux$2389_Y [0] $procmux$2389_Y [0] $procmux$2389_Y [0] $procmux$2389_Y [0] $procmux$2389_Y [0] $procmux$2389_Y [0] $procmux$2389_Y [0] $procmux$2389_Y [0] $procmux$2389_Y [0] $procmux$2389_Y [0] $procmux$2389_Y [0] $procmux$2389_Y [0] $procmux$2389_Y [0] $procmux$2389_Y [0] $procmux$2389_Y [0] $procmux$2389_Y [0] $procmux$2389_Y [0] $procmux$2389_Y [0] $procmux$2389_Y [0] $procmux$2389_Y [0] $procmux$2389_Y [0] $procmux$2389_Y [0] $procmux$2389_Y [0] $procmux$2389_Y [0] $procmux$2389_Y [0] $procmux$2389_Y [0] $procmux$2389_Y [0] $procmux$2389_Y [0] $procmux$2389_Y [0] $procmux$2389_Y [0] $procmux$2389_Y [0] $procmux$2389_Y [0] $procmux$2389_Y [0] $procmux$2389_Y [0] $procmux$2389_Y [0] $procmux$2389_Y [0] $procmux$2389_Y [0] $procmux$2389_Y [0] $procmux$2389_Y [0] $procmux$2389_Y [0] $procmux$2389_Y [0] $procmux$2389_Y [0] $procmux$2389_Y [0] $procmux$2389_Y [0] $procmux$2389_Y [0] $procmux$2389_Y [0] $procmux$2389_Y [0] $procmux$2389_Y [0] $procmux$2389_Y [0] $procmux$2389_Y [0] $procmux$2389_Y [0] $procmux$2389_Y [0] $procmux$2389_Y [0] $procmux$2389_Y [0] $procmux$2389_Y [0] $procmux$2389_Y [0] $procmux$2389_Y [0] $procmux$2389_Y [0] $procmux$2389_Y [0] $procmux$2389_Y [0] $procmux$2389_Y [0] $procmux$2389_Y [0] $procmux$2389_Y [0] $procmux$2389_Y [0] $procmux$2389_Y [0] $procmux$2389_Y [0] $procmux$2389_Y [0] $procmux$2389_Y [0] $procmux$2389_Y [0] $procmux$2389_Y [0] $procmux$2389_Y [0] $procmux$2389_Y [0] $procmux$2389_Y [0] $procmux$2389_Y [0] $procmux$2389_Y [0] $procmux$2389_Y [0] $procmux$2389_Y [0] $procmux$2389_Y [0] $procmux$2389_Y [0] $procmux$2389_Y [0] $procmux$2389_Y [0] $procmux$2389_Y [0] $procmux$2389_Y [0] $procmux$2389_Y [0] $procmux$2389_Y [0] $procmux$2389_Y [0] $procmux$2389_Y [0] $procmux$2389_Y [0] $procmux$2389_Y [0] $procmux$2389_Y [0] $procmux$2389_Y [0] $procmux$2389_Y [0] $procmux$2389_Y [0] $procmux$2389_Y [0] $procmux$2389_Y [0] $procmux$2389_Y [0] $procmux$2389_Y [0] $procmux$2389_Y [0] $procmux$2389_Y [0] $procmux$2389_Y [0] $procmux$2389_Y [0] $procmux$2389_Y [0] $procmux$2389_Y [0] $procmux$2389_Y [0] $procmux$2389_Y [0] $procmux$2389_Y [0] $procmux$2389_Y [0] $procmux$2389_Y [0] $procmux$2389_Y [0] $procmux$2389_Y [0] $procmux$2389_Y [0] $procmux$2389_Y [0] $procmux$2389_Y [0] }
    Consolidated identical input bits for $mux cell $procmux$2263:
      Old ports: A=512'00000000000000000000000000000000000000000000000000000000000000000000000000000000000000000000000000000000000000000000000000000000000000000000000000000000000000000000000000000000000000000000000000000000000000000000000000000000000000000000000000000000000000000000000000000000000000000000000000000000000000000000000000000000000000000000000000000000000000000000000000000000000000000000000000000000000000000000000000000000000000000000000000000000000000000000000000000000000000000000000000000000000000000000000000000000, B=512'11111111111111111111111111111111111111111111111111111111111111111111111111111111111111111111111111111111111111111111111111111111111111111111111111111111111111111111111111111111111111111111111111111111111111111111111111111111111111111111111111111111111111111111111111111111111111111111111111111111111111111111111111111111111111111111111111111111111111111111111111111111111111111111111111111111111111111111111111111111111111111111111111111111111111111111111111111111111111111111111111111111111111111111111111111111, Y=$procmux$2263_Y
      New ports: A=1'0, B=1'1, Y=$procmux$2263_Y [0]
      New connections: $procmux$2263_Y [511:1] = { $procmux$2263_Y [0] $procmux$2263_Y [0] $procmux$2263_Y [0] $procmux$2263_Y [0] $procmux$2263_Y [0] $procmux$2263_Y [0] $procmux$2263_Y [0] $procmux$2263_Y [0] $procmux$2263_Y [0] $procmux$2263_Y [0] $procmux$2263_Y [0] $procmux$2263_Y [0] $procmux$2263_Y [0] $procmux$2263_Y [0] $procmux$2263_Y [0] $procmux$2263_Y [0] $procmux$2263_Y [0] $procmux$2263_Y [0] $procmux$2263_Y [0] $procmux$2263_Y [0] $procmux$2263_Y [0] $procmux$2263_Y [0] $procmux$2263_Y [0] $procmux$2263_Y [0] $procmux$2263_Y [0] $procmux$2263_Y [0] $procmux$2263_Y [0] $procmux$2263_Y [0] $procmux$2263_Y [0] $procmux$2263_Y [0] $procmux$2263_Y [0] $procmux$2263_Y [0] $procmux$2263_Y [0] $procmux$2263_Y [0] $procmux$2263_Y [0] $procmux$2263_Y [0] $procmux$2263_Y [0] $procmux$2263_Y [0] $procmux$2263_Y [0] $procmux$2263_Y [0] $procmux$2263_Y [0] $procmux$2263_Y [0] $procmux$2263_Y [0] $procmux$2263_Y [0] $procmux$2263_Y [0] $procmux$2263_Y [0] $procmux$2263_Y [0] $procmux$2263_Y [0] $procmux$2263_Y [0] $procmux$2263_Y [0] $procmux$2263_Y [0] $procmux$2263_Y [0] $procmux$2263_Y [0] $procmux$2263_Y [0] $procmux$2263_Y [0] $procmux$2263_Y [0] $procmux$2263_Y [0] $procmux$2263_Y [0] $procmux$2263_Y [0] $procmux$2263_Y [0] $procmux$2263_Y [0] $procmux$2263_Y [0] $procmux$2263_Y [0] $procmux$2263_Y [0] $procmux$2263_Y [0] $procmux$2263_Y [0] $procmux$2263_Y [0] $procmux$2263_Y [0] $procmux$2263_Y [0] $procmux$2263_Y [0] $procmux$2263_Y [0] $procmux$2263_Y [0] $procmux$2263_Y [0] $procmux$2263_Y [0] $procmux$2263_Y [0] $procmux$2263_Y [0] $procmux$2263_Y [0] $procmux$2263_Y [0] $procmux$2263_Y [0] $procmux$2263_Y [0] $procmux$2263_Y [0] $procmux$2263_Y [0] $procmux$2263_Y [0] $procmux$2263_Y [0] $procmux$2263_Y [0] $procmux$2263_Y [0] $procmux$2263_Y [0] $procmux$2263_Y [0] $procmux$2263_Y [0] $procmux$2263_Y [0] $procmux$2263_Y [0] $procmux$2263_Y [0] $procmux$2263_Y [0] $procmux$2263_Y [0] $procmux$2263_Y [0] $procmux$2263_Y [0] $procmux$2263_Y [0] $procmux$2263_Y [0] $procmux$2263_Y [0] $procmux$2263_Y [0] $procmux$2263_Y [0] $procmux$2263_Y [0] $procmux$2263_Y [0] $procmux$2263_Y [0] $procmux$2263_Y [0] $procmux$2263_Y [0] $procmux$2263_Y [0] $procmux$2263_Y [0] $procmux$2263_Y [0] $procmux$2263_Y [0] $procmux$2263_Y [0] $procmux$2263_Y [0] $procmux$2263_Y [0] $procmux$2263_Y [0] $procmux$2263_Y [0] $procmux$2263_Y [0] $procmux$2263_Y [0] $procmux$2263_Y [0] $procmux$2263_Y [0] $procmux$2263_Y [0] $procmux$2263_Y [0] $procmux$2263_Y [0] $procmux$2263_Y [0] $procmux$2263_Y [0] $procmux$2263_Y [0] $procmux$2263_Y [0] $procmux$2263_Y [0] $procmux$2263_Y [0] $procmux$2263_Y [0] $procmux$2263_Y [0] $procmux$2263_Y [0] $procmux$2263_Y [0] $procmux$2263_Y [0] $procmux$2263_Y [0] $procmux$2263_Y [0] $procmux$2263_Y [0] $procmux$2263_Y [0] $procmux$2263_Y [0] $procmux$2263_Y [0] $procmux$2263_Y [0] $procmux$2263_Y [0] $procmux$2263_Y [0] $procmux$2263_Y [0] $procmux$2263_Y [0] $procmux$2263_Y [0] $procmux$2263_Y [0] $procmux$2263_Y [0] $procmux$2263_Y [0] $procmux$2263_Y [0] $procmux$2263_Y [0] $procmux$2263_Y [0] $procmux$2263_Y [0] $procmux$2263_Y [0] $procmux$2263_Y [0] $procmux$2263_Y [0] $procmux$2263_Y [0] $procmux$2263_Y [0] $procmux$2263_Y [0] $procmux$2263_Y [0] $procmux$2263_Y [0] $procmux$2263_Y [0] $procmux$2263_Y [0] $procmux$2263_Y [0] $procmux$2263_Y [0] $procmux$2263_Y [0] $procmux$2263_Y [0] $procmux$2263_Y [0] $procmux$2263_Y [0] $procmux$2263_Y [0] $procmux$2263_Y [0] $procmux$2263_Y [0] $procmux$2263_Y [0] $procmux$2263_Y [0] $procmux$2263_Y [0] $procmux$2263_Y [0] $procmux$2263_Y [0] $procmux$2263_Y [0] $procmux$2263_Y [0] $procmux$2263_Y [0] $procmux$2263_Y [0] $procmux$2263_Y [0] $procmux$2263_Y [0] $procmux$2263_Y [0] $procmux$2263_Y [0] $procmux$2263_Y [0] $procmux$2263_Y [0] $procmux$2263_Y [0] $procmux$2263_Y [0] $procmux$2263_Y [0] $procmux$2263_Y [0] $procmux$2263_Y [0] $procmux$2263_Y [0] $procmux$2263_Y [0] $procmux$2263_Y [0] $procmux$2263_Y [0] $procmux$2263_Y [0] $procmux$2263_Y [0] $procmux$2263_Y [0] $procmux$2263_Y [0] $procmux$2263_Y [0] $procmux$2263_Y [0] $procmux$2263_Y [0] $procmux$2263_Y [0] $procmux$2263_Y [0] $procmux$2263_Y [0] $procmux$2263_Y [0] $procmux$2263_Y [0] $procmux$2263_Y [0] $procmux$2263_Y [0] $procmux$2263_Y [0] $procmux$2263_Y [0] $procmux$2263_Y [0] $procmux$2263_Y [0] $procmux$2263_Y [0] $procmux$2263_Y [0] $procmux$2263_Y [0] $procmux$2263_Y [0] $procmux$2263_Y [0] $procmux$2263_Y [0] $procmux$2263_Y [0] $procmux$2263_Y [0] $procmux$2263_Y [0] $procmux$2263_Y [0] $procmux$2263_Y [0] $procmux$2263_Y [0] $procmux$2263_Y [0] $procmux$2263_Y [0] $procmux$2263_Y [0] $procmux$2263_Y [0] $procmux$2263_Y [0] $procmux$2263_Y [0] $procmux$2263_Y [0] $procmux$2263_Y [0] $procmux$2263_Y [0] $procmux$2263_Y [0] $procmux$2263_Y [0] $procmux$2263_Y [0] $procmux$2263_Y [0] $procmux$2263_Y [0] $procmux$2263_Y [0] $procmux$2263_Y [0] $procmux$2263_Y [0] $procmux$2263_Y [0] $procmux$2263_Y [0] $procmux$2263_Y [0] $procmux$2263_Y [0] $procmux$2263_Y [0] $procmux$2263_Y [0] $procmux$2263_Y [0] $procmux$2263_Y [0] $procmux$2263_Y [0] $procmux$2263_Y [0] $procmux$2263_Y [0] $procmux$2263_Y [0] $procmux$2263_Y [0] $procmux$2263_Y [0] $procmux$2263_Y [0] $procmux$2263_Y [0] $procmux$2263_Y [0] $procmux$2263_Y [0] $procmux$2263_Y [0] $procmux$2263_Y [0] $procmux$2263_Y [0] $procmux$2263_Y [0] $procmux$2263_Y [0] $procmux$2263_Y [0] $procmux$2263_Y [0] $procmux$2263_Y [0] $procmux$2263_Y [0] $procmux$2263_Y [0] $procmux$2263_Y [0] $procmux$2263_Y [0] $procmux$2263_Y [0] $procmux$2263_Y [0] $procmux$2263_Y [0] $procmux$2263_Y [0] $procmux$2263_Y [0] $procmux$2263_Y [0] $procmux$2263_Y [0] $procmux$2263_Y [0] $procmux$2263_Y [0] $procmux$2263_Y [0] $procmux$2263_Y [0] $procmux$2263_Y [0] $procmux$2263_Y [0] $procmux$2263_Y [0] $procmux$2263_Y [0] $procmux$2263_Y [0] $procmux$2263_Y [0] $procmux$2263_Y [0] $procmux$2263_Y [0] $procmux$2263_Y [0] $procmux$2263_Y [0] $procmux$2263_Y [0] $procmux$2263_Y [0] $procmux$2263_Y [0] $procmux$2263_Y [0] $procmux$2263_Y [0] $procmux$2263_Y [0] $procmux$2263_Y [0] $procmux$2263_Y [0] $procmux$2263_Y [0] $procmux$2263_Y [0] $procmux$2263_Y [0] $procmux$2263_Y [0] $procmux$2263_Y [0] $procmux$2263_Y [0] $procmux$2263_Y [0] $procmux$2263_Y [0] $procmux$2263_Y [0] $procmux$2263_Y [0] $procmux$2263_Y [0] $procmux$2263_Y [0] $procmux$2263_Y [0] $procmux$2263_Y [0] $procmux$2263_Y [0] $procmux$2263_Y [0] $procmux$2263_Y [0] $procmux$2263_Y [0] $procmux$2263_Y [0] $procmux$2263_Y [0] $procmux$2263_Y [0] $procmux$2263_Y [0] $procmux$2263_Y [0] $procmux$2263_Y [0] $procmux$2263_Y [0] $procmux$2263_Y [0] $procmux$2263_Y [0] $procmux$2263_Y [0] $procmux$2263_Y [0] $procmux$2263_Y [0] $procmux$2263_Y [0] $procmux$2263_Y [0] $procmux$2263_Y [0] $procmux$2263_Y [0] $procmux$2263_Y [0] $procmux$2263_Y [0] $procmux$2263_Y [0] $procmux$2263_Y [0] $procmux$2263_Y [0] $procmux$2263_Y [0] $procmux$2263_Y [0] $procmux$2263_Y [0] $procmux$2263_Y [0] $procmux$2263_Y [0] $procmux$2263_Y [0] $procmux$2263_Y [0] $procmux$2263_Y [0] $procmux$2263_Y [0] $procmux$2263_Y [0] $procmux$2263_Y [0] $procmux$2263_Y [0] $procmux$2263_Y [0] $procmux$2263_Y [0] $procmux$2263_Y [0] $procmux$2263_Y [0] $procmux$2263_Y [0] $procmux$2263_Y [0] $procmux$2263_Y [0] $procmux$2263_Y [0] $procmux$2263_Y [0] $procmux$2263_Y [0] $procmux$2263_Y [0] $procmux$2263_Y [0] $procmux$2263_Y [0] $procmux$2263_Y [0] $procmux$2263_Y [0] $procmux$2263_Y [0] $procmux$2263_Y [0] $procmux$2263_Y [0] $procmux$2263_Y [0] $procmux$2263_Y [0] $procmux$2263_Y [0] $procmux$2263_Y [0] $procmux$2263_Y [0] $procmux$2263_Y [0] $procmux$2263_Y [0] $procmux$2263_Y [0] $procmux$2263_Y [0] $procmux$2263_Y [0] $procmux$2263_Y [0] $procmux$2263_Y [0] $procmux$2263_Y [0] $procmux$2263_Y [0] $procmux$2263_Y [0] $procmux$2263_Y [0] $procmux$2263_Y [0] $procmux$2263_Y [0] $procmux$2263_Y [0] $procmux$2263_Y [0] $procmux$2263_Y [0] $procmux$2263_Y [0] $procmux$2263_Y [0] $procmux$2263_Y [0] $procmux$2263_Y [0] $procmux$2263_Y [0] $procmux$2263_Y [0] $procmux$2263_Y [0] $procmux$2263_Y [0] $procmux$2263_Y [0] $procmux$2263_Y [0] $procmux$2263_Y [0] $procmux$2263_Y [0] $procmux$2263_Y [0] $procmux$2263_Y [0] $procmux$2263_Y [0] $procmux$2263_Y [0] $procmux$2263_Y [0] $procmux$2263_Y [0] $procmux$2263_Y [0] $procmux$2263_Y [0] $procmux$2263_Y [0] $procmux$2263_Y [0] $procmux$2263_Y [0] $procmux$2263_Y [0] $procmux$2263_Y [0] $procmux$2263_Y [0] $procmux$2263_Y [0] $procmux$2263_Y [0] $procmux$2263_Y [0] $procmux$2263_Y [0] $procmux$2263_Y [0] $procmux$2263_Y [0] $procmux$2263_Y [0] $procmux$2263_Y [0] $procmux$2263_Y [0] $procmux$2263_Y [0] $procmux$2263_Y [0] $procmux$2263_Y [0] $procmux$2263_Y [0] $procmux$2263_Y [0] $procmux$2263_Y [0] $procmux$2263_Y [0] $procmux$2263_Y [0] $procmux$2263_Y [0] $procmux$2263_Y [0] $procmux$2263_Y [0] $procmux$2263_Y [0] $procmux$2263_Y [0] $procmux$2263_Y [0] $procmux$2263_Y [0] $procmux$2263_Y [0] $procmux$2263_Y [0] $procmux$2263_Y [0] $procmux$2263_Y [0] $procmux$2263_Y [0] $procmux$2263_Y [0] $procmux$2263_Y [0] $procmux$2263_Y [0] $procmux$2263_Y [0] $procmux$2263_Y [0] $procmux$2263_Y [0] $procmux$2263_Y [0] $procmux$2263_Y [0] $procmux$2263_Y [0] $procmux$2263_Y [0] $procmux$2263_Y [0] $procmux$2263_Y [0] $procmux$2263_Y [0] $procmux$2263_Y [0] $procmux$2263_Y [0] $procmux$2263_Y [0] $procmux$2263_Y [0] $procmux$2263_Y [0] $procmux$2263_Y [0] $procmux$2263_Y [0] $procmux$2263_Y [0] $procmux$2263_Y [0] $procmux$2263_Y [0] $procmux$2263_Y [0] $procmux$2263_Y [0] $procmux$2263_Y [0] $procmux$2263_Y [0] $procmux$2263_Y [0] $procmux$2263_Y [0] $procmux$2263_Y [0] $procmux$2263_Y [0] $procmux$2263_Y [0] $procmux$2263_Y [0] $procmux$2263_Y [0] $procmux$2263_Y [0] $procmux$2263_Y [0] $procmux$2263_Y [0] $procmux$2263_Y [0] $procmux$2263_Y [0] $procmux$2263_Y [0] $procmux$2263_Y [0] $procmux$2263_Y [0] $procmux$2263_Y [0] $procmux$2263_Y [0] $procmux$2263_Y [0] $procmux$2263_Y [0] $procmux$2263_Y [0] $procmux$2263_Y [0] $procmux$2263_Y [0] $procmux$2263_Y [0] $procmux$2263_Y [0] $procmux$2263_Y [0] $procmux$2263_Y [0] $procmux$2263_Y [0] $procmux$2263_Y [0] $procmux$2263_Y [0] $procmux$2263_Y [0] $procmux$2263_Y [0] $procmux$2263_Y [0] $procmux$2263_Y [0] $procmux$2263_Y [0] $procmux$2263_Y [0] $procmux$2263_Y [0] $procmux$2263_Y [0] $procmux$2263_Y [0] }
  Optimizing cells in module \l1d.
    Consolidated identical input bits for $mux cell $procmux$4276:
      Old ports: A=64'0000000000000000000000000000000000000000000000000000000000000000, B=$2$memwr$\fifo_data$../rtl/cache/l1d.sv:206$362_EN[63:0]$807, Y=$0$memwr$\fifo_data$../rtl/cache/l1d.sv:206$362_EN[63:0]$782
      New ports: A=1'0, B=$procmux$4192_Y [0], Y=$0$memwr$\fifo_data$../rtl/cache/l1d.sv:206$362_EN[63:0]$782 [0]
      New connections: $0$memwr$\fifo_data$../rtl/cache/l1d.sv:206$362_EN[63:0]$782 [63:1] = { $0$memwr$\fifo_data$../rtl/cache/l1d.sv:206$362_EN[63:0]$782 [0] $0$memwr$\fifo_data$../rtl/cache/l1d.sv:206$362_EN[63:0]$782 [0] $0$memwr$\fifo_data$../rtl/cache/l1d.sv:206$362_EN[63:0]$782 [0] $0$memwr$\fifo_data$../rtl/cache/l1d.sv:206$362_EN[63:0]$782 [0] $0$memwr$\fifo_data$../rtl/cache/l1d.sv:206$362_EN[63:0]$782 [0] $0$memwr$\fifo_data$../rtl/cache/l1d.sv:206$362_EN[63:0]$782 [0] $0$memwr$\fifo_data$../rtl/cache/l1d.sv:206$362_EN[63:0]$782 [0] $0$memwr$\fifo_data$../rtl/cache/l1d.sv:206$362_EN[63:0]$782 [0] $0$memwr$\fifo_data$../rtl/cache/l1d.sv:206$362_EN[63:0]$782 [0] $0$memwr$\fifo_data$../rtl/cache/l1d.sv:206$362_EN[63:0]$782 [0] $0$memwr$\fifo_data$../rtl/cache/l1d.sv:206$362_EN[63:0]$782 [0] $0$memwr$\fifo_data$../rtl/cache/l1d.sv:206$362_EN[63:0]$782 [0] $0$memwr$\fifo_data$../rtl/cache/l1d.sv:206$362_EN[63:0]$782 [0] $0$memwr$\fifo_data$../rtl/cache/l1d.sv:206$362_EN[63:0]$782 [0] $0$memwr$\fifo_data$../rtl/cache/l1d.sv:206$362_EN[63:0]$782 [0] $0$memwr$\fifo_data$../rtl/cache/l1d.sv:206$362_EN[63:0]$782 [0] $0$memwr$\fifo_data$../rtl/cache/l1d.sv:206$362_EN[63:0]$782 [0] $0$memwr$\fifo_data$../rtl/cache/l1d.sv:206$362_EN[63:0]$782 [0] $0$memwr$\fifo_data$../rtl/cache/l1d.sv:206$362_EN[63:0]$782 [0] $0$memwr$\fifo_data$../rtl/cache/l1d.sv:206$362_EN[63:0]$782 [0] $0$memwr$\fifo_data$../rtl/cache/l1d.sv:206$362_EN[63:0]$782 [0] $0$memwr$\fifo_data$../rtl/cache/l1d.sv:206$362_EN[63:0]$782 [0] $0$memwr$\fifo_data$../rtl/cache/l1d.sv:206$362_EN[63:0]$782 [0] $0$memwr$\fifo_data$../rtl/cache/l1d.sv:206$362_EN[63:0]$782 [0] $0$memwr$\fifo_data$../rtl/cache/l1d.sv:206$362_EN[63:0]$782 [0] $0$memwr$\fifo_data$../rtl/cache/l1d.sv:206$362_EN[63:0]$782 [0] $0$memwr$\fifo_data$../rtl/cache/l1d.sv:206$362_EN[63:0]$782 [0] $0$memwr$\fifo_data$../rtl/cache/l1d.sv:206$362_EN[63:0]$782 [0] $0$memwr$\fifo_data$../rtl/cache/l1d.sv:206$362_EN[63:0]$782 [0] $0$memwr$\fifo_data$../rtl/cache/l1d.sv:206$362_EN[63:0]$782 [0] $0$memwr$\fifo_data$../rtl/cache/l1d.sv:206$362_EN[63:0]$782 [0] $0$memwr$\fifo_data$../rtl/cache/l1d.sv:206$362_EN[63:0]$782 [0] $0$memwr$\fifo_data$../rtl/cache/l1d.sv:206$362_EN[63:0]$782 [0] $0$memwr$\fifo_data$../rtl/cache/l1d.sv:206$362_EN[63:0]$782 [0] $0$memwr$\fifo_data$../rtl/cache/l1d.sv:206$362_EN[63:0]$782 [0] $0$memwr$\fifo_data$../rtl/cache/l1d.sv:206$362_EN[63:0]$782 [0] $0$memwr$\fifo_data$../rtl/cache/l1d.sv:206$362_EN[63:0]$782 [0] $0$memwr$\fifo_data$../rtl/cache/l1d.sv:206$362_EN[63:0]$782 [0] $0$memwr$\fifo_data$../rtl/cache/l1d.sv:206$362_EN[63:0]$782 [0] $0$memwr$\fifo_data$../rtl/cache/l1d.sv:206$362_EN[63:0]$782 [0] $0$memwr$\fifo_data$../rtl/cache/l1d.sv:206$362_EN[63:0]$782 [0] $0$memwr$\fifo_data$../rtl/cache/l1d.sv:206$362_EN[63:0]$782 [0] $0$memwr$\fifo_data$../rtl/cache/l1d.sv:206$362_EN[63:0]$782 [0] $0$memwr$\fifo_data$../rtl/cache/l1d.sv:206$362_EN[63:0]$782 [0] $0$memwr$\fifo_data$../rtl/cache/l1d.sv:206$362_EN[63:0]$782 [0] $0$memwr$\fifo_data$../rtl/cache/l1d.sv:206$362_EN[63:0]$782 [0] $0$memwr$\fifo_data$../rtl/cache/l1d.sv:206$362_EN[63:0]$782 [0] $0$memwr$\fifo_data$../rtl/cache/l1d.sv:206$362_EN[63:0]$782 [0] $0$memwr$\fifo_data$../rtl/cache/l1d.sv:206$362_EN[63:0]$782 [0] $0$memwr$\fifo_data$../rtl/cache/l1d.sv:206$362_EN[63:0]$782 [0] $0$memwr$\fifo_data$../rtl/cache/l1d.sv:206$362_EN[63:0]$782 [0] $0$memwr$\fifo_data$../rtl/cache/l1d.sv:206$362_EN[63:0]$782 [0] $0$memwr$\fifo_data$../rtl/cache/l1d.sv:206$362_EN[63:0]$782 [0] $0$memwr$\fifo_data$../rtl/cache/l1d.sv:206$362_EN[63:0]$782 [0] $0$memwr$\fifo_data$../rtl/cache/l1d.sv:206$362_EN[63:0]$782 [0] $0$memwr$\fifo_data$../rtl/cache/l1d.sv:206$362_EN[63:0]$782 [0] $0$memwr$\fifo_data$../rtl/cache/l1d.sv:206$362_EN[63:0]$782 [0] $0$memwr$\fifo_data$../rtl/cache/l1d.sv:206$362_EN[63:0]$782 [0] $0$memwr$\fifo_data$../rtl/cache/l1d.sv:206$362_EN[63:0]$782 [0] $0$memwr$\fifo_data$../rtl/cache/l1d.sv:206$362_EN[63:0]$782 [0] $0$memwr$\fifo_data$../rtl/cache/l1d.sv:206$362_EN[63:0]$782 [0] $0$memwr$\fifo_data$../rtl/cache/l1d.sv:206$362_EN[63:0]$782 [0] $0$memwr$\fifo_data$../rtl/cache/l1d.sv:206$362_EN[63:0]$782 [0] }
    Consolidated identical input bits for $mux cell $procmux$3895:
      Old ports: A=52'0000000000000000000000000000000000000000000000000000, B=$2$memwr$\tag_arr$../rtl/cache/l1d.sv:294$688_EN[51:0]$1705, Y=$0$memwr$\tag_arr$../rtl/cache/l1d.sv:294$688_EN[51:0]$1220
      New ports: A=1'0, B=$procmux$2559_Y [0], Y=$0$memwr$\tag_arr$../rtl/cache/l1d.sv:294$688_EN[51:0]$1220 [0]
      New connections: $0$memwr$\tag_arr$../rtl/cache/l1d.sv:294$688_EN[51:0]$1220 [51:1] = { $0$memwr$\tag_arr$../rtl/cache/l1d.sv:294$688_EN[51:0]$1220 [0] $0$memwr$\tag_arr$../rtl/cache/l1d.sv:294$688_EN[51:0]$1220 [0] $0$memwr$\tag_arr$../rtl/cache/l1d.sv:294$688_EN[51:0]$1220 [0] $0$memwr$\tag_arr$../rtl/cache/l1d.sv:294$688_EN[51:0]$1220 [0] $0$memwr$\tag_arr$../rtl/cache/l1d.sv:294$688_EN[51:0]$1220 [0] $0$memwr$\tag_arr$../rtl/cache/l1d.sv:294$688_EN[51:0]$1220 [0] $0$memwr$\tag_arr$../rtl/cache/l1d.sv:294$688_EN[51:0]$1220 [0] $0$memwr$\tag_arr$../rtl/cache/l1d.sv:294$688_EN[51:0]$1220 [0] $0$memwr$\tag_arr$../rtl/cache/l1d.sv:294$688_EN[51:0]$1220 [0] $0$memwr$\tag_arr$../rtl/cache/l1d.sv:294$688_EN[51:0]$1220 [0] $0$memwr$\tag_arr$../rtl/cache/l1d.sv:294$688_EN[51:0]$1220 [0] $0$memwr$\tag_arr$../rtl/cache/l1d.sv:294$688_EN[51:0]$1220 [0] $0$memwr$\tag_arr$../rtl/cache/l1d.sv:294$688_EN[51:0]$1220 [0] $0$memwr$\tag_arr$../rtl/cache/l1d.sv:294$688_EN[51:0]$1220 [0] $0$memwr$\tag_arr$../rtl/cache/l1d.sv:294$688_EN[51:0]$1220 [0] $0$memwr$\tag_arr$../rtl/cache/l1d.sv:294$688_EN[51:0]$1220 [0] $0$memwr$\tag_arr$../rtl/cache/l1d.sv:294$688_EN[51:0]$1220 [0] $0$memwr$\tag_arr$../rtl/cache/l1d.sv:294$688_EN[51:0]$1220 [0] $0$memwr$\tag_arr$../rtl/cache/l1d.sv:294$688_EN[51:0]$1220 [0] $0$memwr$\tag_arr$../rtl/cache/l1d.sv:294$688_EN[51:0]$1220 [0] $0$memwr$\tag_arr$../rtl/cache/l1d.sv:294$688_EN[51:0]$1220 [0] $0$memwr$\tag_arr$../rtl/cache/l1d.sv:294$688_EN[51:0]$1220 [0] $0$memwr$\tag_arr$../rtl/cache/l1d.sv:294$688_EN[51:0]$1220 [0] $0$memwr$\tag_arr$../rtl/cache/l1d.sv:294$688_EN[51:0]$1220 [0] $0$memwr$\tag_arr$../rtl/cache/l1d.sv:294$688_EN[51:0]$1220 [0] $0$memwr$\tag_arr$../rtl/cache/l1d.sv:294$688_EN[51:0]$1220 [0] $0$memwr$\tag_arr$../rtl/cache/l1d.sv:294$688_EN[51:0]$1220 [0] $0$memwr$\tag_arr$../rtl/cache/l1d.sv:294$688_EN[51:0]$1220 [0] $0$memwr$\tag_arr$../rtl/cache/l1d.sv:294$688_EN[51:0]$1220 [0] $0$memwr$\tag_arr$../rtl/cache/l1d.sv:294$688_EN[51:0]$1220 [0] $0$memwr$\tag_arr$../rtl/cache/l1d.sv:294$688_EN[51:0]$1220 [0] $0$memwr$\tag_arr$../rtl/cache/l1d.sv:294$688_EN[51:0]$1220 [0] $0$memwr$\tag_arr$../rtl/cache/l1d.sv:294$688_EN[51:0]$1220 [0] $0$memwr$\tag_arr$../rtl/cache/l1d.sv:294$688_EN[51:0]$1220 [0] $0$memwr$\tag_arr$../rtl/cache/l1d.sv:294$688_EN[51:0]$1220 [0] $0$memwr$\tag_arr$../rtl/cache/l1d.sv:294$688_EN[51:0]$1220 [0] $0$memwr$\tag_arr$../rtl/cache/l1d.sv:294$688_EN[51:0]$1220 [0] $0$memwr$\tag_arr$../rtl/cache/l1d.sv:294$688_EN[51:0]$1220 [0] $0$memwr$\tag_arr$../rtl/cache/l1d.sv:294$688_EN[51:0]$1220 [0] $0$memwr$\tag_arr$../rtl/cache/l1d.sv:294$688_EN[51:0]$1220 [0] $0$memwr$\tag_arr$../rtl/cache/l1d.sv:294$688_EN[51:0]$1220 [0] $0$memwr$\tag_arr$../rtl/cache/l1d.sv:294$688_EN[51:0]$1220 [0] $0$memwr$\tag_arr$../rtl/cache/l1d.sv:294$688_EN[51:0]$1220 [0] $0$memwr$\tag_arr$../rtl/cache/l1d.sv:294$688_EN[51:0]$1220 [0] $0$memwr$\tag_arr$../rtl/cache/l1d.sv:294$688_EN[51:0]$1220 [0] $0$memwr$\tag_arr$../rtl/cache/l1d.sv:294$688_EN[51:0]$1220 [0] $0$memwr$\tag_arr$../rtl/cache/l1d.sv:294$688_EN[51:0]$1220 [0] $0$memwr$\tag_arr$../rtl/cache/l1d.sv:294$688_EN[51:0]$1220 [0] $0$memwr$\tag_arr$../rtl/cache/l1d.sv:294$688_EN[51:0]$1220 [0] $0$memwr$\tag_arr$../rtl/cache/l1d.sv:294$688_EN[51:0]$1220 [0] $0$memwr$\tag_arr$../rtl/cache/l1d.sv:294$688_EN[51:0]$1220 [0] }
    Consolidated identical input bits for $mux cell $procmux$2794:
      Old ports: A=512'00000000000000000000000000000000000000000000000000000000000000000000000000000000000000000000000000000000000000000000000000000000000000000000000000000000000000000000000000000000000000000000000000000000000000000000000000000000000000000000000000000000000000000000000000000000000000000000000000000000000000000000000000000000000000000000000000000000000000000000000000000000000000000000000000000000000000000000000000000000000000000000000000000000000000000000000000000000000000000000000000000000000000000000000000000000, B=$3$memwr$\data_arr$../rtl/cache/l1d.sv:278$685_EN[511:0]$1631, Y=$procmux$2794_Y
      New ports: A=1'0, B=$procmux$2675_Y [0], Y=$procmux$2794_Y [0]
      New connections: $procmux$2794_Y [511:1] = { $procmux$2794_Y [0] $procmux$2794_Y [0] $procmux$2794_Y [0] $procmux$2794_Y [0] $procmux$2794_Y [0] $procmux$2794_Y [0] $procmux$2794_Y [0] $procmux$2794_Y [0] $procmux$2794_Y [0] $procmux$2794_Y [0] $procmux$2794_Y [0] $procmux$2794_Y [0] $procmux$2794_Y [0] $procmux$2794_Y [0] $procmux$2794_Y [0] $procmux$2794_Y [0] $procmux$2794_Y [0] $procmux$2794_Y [0] $procmux$2794_Y [0] $procmux$2794_Y [0] $procmux$2794_Y [0] $procmux$2794_Y [0] $procmux$2794_Y [0] $procmux$2794_Y [0] $procmux$2794_Y [0] $procmux$2794_Y [0] $procmux$2794_Y [0] $procmux$2794_Y [0] $procmux$2794_Y [0] $procmux$2794_Y [0] $procmux$2794_Y [0] $procmux$2794_Y [0] $procmux$2794_Y [0] $procmux$2794_Y [0] $procmux$2794_Y [0] $procmux$2794_Y [0] $procmux$2794_Y [0] $procmux$2794_Y [0] $procmux$2794_Y [0] $procmux$2794_Y [0] $procmux$2794_Y [0] $procmux$2794_Y [0] $procmux$2794_Y [0] $procmux$2794_Y [0] $procmux$2794_Y [0] $procmux$2794_Y [0] $procmux$2794_Y [0] $procmux$2794_Y [0] $procmux$2794_Y [0] $procmux$2794_Y [0] $procmux$2794_Y [0] $procmux$2794_Y [0] $procmux$2794_Y [0] $procmux$2794_Y [0] $procmux$2794_Y [0] $procmux$2794_Y [0] $procmux$2794_Y [0] $procmux$2794_Y [0] $procmux$2794_Y [0] $procmux$2794_Y [0] $procmux$2794_Y [0] $procmux$2794_Y [0] $procmux$2794_Y [0] $procmux$2794_Y [0] $procmux$2794_Y [0] $procmux$2794_Y [0] $procmux$2794_Y [0] $procmux$2794_Y [0] $procmux$2794_Y [0] $procmux$2794_Y [0] $procmux$2794_Y [0] $procmux$2794_Y [0] $procmux$2794_Y [0] $procmux$2794_Y [0] $procmux$2794_Y [0] $procmux$2794_Y [0] $procmux$2794_Y [0] $procmux$2794_Y [0] $procmux$2794_Y [0] $procmux$2794_Y [0] $procmux$2794_Y [0] $procmux$2794_Y [0] $procmux$2794_Y [0] $procmux$2794_Y [0] $procmux$2794_Y [0] $procmux$2794_Y [0] $procmux$2794_Y [0] $procmux$2794_Y [0] $procmux$2794_Y [0] $procmux$2794_Y [0] $procmux$2794_Y [0] $procmux$2794_Y [0] $procmux$2794_Y [0] $procmux$2794_Y [0] $procmux$2794_Y [0] $procmux$2794_Y [0] $procmux$2794_Y [0] $procmux$2794_Y [0] $procmux$2794_Y [0] $procmux$2794_Y [0] $procmux$2794_Y [0] $procmux$2794_Y [0] $procmux$2794_Y [0] $procmux$2794_Y [0] $procmux$2794_Y [0] $procmux$2794_Y [0] $procmux$2794_Y [0] $procmux$2794_Y [0] $procmux$2794_Y [0] $procmux$2794_Y [0] $procmux$2794_Y [0] $procmux$2794_Y [0] $procmux$2794_Y [0] $procmux$2794_Y [0] $procmux$2794_Y [0] $procmux$2794_Y [0] $procmux$2794_Y [0] $procmux$2794_Y [0] $procmux$2794_Y [0] $procmux$2794_Y [0] $procmux$2794_Y [0] $procmux$2794_Y [0] $procmux$2794_Y [0] $procmux$2794_Y [0] $procmux$2794_Y [0] $procmux$2794_Y [0] $procmux$2794_Y [0] $procmux$2794_Y [0] $procmux$2794_Y [0] $procmux$2794_Y [0] $procmux$2794_Y [0] $procmux$2794_Y [0] $procmux$2794_Y [0] $procmux$2794_Y [0] $procmux$2794_Y [0] $procmux$2794_Y [0] $procmux$2794_Y [0] $procmux$2794_Y [0] $procmux$2794_Y [0] $procmux$2794_Y [0] $procmux$2794_Y [0] $procmux$2794_Y [0] $procmux$2794_Y [0] $procmux$2794_Y [0] $procmux$2794_Y [0] $procmux$2794_Y [0] $procmux$2794_Y [0] $procmux$2794_Y [0] $procmux$2794_Y [0] $procmux$2794_Y [0] $procmux$2794_Y [0] $procmux$2794_Y [0] $procmux$2794_Y [0] $procmux$2794_Y [0] $procmux$2794_Y [0] $procmux$2794_Y [0] $procmux$2794_Y [0] $procmux$2794_Y [0] $procmux$2794_Y [0] $procmux$2794_Y [0] $procmux$2794_Y [0] $procmux$2794_Y [0] $procmux$2794_Y [0] $procmux$2794_Y [0] $procmux$2794_Y [0] $procmux$2794_Y [0] $procmux$2794_Y [0] $procmux$2794_Y [0] $procmux$2794_Y [0] $procmux$2794_Y [0] $procmux$2794_Y [0] $procmux$2794_Y [0] $procmux$2794_Y [0] $procmux$2794_Y [0] $procmux$2794_Y [0] $procmux$2794_Y [0] $procmux$2794_Y [0] $procmux$2794_Y [0] $procmux$2794_Y [0] $procmux$2794_Y [0] $procmux$2794_Y [0] $procmux$2794_Y [0] $procmux$2794_Y [0] $procmux$2794_Y [0] $procmux$2794_Y [0] $procmux$2794_Y [0] $procmux$2794_Y [0] $procmux$2794_Y [0] $procmux$2794_Y [0] $procmux$2794_Y [0] $procmux$2794_Y [0] $procmux$2794_Y [0] $procmux$2794_Y [0] $procmux$2794_Y [0] $procmux$2794_Y [0] $procmux$2794_Y [0] $procmux$2794_Y [0] $procmux$2794_Y [0] $procmux$2794_Y [0] $procmux$2794_Y [0] $procmux$2794_Y [0] $procmux$2794_Y [0] $procmux$2794_Y [0] $procmux$2794_Y [0] $procmux$2794_Y [0] $procmux$2794_Y [0] $procmux$2794_Y [0] $procmux$2794_Y [0] $procmux$2794_Y [0] $procmux$2794_Y [0] $procmux$2794_Y [0] $procmux$2794_Y [0] $procmux$2794_Y [0] $procmux$2794_Y [0] $procmux$2794_Y [0] $procmux$2794_Y [0] $procmux$2794_Y [0] $procmux$2794_Y [0] $procmux$2794_Y [0] $procmux$2794_Y [0] $procmux$2794_Y [0] $procmux$2794_Y [0] $procmux$2794_Y [0] $procmux$2794_Y [0] $procmux$2794_Y [0] $procmux$2794_Y [0] $procmux$2794_Y [0] $procmux$2794_Y [0] $procmux$2794_Y [0] $procmux$2794_Y [0] $procmux$2794_Y [0] $procmux$2794_Y [0] $procmux$2794_Y [0] $procmux$2794_Y [0] $procmux$2794_Y [0] $procmux$2794_Y [0] $procmux$2794_Y [0] $procmux$2794_Y [0] $procmux$2794_Y [0] $procmux$2794_Y [0] $procmux$2794_Y [0] $procmux$2794_Y [0] $procmux$2794_Y [0] $procmux$2794_Y [0] $procmux$2794_Y [0] $procmux$2794_Y [0] $procmux$2794_Y [0] $procmux$2794_Y [0] $procmux$2794_Y [0] $procmux$2794_Y [0] $procmux$2794_Y [0] $procmux$2794_Y [0] $procmux$2794_Y [0] $procmux$2794_Y [0] $procmux$2794_Y [0] $procmux$2794_Y [0] $procmux$2794_Y [0] $procmux$2794_Y [0] $procmux$2794_Y [0] $procmux$2794_Y [0] $procmux$2794_Y [0] $procmux$2794_Y [0] $procmux$2794_Y [0] $procmux$2794_Y [0] $procmux$2794_Y [0] $procmux$2794_Y [0] $procmux$2794_Y [0] $procmux$2794_Y [0] $procmux$2794_Y [0] $procmux$2794_Y [0] $procmux$2794_Y [0] $procmux$2794_Y [0] $procmux$2794_Y [0] $procmux$2794_Y [0] $procmux$2794_Y [0] $procmux$2794_Y [0] $procmux$2794_Y [0] $procmux$2794_Y [0] $procmux$2794_Y [0] $procmux$2794_Y [0] $procmux$2794_Y [0] $procmux$2794_Y [0] $procmux$2794_Y [0] $procmux$2794_Y [0] $procmux$2794_Y [0] $procmux$2794_Y [0] $procmux$2794_Y [0] $procmux$2794_Y [0] $procmux$2794_Y [0] $procmux$2794_Y [0] $procmux$2794_Y [0] $procmux$2794_Y [0] $procmux$2794_Y [0] $procmux$2794_Y [0] $procmux$2794_Y [0] $procmux$2794_Y [0] $procmux$2794_Y [0] $procmux$2794_Y [0] $procmux$2794_Y [0] $procmux$2794_Y [0] $procmux$2794_Y [0] $procmux$2794_Y [0] $procmux$2794_Y [0] $procmux$2794_Y [0] $procmux$2794_Y [0] $procmux$2794_Y [0] $procmux$2794_Y [0] $procmux$2794_Y [0] $procmux$2794_Y [0] $procmux$2794_Y [0] $procmux$2794_Y [0] $procmux$2794_Y [0] $procmux$2794_Y [0] $procmux$2794_Y [0] $procmux$2794_Y [0] $procmux$2794_Y [0] $procmux$2794_Y [0] $procmux$2794_Y [0] $procmux$2794_Y [0] $procmux$2794_Y [0] $procmux$2794_Y [0] $procmux$2794_Y [0] $procmux$2794_Y [0] $procmux$2794_Y [0] $procmux$2794_Y [0] $procmux$2794_Y [0] $procmux$2794_Y [0] $procmux$2794_Y [0] $procmux$2794_Y [0] $procmux$2794_Y [0] $procmux$2794_Y [0] $procmux$2794_Y [0] $procmux$2794_Y [0] $procmux$2794_Y [0] $procmux$2794_Y [0] $procmux$2794_Y [0] $procmux$2794_Y [0] $procmux$2794_Y [0] $procmux$2794_Y [0] $procmux$2794_Y [0] $procmux$2794_Y [0] $procmux$2794_Y [0] $procmux$2794_Y [0] $procmux$2794_Y [0] $procmux$2794_Y [0] $procmux$2794_Y [0] $procmux$2794_Y [0] $procmux$2794_Y [0] $procmux$2794_Y [0] $procmux$2794_Y [0] $procmux$2794_Y [0] $procmux$2794_Y [0] $procmux$2794_Y [0] $procmux$2794_Y [0] $procmux$2794_Y [0] $procmux$2794_Y [0] $procmux$2794_Y [0] $procmux$2794_Y [0] $procmux$2794_Y [0] $procmux$2794_Y [0] $procmux$2794_Y [0] $procmux$2794_Y [0] $procmux$2794_Y [0] $procmux$2794_Y [0] $procmux$2794_Y [0] $procmux$2794_Y [0] $procmux$2794_Y [0] $procmux$2794_Y [0] $procmux$2794_Y [0] $procmux$2794_Y [0] $procmux$2794_Y [0] $procmux$2794_Y [0] $procmux$2794_Y [0] $procmux$2794_Y [0] $procmux$2794_Y [0] $procmux$2794_Y [0] $procmux$2794_Y [0] $procmux$2794_Y [0] $procmux$2794_Y [0] $procmux$2794_Y [0] $procmux$2794_Y [0] $procmux$2794_Y [0] $procmux$2794_Y [0] $procmux$2794_Y [0] $procmux$2794_Y [0] $procmux$2794_Y [0] $procmux$2794_Y [0] $procmux$2794_Y [0] $procmux$2794_Y [0] $procmux$2794_Y [0] $procmux$2794_Y [0] $procmux$2794_Y [0] $procmux$2794_Y [0] $procmux$2794_Y [0] $procmux$2794_Y [0] $procmux$2794_Y [0] $procmux$2794_Y [0] $procmux$2794_Y [0] $procmux$2794_Y [0] $procmux$2794_Y [0] $procmux$2794_Y [0] $procmux$2794_Y [0] $procmux$2794_Y [0] $procmux$2794_Y [0] $procmux$2794_Y [0] $procmux$2794_Y [0] $procmux$2794_Y [0] $procmux$2794_Y [0] $procmux$2794_Y [0] $procmux$2794_Y [0] $procmux$2794_Y [0] $procmux$2794_Y [0] $procmux$2794_Y [0] $procmux$2794_Y [0] $procmux$2794_Y [0] $procmux$2794_Y [0] $procmux$2794_Y [0] $procmux$2794_Y [0] $procmux$2794_Y [0] $procmux$2794_Y [0] $procmux$2794_Y [0] $procmux$2794_Y [0] $procmux$2794_Y [0] $procmux$2794_Y [0] $procmux$2794_Y [0] $procmux$2794_Y [0] $procmux$2794_Y [0] $procmux$2794_Y [0] $procmux$2794_Y [0] $procmux$2794_Y [0] $procmux$2794_Y [0] $procmux$2794_Y [0] $procmux$2794_Y [0] $procmux$2794_Y [0] $procmux$2794_Y [0] $procmux$2794_Y [0] $procmux$2794_Y [0] $procmux$2794_Y [0] $procmux$2794_Y [0] $procmux$2794_Y [0] $procmux$2794_Y [0] $procmux$2794_Y [0] $procmux$2794_Y [0] $procmux$2794_Y [0] $procmux$2794_Y [0] $procmux$2794_Y [0] $procmux$2794_Y [0] $procmux$2794_Y [0] $procmux$2794_Y [0] $procmux$2794_Y [0] $procmux$2794_Y [0] $procmux$2794_Y [0] $procmux$2794_Y [0] $procmux$2794_Y [0] $procmux$2794_Y [0] $procmux$2794_Y [0] $procmux$2794_Y [0] $procmux$2794_Y [0] $procmux$2794_Y [0] $procmux$2794_Y [0] $procmux$2794_Y [0] $procmux$2794_Y [0] $procmux$2794_Y [0] $procmux$2794_Y [0] $procmux$2794_Y [0] $procmux$2794_Y [0] $procmux$2794_Y [0] $procmux$2794_Y [0] $procmux$2794_Y [0] $procmux$2794_Y [0] $procmux$2794_Y [0] $procmux$2794_Y [0] $procmux$2794_Y [0] $procmux$2794_Y [0] $procmux$2794_Y [0] $procmux$2794_Y [0] $procmux$2794_Y [0] $procmux$2794_Y [0] $procmux$2794_Y [0] $procmux$2794_Y [0] $procmux$2794_Y [0] $procmux$2794_Y [0] $procmux$2794_Y [0] $procmux$2794_Y [0] $procmux$2794_Y [0] $procmux$2794_Y [0] $procmux$2794_Y [0] $procmux$2794_Y [0] $procmux$2794_Y [0] $procmux$2794_Y [0] $procmux$2794_Y [0] $procmux$2794_Y [0] $procmux$2794_Y [0] $procmux$2794_Y [0] $procmux$2794_Y [0] $procmux$2794_Y [0] $procmux$2794_Y [0] $procmux$2794_Y [0] $procmux$2794_Y [0] $procmux$2794_Y [0] $procmux$2794_Y [0] $procmux$2794_Y [0] $procmux$2794_Y [0] $procmux$2794_Y [0] $procmux$2794_Y [0] $procmux$2794_Y [0] $procmux$2794_Y [0] $procmux$2794_Y [0] $procmux$2794_Y [0] $procmux$2794_Y [0] $procmux$2794_Y [0] }
    Consolidated identical input bits for $mux cell $procmux$2457:
      Old ports: A=512'00000000000000000000000000000000000000000000000000000000000000000000000000000000000000000000000000000000000000000000000000000000000000000000000000000000000000000000000000000000000000000000000000000000000000000000000000000000000000000000000000000000000000000000000000000000000000000000000000000000000000000000000000000000000000000000000000000000000000000000000000000000000000000000000000000000000000000000000000000000000000000000000000000000000000000000000000000000000000000000000000000000000000000000000000000000, B=$3$memwr$\data_arr$../rtl/cache/l1d.sv:298$691_EN[511:0]$1736, Y=$procmux$2457_Y
      New ports: A=1'0, B=$procmux$2263_Y [0], Y=$procmux$2457_Y [0]
      New connections: $procmux$2457_Y [511:1] = { $procmux$2457_Y [0] $procmux$2457_Y [0] $procmux$2457_Y [0] $procmux$2457_Y [0] $procmux$2457_Y [0] $procmux$2457_Y [0] $procmux$2457_Y [0] $procmux$2457_Y [0] $procmux$2457_Y [0] $procmux$2457_Y [0] $procmux$2457_Y [0] $procmux$2457_Y [0] $procmux$2457_Y [0] $procmux$2457_Y [0] $procmux$2457_Y [0] $procmux$2457_Y [0] $procmux$2457_Y [0] $procmux$2457_Y [0] $procmux$2457_Y [0] $procmux$2457_Y [0] $procmux$2457_Y [0] $procmux$2457_Y [0] $procmux$2457_Y [0] $procmux$2457_Y [0] $procmux$2457_Y [0] $procmux$2457_Y [0] $procmux$2457_Y [0] $procmux$2457_Y [0] $procmux$2457_Y [0] $procmux$2457_Y [0] $procmux$2457_Y [0] $procmux$2457_Y [0] $procmux$2457_Y [0] $procmux$2457_Y [0] $procmux$2457_Y [0] $procmux$2457_Y [0] $procmux$2457_Y [0] $procmux$2457_Y [0] $procmux$2457_Y [0] $procmux$2457_Y [0] $procmux$2457_Y [0] $procmux$2457_Y [0] $procmux$2457_Y [0] $procmux$2457_Y [0] $procmux$2457_Y [0] $procmux$2457_Y [0] $procmux$2457_Y [0] $procmux$2457_Y [0] $procmux$2457_Y [0] $procmux$2457_Y [0] $procmux$2457_Y [0] $procmux$2457_Y [0] $procmux$2457_Y [0] $procmux$2457_Y [0] $procmux$2457_Y [0] $procmux$2457_Y [0] $procmux$2457_Y [0] $procmux$2457_Y [0] $procmux$2457_Y [0] $procmux$2457_Y [0] $procmux$2457_Y [0] $procmux$2457_Y [0] $procmux$2457_Y [0] $procmux$2457_Y [0] $procmux$2457_Y [0] $procmux$2457_Y [0] $procmux$2457_Y [0] $procmux$2457_Y [0] $procmux$2457_Y [0] $procmux$2457_Y [0] $procmux$2457_Y [0] $procmux$2457_Y [0] $procmux$2457_Y [0] $procmux$2457_Y [0] $procmux$2457_Y [0] $procmux$2457_Y [0] $procmux$2457_Y [0] $procmux$2457_Y [0] $procmux$2457_Y [0] $procmux$2457_Y [0] $procmux$2457_Y [0] $procmux$2457_Y [0] $procmux$2457_Y [0] $procmux$2457_Y [0] $procmux$2457_Y [0] $procmux$2457_Y [0] $procmux$2457_Y [0] $procmux$2457_Y [0] $procmux$2457_Y [0] $procmux$2457_Y [0] $procmux$2457_Y [0] $procmux$2457_Y [0] $procmux$2457_Y [0] $procmux$2457_Y [0] $procmux$2457_Y [0] $procmux$2457_Y [0] $procmux$2457_Y [0] $procmux$2457_Y [0] $procmux$2457_Y [0] $procmux$2457_Y [0] $procmux$2457_Y [0] $procmux$2457_Y [0] $procmux$2457_Y [0] $procmux$2457_Y [0] $procmux$2457_Y [0] $procmux$2457_Y [0] $procmux$2457_Y [0] $procmux$2457_Y [0] $procmux$2457_Y [0] $procmux$2457_Y [0] $procmux$2457_Y [0] $procmux$2457_Y [0] $procmux$2457_Y [0] $procmux$2457_Y [0] $procmux$2457_Y [0] $procmux$2457_Y [0] $procmux$2457_Y [0] $procmux$2457_Y [0] $procmux$2457_Y [0] $procmux$2457_Y [0] $procmux$2457_Y [0] $procmux$2457_Y [0] $procmux$2457_Y [0] $procmux$2457_Y [0] $procmux$2457_Y [0] $procmux$2457_Y [0] $procmux$2457_Y [0] $procmux$2457_Y [0] $procmux$2457_Y [0] $procmux$2457_Y [0] $procmux$2457_Y [0] $procmux$2457_Y [0] $procmux$2457_Y [0] $procmux$2457_Y [0] $procmux$2457_Y [0] $procmux$2457_Y [0] $procmux$2457_Y [0] $procmux$2457_Y [0] $procmux$2457_Y [0] $procmux$2457_Y [0] $procmux$2457_Y [0] $procmux$2457_Y [0] $procmux$2457_Y [0] $procmux$2457_Y [0] $procmux$2457_Y [0] $procmux$2457_Y [0] $procmux$2457_Y [0] $procmux$2457_Y [0] $procmux$2457_Y [0] $procmux$2457_Y [0] $procmux$2457_Y [0] $procmux$2457_Y [0] $procmux$2457_Y [0] $procmux$2457_Y [0] $procmux$2457_Y [0] $procmux$2457_Y [0] $procmux$2457_Y [0] $procmux$2457_Y [0] $procmux$2457_Y [0] $procmux$2457_Y [0] $procmux$2457_Y [0] $procmux$2457_Y [0] $procmux$2457_Y [0] $procmux$2457_Y [0] $procmux$2457_Y [0] $procmux$2457_Y [0] $procmux$2457_Y [0] $procmux$2457_Y [0] $procmux$2457_Y [0] $procmux$2457_Y [0] $procmux$2457_Y [0] $procmux$2457_Y [0] $procmux$2457_Y [0] $procmux$2457_Y [0] $procmux$2457_Y [0] $procmux$2457_Y [0] $procmux$2457_Y [0] $procmux$2457_Y [0] $procmux$2457_Y [0] $procmux$2457_Y [0] $procmux$2457_Y [0] $procmux$2457_Y [0] $procmux$2457_Y [0] $procmux$2457_Y [0] $procmux$2457_Y [0] $procmux$2457_Y [0] $procmux$2457_Y [0] $procmux$2457_Y [0] $procmux$2457_Y [0] $procmux$2457_Y [0] $procmux$2457_Y [0] $procmux$2457_Y [0] $procmux$2457_Y [0] $procmux$2457_Y [0] $procmux$2457_Y [0] $procmux$2457_Y [0] $procmux$2457_Y [0] $procmux$2457_Y [0] $procmux$2457_Y [0] $procmux$2457_Y [0] $procmux$2457_Y [0] $procmux$2457_Y [0] $procmux$2457_Y [0] $procmux$2457_Y [0] $procmux$2457_Y [0] $procmux$2457_Y [0] $procmux$2457_Y [0] $procmux$2457_Y [0] $procmux$2457_Y [0] $procmux$2457_Y [0] $procmux$2457_Y [0] $procmux$2457_Y [0] $procmux$2457_Y [0] $procmux$2457_Y [0] $procmux$2457_Y [0] $procmux$2457_Y [0] $procmux$2457_Y [0] $procmux$2457_Y [0] $procmux$2457_Y [0] $procmux$2457_Y [0] $procmux$2457_Y [0] $procmux$2457_Y [0] $procmux$2457_Y [0] $procmux$2457_Y [0] $procmux$2457_Y [0] $procmux$2457_Y [0] $procmux$2457_Y [0] $procmux$2457_Y [0] $procmux$2457_Y [0] $procmux$2457_Y [0] $procmux$2457_Y [0] $procmux$2457_Y [0] $procmux$2457_Y [0] $procmux$2457_Y [0] $procmux$2457_Y [0] $procmux$2457_Y [0] $procmux$2457_Y [0] $procmux$2457_Y [0] $procmux$2457_Y [0] $procmux$2457_Y [0] $procmux$2457_Y [0] $procmux$2457_Y [0] $procmux$2457_Y [0] $procmux$2457_Y [0] $procmux$2457_Y [0] $procmux$2457_Y [0] $procmux$2457_Y [0] $procmux$2457_Y [0] $procmux$2457_Y [0] $procmux$2457_Y [0] $procmux$2457_Y [0] $procmux$2457_Y [0] $procmux$2457_Y [0] $procmux$2457_Y [0] $procmux$2457_Y [0] $procmux$2457_Y [0] $procmux$2457_Y [0] $procmux$2457_Y [0] $procmux$2457_Y [0] $procmux$2457_Y [0] $procmux$2457_Y [0] $procmux$2457_Y [0] $procmux$2457_Y [0] $procmux$2457_Y [0] $procmux$2457_Y [0] $procmux$2457_Y [0] $procmux$2457_Y [0] $procmux$2457_Y [0] $procmux$2457_Y [0] $procmux$2457_Y [0] $procmux$2457_Y [0] $procmux$2457_Y [0] $procmux$2457_Y [0] $procmux$2457_Y [0] $procmux$2457_Y [0] $procmux$2457_Y [0] $procmux$2457_Y [0] $procmux$2457_Y [0] $procmux$2457_Y [0] $procmux$2457_Y [0] $procmux$2457_Y [0] $procmux$2457_Y [0] $procmux$2457_Y [0] $procmux$2457_Y [0] $procmux$2457_Y [0] $procmux$2457_Y [0] $procmux$2457_Y [0] $procmux$2457_Y [0] $procmux$2457_Y [0] $procmux$2457_Y [0] $procmux$2457_Y [0] $procmux$2457_Y [0] $procmux$2457_Y [0] $procmux$2457_Y [0] $procmux$2457_Y [0] $procmux$2457_Y [0] $procmux$2457_Y [0] $procmux$2457_Y [0] $procmux$2457_Y [0] $procmux$2457_Y [0] $procmux$2457_Y [0] $procmux$2457_Y [0] $procmux$2457_Y [0] $procmux$2457_Y [0] $procmux$2457_Y [0] $procmux$2457_Y [0] $procmux$2457_Y [0] $procmux$2457_Y [0] $procmux$2457_Y [0] $procmux$2457_Y [0] $procmux$2457_Y [0] $procmux$2457_Y [0] $procmux$2457_Y [0] $procmux$2457_Y [0] $procmux$2457_Y [0] $procmux$2457_Y [0] $procmux$2457_Y [0] $procmux$2457_Y [0] $procmux$2457_Y [0] $procmux$2457_Y [0] $procmux$2457_Y [0] $procmux$2457_Y [0] $procmux$2457_Y [0] $procmux$2457_Y [0] $procmux$2457_Y [0] $procmux$2457_Y [0] $procmux$2457_Y [0] $procmux$2457_Y [0] $procmux$2457_Y [0] $procmux$2457_Y [0] $procmux$2457_Y [0] $procmux$2457_Y [0] $procmux$2457_Y [0] $procmux$2457_Y [0] $procmux$2457_Y [0] $procmux$2457_Y [0] $procmux$2457_Y [0] $procmux$2457_Y [0] $procmux$2457_Y [0] $procmux$2457_Y [0] $procmux$2457_Y [0] $procmux$2457_Y [0] $procmux$2457_Y [0] $procmux$2457_Y [0] $procmux$2457_Y [0] $procmux$2457_Y [0] $procmux$2457_Y [0] $procmux$2457_Y [0] $procmux$2457_Y [0] $procmux$2457_Y [0] $procmux$2457_Y [0] $procmux$2457_Y [0] $procmux$2457_Y [0] $procmux$2457_Y [0] $procmux$2457_Y [0] $procmux$2457_Y [0] $procmux$2457_Y [0] $procmux$2457_Y [0] $procmux$2457_Y [0] $procmux$2457_Y [0] $procmux$2457_Y [0] $procmux$2457_Y [0] $procmux$2457_Y [0] $procmux$2457_Y [0] $procmux$2457_Y [0] $procmux$2457_Y [0] $procmux$2457_Y [0] $procmux$2457_Y [0] $procmux$2457_Y [0] $procmux$2457_Y [0] $procmux$2457_Y [0] $procmux$2457_Y [0] $procmux$2457_Y [0] $procmux$2457_Y [0] $procmux$2457_Y [0] $procmux$2457_Y [0] $procmux$2457_Y [0] $procmux$2457_Y [0] $procmux$2457_Y [0] $procmux$2457_Y [0] $procmux$2457_Y [0] $procmux$2457_Y [0] $procmux$2457_Y [0] $procmux$2457_Y [0] $procmux$2457_Y [0] $procmux$2457_Y [0] $procmux$2457_Y [0] $procmux$2457_Y [0] $procmux$2457_Y [0] $procmux$2457_Y [0] $procmux$2457_Y [0] $procmux$2457_Y [0] $procmux$2457_Y [0] $procmux$2457_Y [0] $procmux$2457_Y [0] $procmux$2457_Y [0] $procmux$2457_Y [0] $procmux$2457_Y [0] $procmux$2457_Y [0] $procmux$2457_Y [0] $procmux$2457_Y [0] $procmux$2457_Y [0] $procmux$2457_Y [0] $procmux$2457_Y [0] $procmux$2457_Y [0] $procmux$2457_Y [0] $procmux$2457_Y [0] $procmux$2457_Y [0] $procmux$2457_Y [0] $procmux$2457_Y [0] $procmux$2457_Y [0] $procmux$2457_Y [0] $procmux$2457_Y [0] $procmux$2457_Y [0] $procmux$2457_Y [0] $procmux$2457_Y [0] $procmux$2457_Y [0] $procmux$2457_Y [0] $procmux$2457_Y [0] $procmux$2457_Y [0] $procmux$2457_Y [0] $procmux$2457_Y [0] $procmux$2457_Y [0] $procmux$2457_Y [0] $procmux$2457_Y [0] $procmux$2457_Y [0] $procmux$2457_Y [0] $procmux$2457_Y [0] $procmux$2457_Y [0] $procmux$2457_Y [0] $procmux$2457_Y [0] $procmux$2457_Y [0] $procmux$2457_Y [0] $procmux$2457_Y [0] $procmux$2457_Y [0] $procmux$2457_Y [0] $procmux$2457_Y [0] $procmux$2457_Y [0] $procmux$2457_Y [0] $procmux$2457_Y [0] $procmux$2457_Y [0] $procmux$2457_Y [0] $procmux$2457_Y [0] $procmux$2457_Y [0] $procmux$2457_Y [0] $procmux$2457_Y [0] $procmux$2457_Y [0] $procmux$2457_Y [0] $procmux$2457_Y [0] $procmux$2457_Y [0] $procmux$2457_Y [0] $procmux$2457_Y [0] $procmux$2457_Y [0] $procmux$2457_Y [0] $procmux$2457_Y [0] $procmux$2457_Y [0] $procmux$2457_Y [0] $procmux$2457_Y [0] $procmux$2457_Y [0] $procmux$2457_Y [0] $procmux$2457_Y [0] $procmux$2457_Y [0] $procmux$2457_Y [0] $procmux$2457_Y [0] $procmux$2457_Y [0] $procmux$2457_Y [0] $procmux$2457_Y [0] $procmux$2457_Y [0] $procmux$2457_Y [0] $procmux$2457_Y [0] $procmux$2457_Y [0] $procmux$2457_Y [0] $procmux$2457_Y [0] $procmux$2457_Y [0] $procmux$2457_Y [0] $procmux$2457_Y [0] $procmux$2457_Y [0] $procmux$2457_Y [0] $procmux$2457_Y [0] $procmux$2457_Y [0] $procmux$2457_Y [0] $procmux$2457_Y [0] $procmux$2457_Y [0] $procmux$2457_Y [0] $procmux$2457_Y [0] $procmux$2457_Y [0] $procmux$2457_Y [0] $procmux$2457_Y [0] $procmux$2457_Y [0] $procmux$2457_Y [0] $procmux$2457_Y [0] $procmux$2457_Y [0] $procmux$2457_Y [0] $procmux$2457_Y [0] $procmux$2457_Y [0] $procmux$2457_Y [0] $procmux$2457_Y [0] $procmux$2457_Y [0] $procmux$2457_Y [0] $procmux$2457_Y [0] $procmux$2457_Y [0] $procmux$2457_Y [0] $procmux$2457_Y [0] $procmux$2457_Y [0] $procmux$2457_Y [0] $procmux$2457_Y [0] $procmux$2457_Y [0] $procmux$2457_Y [0] $procmux$2457_Y [0] $procmux$2457_Y [0] $procmux$2457_Y [0] }
    Consolidated identical input bits for $mux cell $procmux$2427:
      Old ports: A=512'00000000000000000000000000000000000000000000000000000000000000000000000000000000000000000000000000000000000000000000000000000000000000000000000000000000000000000000000000000000000000000000000000000000000000000000000000000000000000000000000000000000000000000000000000000000000000000000000000000000000000000000000000000000000000000000000000000000000000000000000000000000000000000000000000000000000000000000000000000000000000000000000000000000000000000000000000000000000000000000000000000000000000000000000000000000, B=$3$memwr$\data_arr$../rtl/cache/l1d.sv:301$693_EN[511:0]$1741, Y=$procmux$2427_Y
      New ports: A=1'0, B=$procmux$2389_Y [0], Y=$procmux$2427_Y [0]
      New connections: $procmux$2427_Y [511:1] = { $procmux$2427_Y [0] $procmux$2427_Y [0] $procmux$2427_Y [0] $procmux$2427_Y [0] $procmux$2427_Y [0] $procmux$2427_Y [0] $procmux$2427_Y [0] $procmux$2427_Y [0] $procmux$2427_Y [0] $procmux$2427_Y [0] $procmux$2427_Y [0] $procmux$2427_Y [0] $procmux$2427_Y [0] $procmux$2427_Y [0] $procmux$2427_Y [0] $procmux$2427_Y [0] $procmux$2427_Y [0] $procmux$2427_Y [0] $procmux$2427_Y [0] $procmux$2427_Y [0] $procmux$2427_Y [0] $procmux$2427_Y [0] $procmux$2427_Y [0] $procmux$2427_Y [0] $procmux$2427_Y [0] $procmux$2427_Y [0] $procmux$2427_Y [0] $procmux$2427_Y [0] $procmux$2427_Y [0] $procmux$2427_Y [0] $procmux$2427_Y [0] $procmux$2427_Y [0] $procmux$2427_Y [0] $procmux$2427_Y [0] $procmux$2427_Y [0] $procmux$2427_Y [0] $procmux$2427_Y [0] $procmux$2427_Y [0] $procmux$2427_Y [0] $procmux$2427_Y [0] $procmux$2427_Y [0] $procmux$2427_Y [0] $procmux$2427_Y [0] $procmux$2427_Y [0] $procmux$2427_Y [0] $procmux$2427_Y [0] $procmux$2427_Y [0] $procmux$2427_Y [0] $procmux$2427_Y [0] $procmux$2427_Y [0] $procmux$2427_Y [0] $procmux$2427_Y [0] $procmux$2427_Y [0] $procmux$2427_Y [0] $procmux$2427_Y [0] $procmux$2427_Y [0] $procmux$2427_Y [0] $procmux$2427_Y [0] $procmux$2427_Y [0] $procmux$2427_Y [0] $procmux$2427_Y [0] $procmux$2427_Y [0] $procmux$2427_Y [0] $procmux$2427_Y [0] $procmux$2427_Y [0] $procmux$2427_Y [0] $procmux$2427_Y [0] $procmux$2427_Y [0] $procmux$2427_Y [0] $procmux$2427_Y [0] $procmux$2427_Y [0] $procmux$2427_Y [0] $procmux$2427_Y [0] $procmux$2427_Y [0] $procmux$2427_Y [0] $procmux$2427_Y [0] $procmux$2427_Y [0] $procmux$2427_Y [0] $procmux$2427_Y [0] $procmux$2427_Y [0] $procmux$2427_Y [0] $procmux$2427_Y [0] $procmux$2427_Y [0] $procmux$2427_Y [0] $procmux$2427_Y [0] $procmux$2427_Y [0] $procmux$2427_Y [0] $procmux$2427_Y [0] $procmux$2427_Y [0] $procmux$2427_Y [0] $procmux$2427_Y [0] $procmux$2427_Y [0] $procmux$2427_Y [0] $procmux$2427_Y [0] $procmux$2427_Y [0] $procmux$2427_Y [0] $procmux$2427_Y [0] $procmux$2427_Y [0] $procmux$2427_Y [0] $procmux$2427_Y [0] $procmux$2427_Y [0] $procmux$2427_Y [0] $procmux$2427_Y [0] $procmux$2427_Y [0] $procmux$2427_Y [0] $procmux$2427_Y [0] $procmux$2427_Y [0] $procmux$2427_Y [0] $procmux$2427_Y [0] $procmux$2427_Y [0] $procmux$2427_Y [0] $procmux$2427_Y [0] $procmux$2427_Y [0] $procmux$2427_Y [0] $procmux$2427_Y [0] $procmux$2427_Y [0] $procmux$2427_Y [0] $procmux$2427_Y [0] $procmux$2427_Y [0] $procmux$2427_Y [0] $procmux$2427_Y [0] $procmux$2427_Y [0] $procmux$2427_Y [0] $procmux$2427_Y [0] $procmux$2427_Y [0] $procmux$2427_Y [0] $procmux$2427_Y [0] $procmux$2427_Y [0] $procmux$2427_Y [0] $procmux$2427_Y [0] $procmux$2427_Y [0] $procmux$2427_Y [0] $procmux$2427_Y [0] $procmux$2427_Y [0] $procmux$2427_Y [0] $procmux$2427_Y [0] $procmux$2427_Y [0] $procmux$2427_Y [0] $procmux$2427_Y [0] $procmux$2427_Y [0] $procmux$2427_Y [0] $procmux$2427_Y [0] $procmux$2427_Y [0] $procmux$2427_Y [0] $procmux$2427_Y [0] $procmux$2427_Y [0] $procmux$2427_Y [0] $procmux$2427_Y [0] $procmux$2427_Y [0] $procmux$2427_Y [0] $procmux$2427_Y [0] $procmux$2427_Y [0] $procmux$2427_Y [0] $procmux$2427_Y [0] $procmux$2427_Y [0] $procmux$2427_Y [0] $procmux$2427_Y [0] $procmux$2427_Y [0] $procmux$2427_Y [0] $procmux$2427_Y [0] $procmux$2427_Y [0] $procmux$2427_Y [0] $procmux$2427_Y [0] $procmux$2427_Y [0] $procmux$2427_Y [0] $procmux$2427_Y [0] $procmux$2427_Y [0] $procmux$2427_Y [0] $procmux$2427_Y [0] $procmux$2427_Y [0] $procmux$2427_Y [0] $procmux$2427_Y [0] $procmux$2427_Y [0] $procmux$2427_Y [0] $procmux$2427_Y [0] $procmux$2427_Y [0] $procmux$2427_Y [0] $procmux$2427_Y [0] $procmux$2427_Y [0] $procmux$2427_Y [0] $procmux$2427_Y [0] $procmux$2427_Y [0] $procmux$2427_Y [0] $procmux$2427_Y [0] $procmux$2427_Y [0] $procmux$2427_Y [0] $procmux$2427_Y [0] $procmux$2427_Y [0] $procmux$2427_Y [0] $procmux$2427_Y [0] $procmux$2427_Y [0] $procmux$2427_Y [0] $procmux$2427_Y [0] $procmux$2427_Y [0] $procmux$2427_Y [0] $procmux$2427_Y [0] $procmux$2427_Y [0] $procmux$2427_Y [0] $procmux$2427_Y [0] $procmux$2427_Y [0] $procmux$2427_Y [0] $procmux$2427_Y [0] $procmux$2427_Y [0] $procmux$2427_Y [0] $procmux$2427_Y [0] $procmux$2427_Y [0] $procmux$2427_Y [0] $procmux$2427_Y [0] $procmux$2427_Y [0] $procmux$2427_Y [0] $procmux$2427_Y [0] $procmux$2427_Y [0] $procmux$2427_Y [0] $procmux$2427_Y [0] $procmux$2427_Y [0] $procmux$2427_Y [0] $procmux$2427_Y [0] $procmux$2427_Y [0] $procmux$2427_Y [0] $procmux$2427_Y [0] $procmux$2427_Y [0] $procmux$2427_Y [0] $procmux$2427_Y [0] $procmux$2427_Y [0] $procmux$2427_Y [0] $procmux$2427_Y [0] $procmux$2427_Y [0] $procmux$2427_Y [0] $procmux$2427_Y [0] $procmux$2427_Y [0] $procmux$2427_Y [0] $procmux$2427_Y [0] $procmux$2427_Y [0] $procmux$2427_Y [0] $procmux$2427_Y [0] $procmux$2427_Y [0] $procmux$2427_Y [0] $procmux$2427_Y [0] $procmux$2427_Y [0] $procmux$2427_Y [0] $procmux$2427_Y [0] $procmux$2427_Y [0] $procmux$2427_Y [0] $procmux$2427_Y [0] $procmux$2427_Y [0] $procmux$2427_Y [0] $procmux$2427_Y [0] $procmux$2427_Y [0] $procmux$2427_Y [0] $procmux$2427_Y [0] $procmux$2427_Y [0] $procmux$2427_Y [0] $procmux$2427_Y [0] $procmux$2427_Y [0] $procmux$2427_Y [0] $procmux$2427_Y [0] $procmux$2427_Y [0] $procmux$2427_Y [0] $procmux$2427_Y [0] $procmux$2427_Y [0] $procmux$2427_Y [0] $procmux$2427_Y [0] $procmux$2427_Y [0] $procmux$2427_Y [0] $procmux$2427_Y [0] $procmux$2427_Y [0] $procmux$2427_Y [0] $procmux$2427_Y [0] $procmux$2427_Y [0] $procmux$2427_Y [0] $procmux$2427_Y [0] $procmux$2427_Y [0] $procmux$2427_Y [0] $procmux$2427_Y [0] $procmux$2427_Y [0] $procmux$2427_Y [0] $procmux$2427_Y [0] $procmux$2427_Y [0] $procmux$2427_Y [0] $procmux$2427_Y [0] $procmux$2427_Y [0] $procmux$2427_Y [0] $procmux$2427_Y [0] $procmux$2427_Y [0] $procmux$2427_Y [0] $procmux$2427_Y [0] $procmux$2427_Y [0] $procmux$2427_Y [0] $procmux$2427_Y [0] $procmux$2427_Y [0] $procmux$2427_Y [0] $procmux$2427_Y [0] $procmux$2427_Y [0] $procmux$2427_Y [0] $procmux$2427_Y [0] $procmux$2427_Y [0] $procmux$2427_Y [0] $procmux$2427_Y [0] $procmux$2427_Y [0] $procmux$2427_Y [0] $procmux$2427_Y [0] $procmux$2427_Y [0] $procmux$2427_Y [0] $procmux$2427_Y [0] $procmux$2427_Y [0] $procmux$2427_Y [0] $procmux$2427_Y [0] $procmux$2427_Y [0] $procmux$2427_Y [0] $procmux$2427_Y [0] $procmux$2427_Y [0] $procmux$2427_Y [0] $procmux$2427_Y [0] $procmux$2427_Y [0] $procmux$2427_Y [0] $procmux$2427_Y [0] $procmux$2427_Y [0] $procmux$2427_Y [0] $procmux$2427_Y [0] $procmux$2427_Y [0] $procmux$2427_Y [0] $procmux$2427_Y [0] $procmux$2427_Y [0] $procmux$2427_Y [0] $procmux$2427_Y [0] $procmux$2427_Y [0] $procmux$2427_Y [0] $procmux$2427_Y [0] $procmux$2427_Y [0] $procmux$2427_Y [0] $procmux$2427_Y [0] $procmux$2427_Y [0] $procmux$2427_Y [0] $procmux$2427_Y [0] $procmux$2427_Y [0] $procmux$2427_Y [0] $procmux$2427_Y [0] $procmux$2427_Y [0] $procmux$2427_Y [0] $procmux$2427_Y [0] $procmux$2427_Y [0] $procmux$2427_Y [0] $procmux$2427_Y [0] $procmux$2427_Y [0] $procmux$2427_Y [0] $procmux$2427_Y [0] $procmux$2427_Y [0] $procmux$2427_Y [0] $procmux$2427_Y [0] $procmux$2427_Y [0] $procmux$2427_Y [0] $procmux$2427_Y [0] $procmux$2427_Y [0] $procmux$2427_Y [0] $procmux$2427_Y [0] $procmux$2427_Y [0] $procmux$2427_Y [0] $procmux$2427_Y [0] $procmux$2427_Y [0] $procmux$2427_Y [0] $procmux$2427_Y [0] $procmux$2427_Y [0] $procmux$2427_Y [0] $procmux$2427_Y [0] $procmux$2427_Y [0] $procmux$2427_Y [0] $procmux$2427_Y [0] $procmux$2427_Y [0] $procmux$2427_Y [0] $procmux$2427_Y [0] $procmux$2427_Y [0] $procmux$2427_Y [0] $procmux$2427_Y [0] $procmux$2427_Y [0] $procmux$2427_Y [0] $procmux$2427_Y [0] $procmux$2427_Y [0] $procmux$2427_Y [0] $procmux$2427_Y [0] $procmux$2427_Y [0] $procmux$2427_Y [0] $procmux$2427_Y [0] $procmux$2427_Y [0] $procmux$2427_Y [0] $procmux$2427_Y [0] $procmux$2427_Y [0] $procmux$2427_Y [0] $procmux$2427_Y [0] $procmux$2427_Y [0] $procmux$2427_Y [0] $procmux$2427_Y [0] $procmux$2427_Y [0] $procmux$2427_Y [0] $procmux$2427_Y [0] $procmux$2427_Y [0] $procmux$2427_Y [0] $procmux$2427_Y [0] $procmux$2427_Y [0] $procmux$2427_Y [0] $procmux$2427_Y [0] $procmux$2427_Y [0] $procmux$2427_Y [0] $procmux$2427_Y [0] $procmux$2427_Y [0] $procmux$2427_Y [0] $procmux$2427_Y [0] $procmux$2427_Y [0] $procmux$2427_Y [0] $procmux$2427_Y [0] $procmux$2427_Y [0] $procmux$2427_Y [0] $procmux$2427_Y [0] $procmux$2427_Y [0] $procmux$2427_Y [0] $procmux$2427_Y [0] $procmux$2427_Y [0] $procmux$2427_Y [0] $procmux$2427_Y [0] $procmux$2427_Y [0] $procmux$2427_Y [0] $procmux$2427_Y [0] $procmux$2427_Y [0] $procmux$2427_Y [0] $procmux$2427_Y [0] $procmux$2427_Y [0] $procmux$2427_Y [0] $procmux$2427_Y [0] $procmux$2427_Y [0] $procmux$2427_Y [0] $procmux$2427_Y [0] $procmux$2427_Y [0] $procmux$2427_Y [0] $procmux$2427_Y [0] $procmux$2427_Y [0] $procmux$2427_Y [0] $procmux$2427_Y [0] $procmux$2427_Y [0] $procmux$2427_Y [0] $procmux$2427_Y [0] $procmux$2427_Y [0] $procmux$2427_Y [0] $procmux$2427_Y [0] $procmux$2427_Y [0] $procmux$2427_Y [0] $procmux$2427_Y [0] $procmux$2427_Y [0] $procmux$2427_Y [0] $procmux$2427_Y [0] $procmux$2427_Y [0] $procmux$2427_Y [0] $procmux$2427_Y [0] $procmux$2427_Y [0] $procmux$2427_Y [0] $procmux$2427_Y [0] $procmux$2427_Y [0] $procmux$2427_Y [0] $procmux$2427_Y [0] $procmux$2427_Y [0] $procmux$2427_Y [0] $procmux$2427_Y [0] $procmux$2427_Y [0] $procmux$2427_Y [0] $procmux$2427_Y [0] $procmux$2427_Y [0] $procmux$2427_Y [0] $procmux$2427_Y [0] $procmux$2427_Y [0] $procmux$2427_Y [0] $procmux$2427_Y [0] $procmux$2427_Y [0] $procmux$2427_Y [0] $procmux$2427_Y [0] $procmux$2427_Y [0] $procmux$2427_Y [0] $procmux$2427_Y [0] $procmux$2427_Y [0] $procmux$2427_Y [0] $procmux$2427_Y [0] $procmux$2427_Y [0] $procmux$2427_Y [0] $procmux$2427_Y [0] $procmux$2427_Y [0] $procmux$2427_Y [0] $procmux$2427_Y [0] $procmux$2427_Y [0] $procmux$2427_Y [0] $procmux$2427_Y [0] $procmux$2427_Y [0] $procmux$2427_Y [0] $procmux$2427_Y [0] $procmux$2427_Y [0] $procmux$2427_Y [0] $procmux$2427_Y [0] $procmux$2427_Y [0] $procmux$2427_Y [0] $procmux$2427_Y [0] $procmux$2427_Y [0] $procmux$2427_Y [0] $procmux$2427_Y [0] $procmux$2427_Y [0] $procmux$2427_Y [0] $procmux$2427_Y [0] $procmux$2427_Y [0] $procmux$2427_Y [0] $procmux$2427_Y [0] $procmux$2427_Y [0] $procmux$2427_Y [0] $procmux$2427_Y [0] $procmux$2427_Y [0] $procmux$2427_Y [0] $procmux$2427_Y [0] }
    Consolidated identical input bits for $mux cell $procmux$4303:
      Old ports: A=4'0000, B=$2$memwr$\fifo_tag$../rtl/cache/l1d.sv:201$359_EN[3:0]$798, Y=$0$memwr$\fifo_tag$../rtl/cache/l1d.sv:201$359_EN[3:0]$773
      New ports: A=1'0, B=$procmux$4246_Y [0], Y=$0$memwr$\fifo_tag$../rtl/cache/l1d.sv:201$359_EN[3:0]$773 [0]
      New connections: $0$memwr$\fifo_tag$../rtl/cache/l1d.sv:201$359_EN[3:0]$773 [3:1] = { $0$memwr$\fifo_tag$../rtl/cache/l1d.sv:201$359_EN[3:0]$773 [0] $0$memwr$\fifo_tag$../rtl/cache/l1d.sv:201$359_EN[3:0]$773 [0] $0$memwr$\fifo_tag$../rtl/cache/l1d.sv:201$359_EN[3:0]$773 [0] }
    Consolidated identical input bits for $mux cell $procmux$4294:
      Old ports: A=64'0000000000000000000000000000000000000000000000000000000000000000, B=$2$memwr$\fifo_data$../rtl/cache/l1d.sv:202$360_EN[63:0]$801, Y=$0$memwr$\fifo_data$../rtl/cache/l1d.sv:202$360_EN[63:0]$776
      New ports: A=1'0, B=$procmux$4228_Y [0], Y=$0$memwr$\fifo_data$../rtl/cache/l1d.sv:202$360_EN[63:0]$776 [0]
      New connections: $0$memwr$\fifo_data$../rtl/cache/l1d.sv:202$360_EN[63:0]$776 [63:1] = { $0$memwr$\fifo_data$../rtl/cache/l1d.sv:202$360_EN[63:0]$776 [0] $0$memwr$\fifo_data$../rtl/cache/l1d.sv:202$360_EN[63:0]$776 [0] $0$memwr$\fifo_data$../rtl/cache/l1d.sv:202$360_EN[63:0]$776 [0] $0$memwr$\fifo_data$../rtl/cache/l1d.sv:202$360_EN[63:0]$776 [0] $0$memwr$\fifo_data$../rtl/cache/l1d.sv:202$360_EN[63:0]$776 [0] $0$memwr$\fifo_data$../rtl/cache/l1d.sv:202$360_EN[63:0]$776 [0] $0$memwr$\fifo_data$../rtl/cache/l1d.sv:202$360_EN[63:0]$776 [0] $0$memwr$\fifo_data$../rtl/cache/l1d.sv:202$360_EN[63:0]$776 [0] $0$memwr$\fifo_data$../rtl/cache/l1d.sv:202$360_EN[63:0]$776 [0] $0$memwr$\fifo_data$../rtl/cache/l1d.sv:202$360_EN[63:0]$776 [0] $0$memwr$\fifo_data$../rtl/cache/l1d.sv:202$360_EN[63:0]$776 [0] $0$memwr$\fifo_data$../rtl/cache/l1d.sv:202$360_EN[63:0]$776 [0] $0$memwr$\fifo_data$../rtl/cache/l1d.sv:202$360_EN[63:0]$776 [0] $0$memwr$\fifo_data$../rtl/cache/l1d.sv:202$360_EN[63:0]$776 [0] $0$memwr$\fifo_data$../rtl/cache/l1d.sv:202$360_EN[63:0]$776 [0] $0$memwr$\fifo_data$../rtl/cache/l1d.sv:202$360_EN[63:0]$776 [0] $0$memwr$\fifo_data$../rtl/cache/l1d.sv:202$360_EN[63:0]$776 [0] $0$memwr$\fifo_data$../rtl/cache/l1d.sv:202$360_EN[63:0]$776 [0] $0$memwr$\fifo_data$../rtl/cache/l1d.sv:202$360_EN[63:0]$776 [0] $0$memwr$\fifo_data$../rtl/cache/l1d.sv:202$360_EN[63:0]$776 [0] $0$memwr$\fifo_data$../rtl/cache/l1d.sv:202$360_EN[63:0]$776 [0] $0$memwr$\fifo_data$../rtl/cache/l1d.sv:202$360_EN[63:0]$776 [0] $0$memwr$\fifo_data$../rtl/cache/l1d.sv:202$360_EN[63:0]$776 [0] $0$memwr$\fifo_data$../rtl/cache/l1d.sv:202$360_EN[63:0]$776 [0] $0$memwr$\fifo_data$../rtl/cache/l1d.sv:202$360_EN[63:0]$776 [0] $0$memwr$\fifo_data$../rtl/cache/l1d.sv:202$360_EN[63:0]$776 [0] $0$memwr$\fifo_data$../rtl/cache/l1d.sv:202$360_EN[63:0]$776 [0] $0$memwr$\fifo_data$../rtl/cache/l1d.sv:202$360_EN[63:0]$776 [0] $0$memwr$\fifo_data$../rtl/cache/l1d.sv:202$360_EN[63:0]$776 [0] $0$memwr$\fifo_data$../rtl/cache/l1d.sv:202$360_EN[63:0]$776 [0] $0$memwr$\fifo_data$../rtl/cache/l1d.sv:202$360_EN[63:0]$776 [0] $0$memwr$\fifo_data$../rtl/cache/l1d.sv:202$360_EN[63:0]$776 [0] $0$memwr$\fifo_data$../rtl/cache/l1d.sv:202$360_EN[63:0]$776 [0] $0$memwr$\fifo_data$../rtl/cache/l1d.sv:202$360_EN[63:0]$776 [0] $0$memwr$\fifo_data$../rtl/cache/l1d.sv:202$360_EN[63:0]$776 [0] $0$memwr$\fifo_data$../rtl/cache/l1d.sv:202$360_EN[63:0]$776 [0] $0$memwr$\fifo_data$../rtl/cache/l1d.sv:202$360_EN[63:0]$776 [0] $0$memwr$\fifo_data$../rtl/cache/l1d.sv:202$360_EN[63:0]$776 [0] $0$memwr$\fifo_data$../rtl/cache/l1d.sv:202$360_EN[63:0]$776 [0] $0$memwr$\fifo_data$../rtl/cache/l1d.sv:202$360_EN[63:0]$776 [0] $0$memwr$\fifo_data$../rtl/cache/l1d.sv:202$360_EN[63:0]$776 [0] $0$memwr$\fifo_data$../rtl/cache/l1d.sv:202$360_EN[63:0]$776 [0] $0$memwr$\fifo_data$../rtl/cache/l1d.sv:202$360_EN[63:0]$776 [0] $0$memwr$\fifo_data$../rtl/cache/l1d.sv:202$360_EN[63:0]$776 [0] $0$memwr$\fifo_data$../rtl/cache/l1d.sv:202$360_EN[63:0]$776 [0] $0$memwr$\fifo_data$../rtl/cache/l1d.sv:202$360_EN[63:0]$776 [0] $0$memwr$\fifo_data$../rtl/cache/l1d.sv:202$360_EN[63:0]$776 [0] $0$memwr$\fifo_data$../rtl/cache/l1d.sv:202$360_EN[63:0]$776 [0] $0$memwr$\fifo_data$../rtl/cache/l1d.sv:202$360_EN[63:0]$776 [0] $0$memwr$\fifo_data$../rtl/cache/l1d.sv:202$360_EN[63:0]$776 [0] $0$memwr$\fifo_data$../rtl/cache/l1d.sv:202$360_EN[63:0]$776 [0] $0$memwr$\fifo_data$../rtl/cache/l1d.sv:202$360_EN[63:0]$776 [0] $0$memwr$\fifo_data$../rtl/cache/l1d.sv:202$360_EN[63:0]$776 [0] $0$memwr$\fifo_data$../rtl/cache/l1d.sv:202$360_EN[63:0]$776 [0] $0$memwr$\fifo_data$../rtl/cache/l1d.sv:202$360_EN[63:0]$776 [0] $0$memwr$\fifo_data$../rtl/cache/l1d.sv:202$360_EN[63:0]$776 [0] $0$memwr$\fifo_data$../rtl/cache/l1d.sv:202$360_EN[63:0]$776 [0] $0$memwr$\fifo_data$../rtl/cache/l1d.sv:202$360_EN[63:0]$776 [0] $0$memwr$\fifo_data$../rtl/cache/l1d.sv:202$360_EN[63:0]$776 [0] $0$memwr$\fifo_data$../rtl/cache/l1d.sv:202$360_EN[63:0]$776 [0] $0$memwr$\fifo_data$../rtl/cache/l1d.sv:202$360_EN[63:0]$776 [0] $0$memwr$\fifo_data$../rtl/cache/l1d.sv:202$360_EN[63:0]$776 [0] $0$memwr$\fifo_data$../rtl/cache/l1d.sv:202$360_EN[63:0]$776 [0] }
    Consolidated identical input bits for $mux cell $procmux$4285:
      Old ports: A=4'0000, B=$2$memwr$\fifo_tag$../rtl/cache/l1d.sv:205$361_EN[3:0]$804, Y=$0$memwr$\fifo_tag$../rtl/cache/l1d.sv:205$361_EN[3:0]$779
      New ports: A=1'0, B=$procmux$4210_Y [0], Y=$0$memwr$\fifo_tag$../rtl/cache/l1d.sv:205$361_EN[3:0]$779 [0]
      New connections: $0$memwr$\fifo_tag$../rtl/cache/l1d.sv:205$361_EN[3:0]$779 [3:1] = { $0$memwr$\fifo_tag$../rtl/cache/l1d.sv:205$361_EN[3:0]$779 [0] $0$memwr$\fifo_tag$../rtl/cache/l1d.sv:205$361_EN[3:0]$779 [0] $0$memwr$\fifo_tag$../rtl/cache/l1d.sv:205$361_EN[3:0]$779 [0] }
  Optimizing cells in module \l1d.
    Consolidated identical input bits for $mux cell $procmux$3916:
      Old ports: A=512'00000000000000000000000000000000000000000000000000000000000000000000000000000000000000000000000000000000000000000000000000000000000000000000000000000000000000000000000000000000000000000000000000000000000000000000000000000000000000000000000000000000000000000000000000000000000000000000000000000000000000000000000000000000000000000000000000000000000000000000000000000000000000000000000000000000000000000000000000000000000000000000000000000000000000000000000000000000000000000000000000000000000000000000000000000000, B=$2$memwr$\data_arr$../rtl/cache/l1d.sv:278$685_EN[511:0]$1617, Y=$0$memwr$\data_arr$../rtl/cache/l1d.sv:278$685_EN[511:0]$1213
      New ports: A=1'0, B=$procmux$2794_Y [0], Y=$0$memwr$\data_arr$../rtl/cache/l1d.sv:278$685_EN[511:0]$1213 [0]
      New connections: $0$memwr$\data_arr$../rtl/cache/l1d.sv:278$685_EN[511:0]$1213 [511:1] = { $0$memwr$\data_arr$../rtl/cache/l1d.sv:278$685_EN[511:0]$1213 [0] $0$memwr$\data_arr$../rtl/cache/l1d.sv:278$685_EN[511:0]$1213 [0] $0$memwr$\data_arr$../rtl/cache/l1d.sv:278$685_EN[511:0]$1213 [0] $0$memwr$\data_arr$../rtl/cache/l1d.sv:278$685_EN[511:0]$1213 [0] $0$memwr$\data_arr$../rtl/cache/l1d.sv:278$685_EN[511:0]$1213 [0] $0$memwr$\data_arr$../rtl/cache/l1d.sv:278$685_EN[511:0]$1213 [0] $0$memwr$\data_arr$../rtl/cache/l1d.sv:278$685_EN[511:0]$1213 [0] $0$memwr$\data_arr$../rtl/cache/l1d.sv:278$685_EN[511:0]$1213 [0] $0$memwr$\data_arr$../rtl/cache/l1d.sv:278$685_EN[511:0]$1213 [0] $0$memwr$\data_arr$../rtl/cache/l1d.sv:278$685_EN[511:0]$1213 [0] $0$memwr$\data_arr$../rtl/cache/l1d.sv:278$685_EN[511:0]$1213 [0] $0$memwr$\data_arr$../rtl/cache/l1d.sv:278$685_EN[511:0]$1213 [0] $0$memwr$\data_arr$../rtl/cache/l1d.sv:278$685_EN[511:0]$1213 [0] $0$memwr$\data_arr$../rtl/cache/l1d.sv:278$685_EN[511:0]$1213 [0] $0$memwr$\data_arr$../rtl/cache/l1d.sv:278$685_EN[511:0]$1213 [0] $0$memwr$\data_arr$../rtl/cache/l1d.sv:278$685_EN[511:0]$1213 [0] $0$memwr$\data_arr$../rtl/cache/l1d.sv:278$685_EN[511:0]$1213 [0] $0$memwr$\data_arr$../rtl/cache/l1d.sv:278$685_EN[511:0]$1213 [0] $0$memwr$\data_arr$../rtl/cache/l1d.sv:278$685_EN[511:0]$1213 [0] $0$memwr$\data_arr$../rtl/cache/l1d.sv:278$685_EN[511:0]$1213 [0] $0$memwr$\data_arr$../rtl/cache/l1d.sv:278$685_EN[511:0]$1213 [0] $0$memwr$\data_arr$../rtl/cache/l1d.sv:278$685_EN[511:0]$1213 [0] $0$memwr$\data_arr$../rtl/cache/l1d.sv:278$685_EN[511:0]$1213 [0] $0$memwr$\data_arr$../rtl/cache/l1d.sv:278$685_EN[511:0]$1213 [0] $0$memwr$\data_arr$../rtl/cache/l1d.sv:278$685_EN[511:0]$1213 [0] $0$memwr$\data_arr$../rtl/cache/l1d.sv:278$685_EN[511:0]$1213 [0] $0$memwr$\data_arr$../rtl/cache/l1d.sv:278$685_EN[511:0]$1213 [0] $0$memwr$\data_arr$../rtl/cache/l1d.sv:278$685_EN[511:0]$1213 [0] $0$memwr$\data_arr$../rtl/cache/l1d.sv:278$685_EN[511:0]$1213 [0] $0$memwr$\data_arr$../rtl/cache/l1d.sv:278$685_EN[511:0]$1213 [0] $0$memwr$\data_arr$../rtl/cache/l1d.sv:278$685_EN[511:0]$1213 [0] $0$memwr$\data_arr$../rtl/cache/l1d.sv:278$685_EN[511:0]$1213 [0] $0$memwr$\data_arr$../rtl/cache/l1d.sv:278$685_EN[511:0]$1213 [0] $0$memwr$\data_arr$../rtl/cache/l1d.sv:278$685_EN[511:0]$1213 [0] $0$memwr$\data_arr$../rtl/cache/l1d.sv:278$685_EN[511:0]$1213 [0] $0$memwr$\data_arr$../rtl/cache/l1d.sv:278$685_EN[511:0]$1213 [0] $0$memwr$\data_arr$../rtl/cache/l1d.sv:278$685_EN[511:0]$1213 [0] $0$memwr$\data_arr$../rtl/cache/l1d.sv:278$685_EN[511:0]$1213 [0] $0$memwr$\data_arr$../rtl/cache/l1d.sv:278$685_EN[511:0]$1213 [0] $0$memwr$\data_arr$../rtl/cache/l1d.sv:278$685_EN[511:0]$1213 [0] $0$memwr$\data_arr$../rtl/cache/l1d.sv:278$685_EN[511:0]$1213 [0] $0$memwr$\data_arr$../rtl/cache/l1d.sv:278$685_EN[511:0]$1213 [0] $0$memwr$\data_arr$../rtl/cache/l1d.sv:278$685_EN[511:0]$1213 [0] $0$memwr$\data_arr$../rtl/cache/l1d.sv:278$685_EN[511:0]$1213 [0] $0$memwr$\data_arr$../rtl/cache/l1d.sv:278$685_EN[511:0]$1213 [0] $0$memwr$\data_arr$../rtl/cache/l1d.sv:278$685_EN[511:0]$1213 [0] $0$memwr$\data_arr$../rtl/cache/l1d.sv:278$685_EN[511:0]$1213 [0] $0$memwr$\data_arr$../rtl/cache/l1d.sv:278$685_EN[511:0]$1213 [0] $0$memwr$\data_arr$../rtl/cache/l1d.sv:278$685_EN[511:0]$1213 [0] $0$memwr$\data_arr$../rtl/cache/l1d.sv:278$685_EN[511:0]$1213 [0] $0$memwr$\data_arr$../rtl/cache/l1d.sv:278$685_EN[511:0]$1213 [0] $0$memwr$\data_arr$../rtl/cache/l1d.sv:278$685_EN[511:0]$1213 [0] $0$memwr$\data_arr$../rtl/cache/l1d.sv:278$685_EN[511:0]$1213 [0] $0$memwr$\data_arr$../rtl/cache/l1d.sv:278$685_EN[511:0]$1213 [0] $0$memwr$\data_arr$../rtl/cache/l1d.sv:278$685_EN[511:0]$1213 [0] $0$memwr$\data_arr$../rtl/cache/l1d.sv:278$685_EN[511:0]$1213 [0] $0$memwr$\data_arr$../rtl/cache/l1d.sv:278$685_EN[511:0]$1213 [0] $0$memwr$\data_arr$../rtl/cache/l1d.sv:278$685_EN[511:0]$1213 [0] $0$memwr$\data_arr$../rtl/cache/l1d.sv:278$685_EN[511:0]$1213 [0] $0$memwr$\data_arr$../rtl/cache/l1d.sv:278$685_EN[511:0]$1213 [0] $0$memwr$\data_arr$../rtl/cache/l1d.sv:278$685_EN[511:0]$1213 [0] $0$memwr$\data_arr$../rtl/cache/l1d.sv:278$685_EN[511:0]$1213 [0] $0$memwr$\data_arr$../rtl/cache/l1d.sv:278$685_EN[511:0]$1213 [0] $0$memwr$\data_arr$../rtl/cache/l1d.sv:278$685_EN[511:0]$1213 [0] $0$memwr$\data_arr$../rtl/cache/l1d.sv:278$685_EN[511:0]$1213 [0] $0$memwr$\data_arr$../rtl/cache/l1d.sv:278$685_EN[511:0]$1213 [0] $0$memwr$\data_arr$../rtl/cache/l1d.sv:278$685_EN[511:0]$1213 [0] $0$memwr$\data_arr$../rtl/cache/l1d.sv:278$685_EN[511:0]$1213 [0] $0$memwr$\data_arr$../rtl/cache/l1d.sv:278$685_EN[511:0]$1213 [0] $0$memwr$\data_arr$../rtl/cache/l1d.sv:278$685_EN[511:0]$1213 [0] $0$memwr$\data_arr$../rtl/cache/l1d.sv:278$685_EN[511:0]$1213 [0] $0$memwr$\data_arr$../rtl/cache/l1d.sv:278$685_EN[511:0]$1213 [0] $0$memwr$\data_arr$../rtl/cache/l1d.sv:278$685_EN[511:0]$1213 [0] $0$memwr$\data_arr$../rtl/cache/l1d.sv:278$685_EN[511:0]$1213 [0] $0$memwr$\data_arr$../rtl/cache/l1d.sv:278$685_EN[511:0]$1213 [0] $0$memwr$\data_arr$../rtl/cache/l1d.sv:278$685_EN[511:0]$1213 [0] $0$memwr$\data_arr$../rtl/cache/l1d.sv:278$685_EN[511:0]$1213 [0] $0$memwr$\data_arr$../rtl/cache/l1d.sv:278$685_EN[511:0]$1213 [0] $0$memwr$\data_arr$../rtl/cache/l1d.sv:278$685_EN[511:0]$1213 [0] $0$memwr$\data_arr$../rtl/cache/l1d.sv:278$685_EN[511:0]$1213 [0] $0$memwr$\data_arr$../rtl/cache/l1d.sv:278$685_EN[511:0]$1213 [0] $0$memwr$\data_arr$../rtl/cache/l1d.sv:278$685_EN[511:0]$1213 [0] $0$memwr$\data_arr$../rtl/cache/l1d.sv:278$685_EN[511:0]$1213 [0] $0$memwr$\data_arr$../rtl/cache/l1d.sv:278$685_EN[511:0]$1213 [0] $0$memwr$\data_arr$../rtl/cache/l1d.sv:278$685_EN[511:0]$1213 [0] $0$memwr$\data_arr$../rtl/cache/l1d.sv:278$685_EN[511:0]$1213 [0] $0$memwr$\data_arr$../rtl/cache/l1d.sv:278$685_EN[511:0]$1213 [0] $0$memwr$\data_arr$../rtl/cache/l1d.sv:278$685_EN[511:0]$1213 [0] $0$memwr$\data_arr$../rtl/cache/l1d.sv:278$685_EN[511:0]$1213 [0] $0$memwr$\data_arr$../rtl/cache/l1d.sv:278$685_EN[511:0]$1213 [0] $0$memwr$\data_arr$../rtl/cache/l1d.sv:278$685_EN[511:0]$1213 [0] $0$memwr$\data_arr$../rtl/cache/l1d.sv:278$685_EN[511:0]$1213 [0] $0$memwr$\data_arr$../rtl/cache/l1d.sv:278$685_EN[511:0]$1213 [0] $0$memwr$\data_arr$../rtl/cache/l1d.sv:278$685_EN[511:0]$1213 [0] $0$memwr$\data_arr$../rtl/cache/l1d.sv:278$685_EN[511:0]$1213 [0] $0$memwr$\data_arr$../rtl/cache/l1d.sv:278$685_EN[511:0]$1213 [0] $0$memwr$\data_arr$../rtl/cache/l1d.sv:278$685_EN[511:0]$1213 [0] $0$memwr$\data_arr$../rtl/cache/l1d.sv:278$685_EN[511:0]$1213 [0] $0$memwr$\data_arr$../rtl/cache/l1d.sv:278$685_EN[511:0]$1213 [0] $0$memwr$\data_arr$../rtl/cache/l1d.sv:278$685_EN[511:0]$1213 [0] $0$memwr$\data_arr$../rtl/cache/l1d.sv:278$685_EN[511:0]$1213 [0] $0$memwr$\data_arr$../rtl/cache/l1d.sv:278$685_EN[511:0]$1213 [0] $0$memwr$\data_arr$../rtl/cache/l1d.sv:278$685_EN[511:0]$1213 [0] $0$memwr$\data_arr$../rtl/cache/l1d.sv:278$685_EN[511:0]$1213 [0] $0$memwr$\data_arr$../rtl/cache/l1d.sv:278$685_EN[511:0]$1213 [0] $0$memwr$\data_arr$../rtl/cache/l1d.sv:278$685_EN[511:0]$1213 [0] $0$memwr$\data_arr$../rtl/cache/l1d.sv:278$685_EN[511:0]$1213 [0] $0$memwr$\data_arr$../rtl/cache/l1d.sv:278$685_EN[511:0]$1213 [0] $0$memwr$\data_arr$../rtl/cache/l1d.sv:278$685_EN[511:0]$1213 [0] $0$memwr$\data_arr$../rtl/cache/l1d.sv:278$685_EN[511:0]$1213 [0] $0$memwr$\data_arr$../rtl/cache/l1d.sv:278$685_EN[511:0]$1213 [0] $0$memwr$\data_arr$../rtl/cache/l1d.sv:278$685_EN[511:0]$1213 [0] $0$memwr$\data_arr$../rtl/cache/l1d.sv:278$685_EN[511:0]$1213 [0] $0$memwr$\data_arr$../rtl/cache/l1d.sv:278$685_EN[511:0]$1213 [0] $0$memwr$\data_arr$../rtl/cache/l1d.sv:278$685_EN[511:0]$1213 [0] $0$memwr$\data_arr$../rtl/cache/l1d.sv:278$685_EN[511:0]$1213 [0] $0$memwr$\data_arr$../rtl/cache/l1d.sv:278$685_EN[511:0]$1213 [0] $0$memwr$\data_arr$../rtl/cache/l1d.sv:278$685_EN[511:0]$1213 [0] $0$memwr$\data_arr$../rtl/cache/l1d.sv:278$685_EN[511:0]$1213 [0] $0$memwr$\data_arr$../rtl/cache/l1d.sv:278$685_EN[511:0]$1213 [0] $0$memwr$\data_arr$../rtl/cache/l1d.sv:278$685_EN[511:0]$1213 [0] $0$memwr$\data_arr$../rtl/cache/l1d.sv:278$685_EN[511:0]$1213 [0] $0$memwr$\data_arr$../rtl/cache/l1d.sv:278$685_EN[511:0]$1213 [0] $0$memwr$\data_arr$../rtl/cache/l1d.sv:278$685_EN[511:0]$1213 [0] $0$memwr$\data_arr$../rtl/cache/l1d.sv:278$685_EN[511:0]$1213 [0] $0$memwr$\data_arr$../rtl/cache/l1d.sv:278$685_EN[511:0]$1213 [0] $0$memwr$\data_arr$../rtl/cache/l1d.sv:278$685_EN[511:0]$1213 [0] $0$memwr$\data_arr$../rtl/cache/l1d.sv:278$685_EN[511:0]$1213 [0] $0$memwr$\data_arr$../rtl/cache/l1d.sv:278$685_EN[511:0]$1213 [0] $0$memwr$\data_arr$../rtl/cache/l1d.sv:278$685_EN[511:0]$1213 [0] $0$memwr$\data_arr$../rtl/cache/l1d.sv:278$685_EN[511:0]$1213 [0] $0$memwr$\data_arr$../rtl/cache/l1d.sv:278$685_EN[511:0]$1213 [0] $0$memwr$\data_arr$../rtl/cache/l1d.sv:278$685_EN[511:0]$1213 [0] $0$memwr$\data_arr$../rtl/cache/l1d.sv:278$685_EN[511:0]$1213 [0] $0$memwr$\data_arr$../rtl/cache/l1d.sv:278$685_EN[511:0]$1213 [0] $0$memwr$\data_arr$../rtl/cache/l1d.sv:278$685_EN[511:0]$1213 [0] $0$memwr$\data_arr$../rtl/cache/l1d.sv:278$685_EN[511:0]$1213 [0] $0$memwr$\data_arr$../rtl/cache/l1d.sv:278$685_EN[511:0]$1213 [0] $0$memwr$\data_arr$../rtl/cache/l1d.sv:278$685_EN[511:0]$1213 [0] $0$memwr$\data_arr$../rtl/cache/l1d.sv:278$685_EN[511:0]$1213 [0] $0$memwr$\data_arr$../rtl/cache/l1d.sv:278$685_EN[511:0]$1213 [0] $0$memwr$\data_arr$../rtl/cache/l1d.sv:278$685_EN[511:0]$1213 [0] $0$memwr$\data_arr$../rtl/cache/l1d.sv:278$685_EN[511:0]$1213 [0] $0$memwr$\data_arr$../rtl/cache/l1d.sv:278$685_EN[511:0]$1213 [0] $0$memwr$\data_arr$../rtl/cache/l1d.sv:278$685_EN[511:0]$1213 [0] $0$memwr$\data_arr$../rtl/cache/l1d.sv:278$685_EN[511:0]$1213 [0] $0$memwr$\data_arr$../rtl/cache/l1d.sv:278$685_EN[511:0]$1213 [0] $0$memwr$\data_arr$../rtl/cache/l1d.sv:278$685_EN[511:0]$1213 [0] $0$memwr$\data_arr$../rtl/cache/l1d.sv:278$685_EN[511:0]$1213 [0] $0$memwr$\data_arr$../rtl/cache/l1d.sv:278$685_EN[511:0]$1213 [0] $0$memwr$\data_arr$../rtl/cache/l1d.sv:278$685_EN[511:0]$1213 [0] $0$memwr$\data_arr$../rtl/cache/l1d.sv:278$685_EN[511:0]$1213 [0] $0$memwr$\data_arr$../rtl/cache/l1d.sv:278$685_EN[511:0]$1213 [0] $0$memwr$\data_arr$../rtl/cache/l1d.sv:278$685_EN[511:0]$1213 [0] $0$memwr$\data_arr$../rtl/cache/l1d.sv:278$685_EN[511:0]$1213 [0] $0$memwr$\data_arr$../rtl/cache/l1d.sv:278$685_EN[511:0]$1213 [0] $0$memwr$\data_arr$../rtl/cache/l1d.sv:278$685_EN[511:0]$1213 [0] $0$memwr$\data_arr$../rtl/cache/l1d.sv:278$685_EN[511:0]$1213 [0] $0$memwr$\data_arr$../rtl/cache/l1d.sv:278$685_EN[511:0]$1213 [0] $0$memwr$\data_arr$../rtl/cache/l1d.sv:278$685_EN[511:0]$1213 [0] $0$memwr$\data_arr$../rtl/cache/l1d.sv:278$685_EN[511:0]$1213 [0] $0$memwr$\data_arr$../rtl/cache/l1d.sv:278$685_EN[511:0]$1213 [0] $0$memwr$\data_arr$../rtl/cache/l1d.sv:278$685_EN[511:0]$1213 [0] $0$memwr$\data_arr$../rtl/cache/l1d.sv:278$685_EN[511:0]$1213 [0] $0$memwr$\data_arr$../rtl/cache/l1d.sv:278$685_EN[511:0]$1213 [0] $0$memwr$\data_arr$../rtl/cache/l1d.sv:278$685_EN[511:0]$1213 [0] $0$memwr$\data_arr$../rtl/cache/l1d.sv:278$685_EN[511:0]$1213 [0] $0$memwr$\data_arr$../rtl/cache/l1d.sv:278$685_EN[511:0]$1213 [0] $0$memwr$\data_arr$../rtl/cache/l1d.sv:278$685_EN[511:0]$1213 [0] $0$memwr$\data_arr$../rtl/cache/l1d.sv:278$685_EN[511:0]$1213 [0] $0$memwr$\data_arr$../rtl/cache/l1d.sv:278$685_EN[511:0]$1213 [0] $0$memwr$\data_arr$../rtl/cache/l1d.sv:278$685_EN[511:0]$1213 [0] $0$memwr$\data_arr$../rtl/cache/l1d.sv:278$685_EN[511:0]$1213 [0] $0$memwr$\data_arr$../rtl/cache/l1d.sv:278$685_EN[511:0]$1213 [0] $0$memwr$\data_arr$../rtl/cache/l1d.sv:278$685_EN[511:0]$1213 [0] $0$memwr$\data_arr$../rtl/cache/l1d.sv:278$685_EN[511:0]$1213 [0] $0$memwr$\data_arr$../rtl/cache/l1d.sv:278$685_EN[511:0]$1213 [0] $0$memwr$\data_arr$../rtl/cache/l1d.sv:278$685_EN[511:0]$1213 [0] $0$memwr$\data_arr$../rtl/cache/l1d.sv:278$685_EN[511:0]$1213 [0] $0$memwr$\data_arr$../rtl/cache/l1d.sv:278$685_EN[511:0]$1213 [0] $0$memwr$\data_arr$../rtl/cache/l1d.sv:278$685_EN[511:0]$1213 [0] $0$memwr$\data_arr$../rtl/cache/l1d.sv:278$685_EN[511:0]$1213 [0] $0$memwr$\data_arr$../rtl/cache/l1d.sv:278$685_EN[511:0]$1213 [0] $0$memwr$\data_arr$../rtl/cache/l1d.sv:278$685_EN[511:0]$1213 [0] $0$memwr$\data_arr$../rtl/cache/l1d.sv:278$685_EN[511:0]$1213 [0] $0$memwr$\data_arr$../rtl/cache/l1d.sv:278$685_EN[511:0]$1213 [0] $0$memwr$\data_arr$../rtl/cache/l1d.sv:278$685_EN[511:0]$1213 [0] $0$memwr$\data_arr$../rtl/cache/l1d.sv:278$685_EN[511:0]$1213 [0] $0$memwr$\data_arr$../rtl/cache/l1d.sv:278$685_EN[511:0]$1213 [0] $0$memwr$\data_arr$../rtl/cache/l1d.sv:278$685_EN[511:0]$1213 [0] $0$memwr$\data_arr$../rtl/cache/l1d.sv:278$685_EN[511:0]$1213 [0] $0$memwr$\data_arr$../rtl/cache/l1d.sv:278$685_EN[511:0]$1213 [0] $0$memwr$\data_arr$../rtl/cache/l1d.sv:278$685_EN[511:0]$1213 [0] $0$memwr$\data_arr$../rtl/cache/l1d.sv:278$685_EN[511:0]$1213 [0] $0$memwr$\data_arr$../rtl/cache/l1d.sv:278$685_EN[511:0]$1213 [0] $0$memwr$\data_arr$../rtl/cache/l1d.sv:278$685_EN[511:0]$1213 [0] $0$memwr$\data_arr$../rtl/cache/l1d.sv:278$685_EN[511:0]$1213 [0] $0$memwr$\data_arr$../rtl/cache/l1d.sv:278$685_EN[511:0]$1213 [0] $0$memwr$\data_arr$../rtl/cache/l1d.sv:278$685_EN[511:0]$1213 [0] $0$memwr$\data_arr$../rtl/cache/l1d.sv:278$685_EN[511:0]$1213 [0] $0$memwr$\data_arr$../rtl/cache/l1d.sv:278$685_EN[511:0]$1213 [0] $0$memwr$\data_arr$../rtl/cache/l1d.sv:278$685_EN[511:0]$1213 [0] $0$memwr$\data_arr$../rtl/cache/l1d.sv:278$685_EN[511:0]$1213 [0] $0$memwr$\data_arr$../rtl/cache/l1d.sv:278$685_EN[511:0]$1213 [0] $0$memwr$\data_arr$../rtl/cache/l1d.sv:278$685_EN[511:0]$1213 [0] $0$memwr$\data_arr$../rtl/cache/l1d.sv:278$685_EN[511:0]$1213 [0] $0$memwr$\data_arr$../rtl/cache/l1d.sv:278$685_EN[511:0]$1213 [0] $0$memwr$\data_arr$../rtl/cache/l1d.sv:278$685_EN[511:0]$1213 [0] $0$memwr$\data_arr$../rtl/cache/l1d.sv:278$685_EN[511:0]$1213 [0] $0$memwr$\data_arr$../rtl/cache/l1d.sv:278$685_EN[511:0]$1213 [0] $0$memwr$\data_arr$../rtl/cache/l1d.sv:278$685_EN[511:0]$1213 [0] $0$memwr$\data_arr$../rtl/cache/l1d.sv:278$685_EN[511:0]$1213 [0] $0$memwr$\data_arr$../rtl/cache/l1d.sv:278$685_EN[511:0]$1213 [0] $0$memwr$\data_arr$../rtl/cache/l1d.sv:278$685_EN[511:0]$1213 [0] $0$memwr$\data_arr$../rtl/cache/l1d.sv:278$685_EN[511:0]$1213 [0] $0$memwr$\data_arr$../rtl/cache/l1d.sv:278$685_EN[511:0]$1213 [0] $0$memwr$\data_arr$../rtl/cache/l1d.sv:278$685_EN[511:0]$1213 [0] $0$memwr$\data_arr$../rtl/cache/l1d.sv:278$685_EN[511:0]$1213 [0] $0$memwr$\data_arr$../rtl/cache/l1d.sv:278$685_EN[511:0]$1213 [0] $0$memwr$\data_arr$../rtl/cache/l1d.sv:278$685_EN[511:0]$1213 [0] $0$memwr$\data_arr$../rtl/cache/l1d.sv:278$685_EN[511:0]$1213 [0] $0$memwr$\data_arr$../rtl/cache/l1d.sv:278$685_EN[511:0]$1213 [0] $0$memwr$\data_arr$../rtl/cache/l1d.sv:278$685_EN[511:0]$1213 [0] $0$memwr$\data_arr$../rtl/cache/l1d.sv:278$685_EN[511:0]$1213 [0] $0$memwr$\data_arr$../rtl/cache/l1d.sv:278$685_EN[511:0]$1213 [0] $0$memwr$\data_arr$../rtl/cache/l1d.sv:278$685_EN[511:0]$1213 [0] $0$memwr$\data_arr$../rtl/cache/l1d.sv:278$685_EN[511:0]$1213 [0] $0$memwr$\data_arr$../rtl/cache/l1d.sv:278$685_EN[511:0]$1213 [0] $0$memwr$\data_arr$../rtl/cache/l1d.sv:278$685_EN[511:0]$1213 [0] $0$memwr$\data_arr$../rtl/cache/l1d.sv:278$685_EN[511:0]$1213 [0] $0$memwr$\data_arr$../rtl/cache/l1d.sv:278$685_EN[511:0]$1213 [0] $0$memwr$\data_arr$../rtl/cache/l1d.sv:278$685_EN[511:0]$1213 [0] $0$memwr$\data_arr$../rtl/cache/l1d.sv:278$685_EN[511:0]$1213 [0] $0$memwr$\data_arr$../rtl/cache/l1d.sv:278$685_EN[511:0]$1213 [0] $0$memwr$\data_arr$../rtl/cache/l1d.sv:278$685_EN[511:0]$1213 [0] $0$memwr$\data_arr$../rtl/cache/l1d.sv:278$685_EN[511:0]$1213 [0] $0$memwr$\data_arr$../rtl/cache/l1d.sv:278$685_EN[511:0]$1213 [0] $0$memwr$\data_arr$../rtl/cache/l1d.sv:278$685_EN[511:0]$1213 [0] $0$memwr$\data_arr$../rtl/cache/l1d.sv:278$685_EN[511:0]$1213 [0] $0$memwr$\data_arr$../rtl/cache/l1d.sv:278$685_EN[511:0]$1213 [0] $0$memwr$\data_arr$../rtl/cache/l1d.sv:278$685_EN[511:0]$1213 [0] $0$memwr$\data_arr$../rtl/cache/l1d.sv:278$685_EN[511:0]$1213 [0] $0$memwr$\data_arr$../rtl/cache/l1d.sv:278$685_EN[511:0]$1213 [0] $0$memwr$\data_arr$../rtl/cache/l1d.sv:278$685_EN[511:0]$1213 [0] $0$memwr$\data_arr$../rtl/cache/l1d.sv:278$685_EN[511:0]$1213 [0] $0$memwr$\data_arr$../rtl/cache/l1d.sv:278$685_EN[511:0]$1213 [0] $0$memwr$\data_arr$../rtl/cache/l1d.sv:278$685_EN[511:0]$1213 [0] $0$memwr$\data_arr$../rtl/cache/l1d.sv:278$685_EN[511:0]$1213 [0] $0$memwr$\data_arr$../rtl/cache/l1d.sv:278$685_EN[511:0]$1213 [0] $0$memwr$\data_arr$../rtl/cache/l1d.sv:278$685_EN[511:0]$1213 [0] $0$memwr$\data_arr$../rtl/cache/l1d.sv:278$685_EN[511:0]$1213 [0] $0$memwr$\data_arr$../rtl/cache/l1d.sv:278$685_EN[511:0]$1213 [0] $0$memwr$\data_arr$../rtl/cache/l1d.sv:278$685_EN[511:0]$1213 [0] $0$memwr$\data_arr$../rtl/cache/l1d.sv:278$685_EN[511:0]$1213 [0] $0$memwr$\data_arr$../rtl/cache/l1d.sv:278$685_EN[511:0]$1213 [0] $0$memwr$\data_arr$../rtl/cache/l1d.sv:278$685_EN[511:0]$1213 [0] $0$memwr$\data_arr$../rtl/cache/l1d.sv:278$685_EN[511:0]$1213 [0] $0$memwr$\data_arr$../rtl/cache/l1d.sv:278$685_EN[511:0]$1213 [0] $0$memwr$\data_arr$../rtl/cache/l1d.sv:278$685_EN[511:0]$1213 [0] $0$memwr$\data_arr$../rtl/cache/l1d.sv:278$685_EN[511:0]$1213 [0] $0$memwr$\data_arr$../rtl/cache/l1d.sv:278$685_EN[511:0]$1213 [0] $0$memwr$\data_arr$../rtl/cache/l1d.sv:278$685_EN[511:0]$1213 [0] $0$memwr$\data_arr$../rtl/cache/l1d.sv:278$685_EN[511:0]$1213 [0] $0$memwr$\data_arr$../rtl/cache/l1d.sv:278$685_EN[511:0]$1213 [0] $0$memwr$\data_arr$../rtl/cache/l1d.sv:278$685_EN[511:0]$1213 [0] $0$memwr$\data_arr$../rtl/cache/l1d.sv:278$685_EN[511:0]$1213 [0] $0$memwr$\data_arr$../rtl/cache/l1d.sv:278$685_EN[511:0]$1213 [0] $0$memwr$\data_arr$../rtl/cache/l1d.sv:278$685_EN[511:0]$1213 [0] $0$memwr$\data_arr$../rtl/cache/l1d.sv:278$685_EN[511:0]$1213 [0] $0$memwr$\data_arr$../rtl/cache/l1d.sv:278$685_EN[511:0]$1213 [0] $0$memwr$\data_arr$../rtl/cache/l1d.sv:278$685_EN[511:0]$1213 [0] $0$memwr$\data_arr$../rtl/cache/l1d.sv:278$685_EN[511:0]$1213 [0] $0$memwr$\data_arr$../rtl/cache/l1d.sv:278$685_EN[511:0]$1213 [0] $0$memwr$\data_arr$../rtl/cache/l1d.sv:278$685_EN[511:0]$1213 [0] $0$memwr$\data_arr$../rtl/cache/l1d.sv:278$685_EN[511:0]$1213 [0] $0$memwr$\data_arr$../rtl/cache/l1d.sv:278$685_EN[511:0]$1213 [0] $0$memwr$\data_arr$../rtl/cache/l1d.sv:278$685_EN[511:0]$1213 [0] $0$memwr$\data_arr$../rtl/cache/l1d.sv:278$685_EN[511:0]$1213 [0] $0$memwr$\data_arr$../rtl/cache/l1d.sv:278$685_EN[511:0]$1213 [0] $0$memwr$\data_arr$../rtl/cache/l1d.sv:278$685_EN[511:0]$1213 [0] $0$memwr$\data_arr$../rtl/cache/l1d.sv:278$685_EN[511:0]$1213 [0] $0$memwr$\data_arr$../rtl/cache/l1d.sv:278$685_EN[511:0]$1213 [0] $0$memwr$\data_arr$../rtl/cache/l1d.sv:278$685_EN[511:0]$1213 [0] $0$memwr$\data_arr$../rtl/cache/l1d.sv:278$685_EN[511:0]$1213 [0] $0$memwr$\data_arr$../rtl/cache/l1d.sv:278$685_EN[511:0]$1213 [0] $0$memwr$\data_arr$../rtl/cache/l1d.sv:278$685_EN[511:0]$1213 [0] $0$memwr$\data_arr$../rtl/cache/l1d.sv:278$685_EN[511:0]$1213 [0] $0$memwr$\data_arr$../rtl/cache/l1d.sv:278$685_EN[511:0]$1213 [0] $0$memwr$\data_arr$../rtl/cache/l1d.sv:278$685_EN[511:0]$1213 [0] $0$memwr$\data_arr$../rtl/cache/l1d.sv:278$685_EN[511:0]$1213 [0] $0$memwr$\data_arr$../rtl/cache/l1d.sv:278$685_EN[511:0]$1213 [0] $0$memwr$\data_arr$../rtl/cache/l1d.sv:278$685_EN[511:0]$1213 [0] $0$memwr$\data_arr$../rtl/cache/l1d.sv:278$685_EN[511:0]$1213 [0] $0$memwr$\data_arr$../rtl/cache/l1d.sv:278$685_EN[511:0]$1213 [0] $0$memwr$\data_arr$../rtl/cache/l1d.sv:278$685_EN[511:0]$1213 [0] $0$memwr$\data_arr$../rtl/cache/l1d.sv:278$685_EN[511:0]$1213 [0] $0$memwr$\data_arr$../rtl/cache/l1d.sv:278$685_EN[511:0]$1213 [0] $0$memwr$\data_arr$../rtl/cache/l1d.sv:278$685_EN[511:0]$1213 [0] $0$memwr$\data_arr$../rtl/cache/l1d.sv:278$685_EN[511:0]$1213 [0] $0$memwr$\data_arr$../rtl/cache/l1d.sv:278$685_EN[511:0]$1213 [0] $0$memwr$\data_arr$../rtl/cache/l1d.sv:278$685_EN[511:0]$1213 [0] $0$memwr$\data_arr$../rtl/cache/l1d.sv:278$685_EN[511:0]$1213 [0] $0$memwr$\data_arr$../rtl/cache/l1d.sv:278$685_EN[511:0]$1213 [0] $0$memwr$\data_arr$../rtl/cache/l1d.sv:278$685_EN[511:0]$1213 [0] $0$memwr$\data_arr$../rtl/cache/l1d.sv:278$685_EN[511:0]$1213 [0] $0$memwr$\data_arr$../rtl/cache/l1d.sv:278$685_EN[511:0]$1213 [0] $0$memwr$\data_arr$../rtl/cache/l1d.sv:278$685_EN[511:0]$1213 [0] $0$memwr$\data_arr$../rtl/cache/l1d.sv:278$685_EN[511:0]$1213 [0] $0$memwr$\data_arr$../rtl/cache/l1d.sv:278$685_EN[511:0]$1213 [0] $0$memwr$\data_arr$../rtl/cache/l1d.sv:278$685_EN[511:0]$1213 [0] $0$memwr$\data_arr$../rtl/cache/l1d.sv:278$685_EN[511:0]$1213 [0] $0$memwr$\data_arr$../rtl/cache/l1d.sv:278$685_EN[511:0]$1213 [0] $0$memwr$\data_arr$../rtl/cache/l1d.sv:278$685_EN[511:0]$1213 [0] $0$memwr$\data_arr$../rtl/cache/l1d.sv:278$685_EN[511:0]$1213 [0] $0$memwr$\data_arr$../rtl/cache/l1d.sv:278$685_EN[511:0]$1213 [0] $0$memwr$\data_arr$../rtl/cache/l1d.sv:278$685_EN[511:0]$1213 [0] $0$memwr$\data_arr$../rtl/cache/l1d.sv:278$685_EN[511:0]$1213 [0] $0$memwr$\data_arr$../rtl/cache/l1d.sv:278$685_EN[511:0]$1213 [0] $0$memwr$\data_arr$../rtl/cache/l1d.sv:278$685_EN[511:0]$1213 [0] $0$memwr$\data_arr$../rtl/cache/l1d.sv:278$685_EN[511:0]$1213 [0] $0$memwr$\data_arr$../rtl/cache/l1d.sv:278$685_EN[511:0]$1213 [0] $0$memwr$\data_arr$../rtl/cache/l1d.sv:278$685_EN[511:0]$1213 [0] $0$memwr$\data_arr$../rtl/cache/l1d.sv:278$685_EN[511:0]$1213 [0] $0$memwr$\data_arr$../rtl/cache/l1d.sv:278$685_EN[511:0]$1213 [0] $0$memwr$\data_arr$../rtl/cache/l1d.sv:278$685_EN[511:0]$1213 [0] $0$memwr$\data_arr$../rtl/cache/l1d.sv:278$685_EN[511:0]$1213 [0] $0$memwr$\data_arr$../rtl/cache/l1d.sv:278$685_EN[511:0]$1213 [0] $0$memwr$\data_arr$../rtl/cache/l1d.sv:278$685_EN[511:0]$1213 [0] $0$memwr$\data_arr$../rtl/cache/l1d.sv:278$685_EN[511:0]$1213 [0] $0$memwr$\data_arr$../rtl/cache/l1d.sv:278$685_EN[511:0]$1213 [0] $0$memwr$\data_arr$../rtl/cache/l1d.sv:278$685_EN[511:0]$1213 [0] $0$memwr$\data_arr$../rtl/cache/l1d.sv:278$685_EN[511:0]$1213 [0] $0$memwr$\data_arr$../rtl/cache/l1d.sv:278$685_EN[511:0]$1213 [0] $0$memwr$\data_arr$../rtl/cache/l1d.sv:278$685_EN[511:0]$1213 [0] $0$memwr$\data_arr$../rtl/cache/l1d.sv:278$685_EN[511:0]$1213 [0] $0$memwr$\data_arr$../rtl/cache/l1d.sv:278$685_EN[511:0]$1213 [0] $0$memwr$\data_arr$../rtl/cache/l1d.sv:278$685_EN[511:0]$1213 [0] $0$memwr$\data_arr$../rtl/cache/l1d.sv:278$685_EN[511:0]$1213 [0] $0$memwr$\data_arr$../rtl/cache/l1d.sv:278$685_EN[511:0]$1213 [0] $0$memwr$\data_arr$../rtl/cache/l1d.sv:278$685_EN[511:0]$1213 [0] $0$memwr$\data_arr$../rtl/cache/l1d.sv:278$685_EN[511:0]$1213 [0] $0$memwr$\data_arr$../rtl/cache/l1d.sv:278$685_EN[511:0]$1213 [0] $0$memwr$\data_arr$../rtl/cache/l1d.sv:278$685_EN[511:0]$1213 [0] $0$memwr$\data_arr$../rtl/cache/l1d.sv:278$685_EN[511:0]$1213 [0] $0$memwr$\data_arr$../rtl/cache/l1d.sv:278$685_EN[511:0]$1213 [0] $0$memwr$\data_arr$../rtl/cache/l1d.sv:278$685_EN[511:0]$1213 [0] $0$memwr$\data_arr$../rtl/cache/l1d.sv:278$685_EN[511:0]$1213 [0] $0$memwr$\data_arr$../rtl/cache/l1d.sv:278$685_EN[511:0]$1213 [0] $0$memwr$\data_arr$../rtl/cache/l1d.sv:278$685_EN[511:0]$1213 [0] $0$memwr$\data_arr$../rtl/cache/l1d.sv:278$685_EN[511:0]$1213 [0] $0$memwr$\data_arr$../rtl/cache/l1d.sv:278$685_EN[511:0]$1213 [0] $0$memwr$\data_arr$../rtl/cache/l1d.sv:278$685_EN[511:0]$1213 [0] $0$memwr$\data_arr$../rtl/cache/l1d.sv:278$685_EN[511:0]$1213 [0] $0$memwr$\data_arr$../rtl/cache/l1d.sv:278$685_EN[511:0]$1213 [0] $0$memwr$\data_arr$../rtl/cache/l1d.sv:278$685_EN[511:0]$1213 [0] $0$memwr$\data_arr$../rtl/cache/l1d.sv:278$685_EN[511:0]$1213 [0] $0$memwr$\data_arr$../rtl/cache/l1d.sv:278$685_EN[511:0]$1213 [0] $0$memwr$\data_arr$../rtl/cache/l1d.sv:278$685_EN[511:0]$1213 [0] $0$memwr$\data_arr$../rtl/cache/l1d.sv:278$685_EN[511:0]$1213 [0] $0$memwr$\data_arr$../rtl/cache/l1d.sv:278$685_EN[511:0]$1213 [0] $0$memwr$\data_arr$../rtl/cache/l1d.sv:278$685_EN[511:0]$1213 [0] $0$memwr$\data_arr$../rtl/cache/l1d.sv:278$685_EN[511:0]$1213 [0] $0$memwr$\data_arr$../rtl/cache/l1d.sv:278$685_EN[511:0]$1213 [0] $0$memwr$\data_arr$../rtl/cache/l1d.sv:278$685_EN[511:0]$1213 [0] $0$memwr$\data_arr$../rtl/cache/l1d.sv:278$685_EN[511:0]$1213 [0] $0$memwr$\data_arr$../rtl/cache/l1d.sv:278$685_EN[511:0]$1213 [0] $0$memwr$\data_arr$../rtl/cache/l1d.sv:278$685_EN[511:0]$1213 [0] $0$memwr$\data_arr$../rtl/cache/l1d.sv:278$685_EN[511:0]$1213 [0] $0$memwr$\data_arr$../rtl/cache/l1d.sv:278$685_EN[511:0]$1213 [0] $0$memwr$\data_arr$../rtl/cache/l1d.sv:278$685_EN[511:0]$1213 [0] $0$memwr$\data_arr$../rtl/cache/l1d.sv:278$685_EN[511:0]$1213 [0] $0$memwr$\data_arr$../rtl/cache/l1d.sv:278$685_EN[511:0]$1213 [0] $0$memwr$\data_arr$../rtl/cache/l1d.sv:278$685_EN[511:0]$1213 [0] $0$memwr$\data_arr$../rtl/cache/l1d.sv:278$685_EN[511:0]$1213 [0] $0$memwr$\data_arr$../rtl/cache/l1d.sv:278$685_EN[511:0]$1213 [0] $0$memwr$\data_arr$../rtl/cache/l1d.sv:278$685_EN[511:0]$1213 [0] $0$memwr$\data_arr$../rtl/cache/l1d.sv:278$685_EN[511:0]$1213 [0] $0$memwr$\data_arr$../rtl/cache/l1d.sv:278$685_EN[511:0]$1213 [0] $0$memwr$\data_arr$../rtl/cache/l1d.sv:278$685_EN[511:0]$1213 [0] $0$memwr$\data_arr$../rtl/cache/l1d.sv:278$685_EN[511:0]$1213 [0] $0$memwr$\data_arr$../rtl/cache/l1d.sv:278$685_EN[511:0]$1213 [0] $0$memwr$\data_arr$../rtl/cache/l1d.sv:278$685_EN[511:0]$1213 [0] $0$memwr$\data_arr$../rtl/cache/l1d.sv:278$685_EN[511:0]$1213 [0] $0$memwr$\data_arr$../rtl/cache/l1d.sv:278$685_EN[511:0]$1213 [0] $0$memwr$\data_arr$../rtl/cache/l1d.sv:278$685_EN[511:0]$1213 [0] $0$memwr$\data_arr$../rtl/cache/l1d.sv:278$685_EN[511:0]$1213 [0] $0$memwr$\data_arr$../rtl/cache/l1d.sv:278$685_EN[511:0]$1213 [0] $0$memwr$\data_arr$../rtl/cache/l1d.sv:278$685_EN[511:0]$1213 [0] $0$memwr$\data_arr$../rtl/cache/l1d.sv:278$685_EN[511:0]$1213 [0] $0$memwr$\data_arr$../rtl/cache/l1d.sv:278$685_EN[511:0]$1213 [0] $0$memwr$\data_arr$../rtl/cache/l1d.sv:278$685_EN[511:0]$1213 [0] $0$memwr$\data_arr$../rtl/cache/l1d.sv:278$685_EN[511:0]$1213 [0] $0$memwr$\data_arr$../rtl/cache/l1d.sv:278$685_EN[511:0]$1213 [0] $0$memwr$\data_arr$../rtl/cache/l1d.sv:278$685_EN[511:0]$1213 [0] $0$memwr$\data_arr$../rtl/cache/l1d.sv:278$685_EN[511:0]$1213 [0] $0$memwr$\data_arr$../rtl/cache/l1d.sv:278$685_EN[511:0]$1213 [0] $0$memwr$\data_arr$../rtl/cache/l1d.sv:278$685_EN[511:0]$1213 [0] $0$memwr$\data_arr$../rtl/cache/l1d.sv:278$685_EN[511:0]$1213 [0] $0$memwr$\data_arr$../rtl/cache/l1d.sv:278$685_EN[511:0]$1213 [0] $0$memwr$\data_arr$../rtl/cache/l1d.sv:278$685_EN[511:0]$1213 [0] $0$memwr$\data_arr$../rtl/cache/l1d.sv:278$685_EN[511:0]$1213 [0] $0$memwr$\data_arr$../rtl/cache/l1d.sv:278$685_EN[511:0]$1213 [0] $0$memwr$\data_arr$../rtl/cache/l1d.sv:278$685_EN[511:0]$1213 [0] $0$memwr$\data_arr$../rtl/cache/l1d.sv:278$685_EN[511:0]$1213 [0] $0$memwr$\data_arr$../rtl/cache/l1d.sv:278$685_EN[511:0]$1213 [0] $0$memwr$\data_arr$../rtl/cache/l1d.sv:278$685_EN[511:0]$1213 [0] $0$memwr$\data_arr$../rtl/cache/l1d.sv:278$685_EN[511:0]$1213 [0] $0$memwr$\data_arr$../rtl/cache/l1d.sv:278$685_EN[511:0]$1213 [0] $0$memwr$\data_arr$../rtl/cache/l1d.sv:278$685_EN[511:0]$1213 [0] $0$memwr$\data_arr$../rtl/cache/l1d.sv:278$685_EN[511:0]$1213 [0] $0$memwr$\data_arr$../rtl/cache/l1d.sv:278$685_EN[511:0]$1213 [0] $0$memwr$\data_arr$../rtl/cache/l1d.sv:278$685_EN[511:0]$1213 [0] $0$memwr$\data_arr$../rtl/cache/l1d.sv:278$685_EN[511:0]$1213 [0] $0$memwr$\data_arr$../rtl/cache/l1d.sv:278$685_EN[511:0]$1213 [0] $0$memwr$\data_arr$../rtl/cache/l1d.sv:278$685_EN[511:0]$1213 [0] $0$memwr$\data_arr$../rtl/cache/l1d.sv:278$685_EN[511:0]$1213 [0] $0$memwr$\data_arr$../rtl/cache/l1d.sv:278$685_EN[511:0]$1213 [0] $0$memwr$\data_arr$../rtl/cache/l1d.sv:278$685_EN[511:0]$1213 [0] $0$memwr$\data_arr$../rtl/cache/l1d.sv:278$685_EN[511:0]$1213 [0] $0$memwr$\data_arr$../rtl/cache/l1d.sv:278$685_EN[511:0]$1213 [0] $0$memwr$\data_arr$../rtl/cache/l1d.sv:278$685_EN[511:0]$1213 [0] $0$memwr$\data_arr$../rtl/cache/l1d.sv:278$685_EN[511:0]$1213 [0] $0$memwr$\data_arr$../rtl/cache/l1d.sv:278$685_EN[511:0]$1213 [0] $0$memwr$\data_arr$../rtl/cache/l1d.sv:278$685_EN[511:0]$1213 [0] $0$memwr$\data_arr$../rtl/cache/l1d.sv:278$685_EN[511:0]$1213 [0] $0$memwr$\data_arr$../rtl/cache/l1d.sv:278$685_EN[511:0]$1213 [0] $0$memwr$\data_arr$../rtl/cache/l1d.sv:278$685_EN[511:0]$1213 [0] $0$memwr$\data_arr$../rtl/cache/l1d.sv:278$685_EN[511:0]$1213 [0] $0$memwr$\data_arr$../rtl/cache/l1d.sv:278$685_EN[511:0]$1213 [0] $0$memwr$\data_arr$../rtl/cache/l1d.sv:278$685_EN[511:0]$1213 [0] $0$memwr$\data_arr$../rtl/cache/l1d.sv:278$685_EN[511:0]$1213 [0] $0$memwr$\data_arr$../rtl/cache/l1d.sv:278$685_EN[511:0]$1213 [0] $0$memwr$\data_arr$../rtl/cache/l1d.sv:278$685_EN[511:0]$1213 [0] $0$memwr$\data_arr$../rtl/cache/l1d.sv:278$685_EN[511:0]$1213 [0] $0$memwr$\data_arr$../rtl/cache/l1d.sv:278$685_EN[511:0]$1213 [0] $0$memwr$\data_arr$../rtl/cache/l1d.sv:278$685_EN[511:0]$1213 [0] $0$memwr$\data_arr$../rtl/cache/l1d.sv:278$685_EN[511:0]$1213 [0] $0$memwr$\data_arr$../rtl/cache/l1d.sv:278$685_EN[511:0]$1213 [0] $0$memwr$\data_arr$../rtl/cache/l1d.sv:278$685_EN[511:0]$1213 [0] $0$memwr$\data_arr$../rtl/cache/l1d.sv:278$685_EN[511:0]$1213 [0] $0$memwr$\data_arr$../rtl/cache/l1d.sv:278$685_EN[511:0]$1213 [0] $0$memwr$\data_arr$../rtl/cache/l1d.sv:278$685_EN[511:0]$1213 [0] $0$memwr$\data_arr$../rtl/cache/l1d.sv:278$685_EN[511:0]$1213 [0] $0$memwr$\data_arr$../rtl/cache/l1d.sv:278$685_EN[511:0]$1213 [0] $0$memwr$\data_arr$../rtl/cache/l1d.sv:278$685_EN[511:0]$1213 [0] $0$memwr$\data_arr$../rtl/cache/l1d.sv:278$685_EN[511:0]$1213 [0] $0$memwr$\data_arr$../rtl/cache/l1d.sv:278$685_EN[511:0]$1213 [0] $0$memwr$\data_arr$../rtl/cache/l1d.sv:278$685_EN[511:0]$1213 [0] $0$memwr$\data_arr$../rtl/cache/l1d.sv:278$685_EN[511:0]$1213 [0] $0$memwr$\data_arr$../rtl/cache/l1d.sv:278$685_EN[511:0]$1213 [0] $0$memwr$\data_arr$../rtl/cache/l1d.sv:278$685_EN[511:0]$1213 [0] $0$memwr$\data_arr$../rtl/cache/l1d.sv:278$685_EN[511:0]$1213 [0] $0$memwr$\data_arr$../rtl/cache/l1d.sv:278$685_EN[511:0]$1213 [0] $0$memwr$\data_arr$../rtl/cache/l1d.sv:278$685_EN[511:0]$1213 [0] $0$memwr$\data_arr$../rtl/cache/l1d.sv:278$685_EN[511:0]$1213 [0] $0$memwr$\data_arr$../rtl/cache/l1d.sv:278$685_EN[511:0]$1213 [0] $0$memwr$\data_arr$../rtl/cache/l1d.sv:278$685_EN[511:0]$1213 [0] $0$memwr$\data_arr$../rtl/cache/l1d.sv:278$685_EN[511:0]$1213 [0] $0$memwr$\data_arr$../rtl/cache/l1d.sv:278$685_EN[511:0]$1213 [0] $0$memwr$\data_arr$../rtl/cache/l1d.sv:278$685_EN[511:0]$1213 [0] $0$memwr$\data_arr$../rtl/cache/l1d.sv:278$685_EN[511:0]$1213 [0] $0$memwr$\data_arr$../rtl/cache/l1d.sv:278$685_EN[511:0]$1213 [0] $0$memwr$\data_arr$../rtl/cache/l1d.sv:278$685_EN[511:0]$1213 [0] $0$memwr$\data_arr$../rtl/cache/l1d.sv:278$685_EN[511:0]$1213 [0] $0$memwr$\data_arr$../rtl/cache/l1d.sv:278$685_EN[511:0]$1213 [0] $0$memwr$\data_arr$../rtl/cache/l1d.sv:278$685_EN[511:0]$1213 [0] $0$memwr$\data_arr$../rtl/cache/l1d.sv:278$685_EN[511:0]$1213 [0] $0$memwr$\data_arr$../rtl/cache/l1d.sv:278$685_EN[511:0]$1213 [0] $0$memwr$\data_arr$../rtl/cache/l1d.sv:278$685_EN[511:0]$1213 [0] $0$memwr$\data_arr$../rtl/cache/l1d.sv:278$685_EN[511:0]$1213 [0] $0$memwr$\data_arr$../rtl/cache/l1d.sv:278$685_EN[511:0]$1213 [0] $0$memwr$\data_arr$../rtl/cache/l1d.sv:278$685_EN[511:0]$1213 [0] $0$memwr$\data_arr$../rtl/cache/l1d.sv:278$685_EN[511:0]$1213 [0] $0$memwr$\data_arr$../rtl/cache/l1d.sv:278$685_EN[511:0]$1213 [0] $0$memwr$\data_arr$../rtl/cache/l1d.sv:278$685_EN[511:0]$1213 [0] $0$memwr$\data_arr$../rtl/cache/l1d.sv:278$685_EN[511:0]$1213 [0] $0$memwr$\data_arr$../rtl/cache/l1d.sv:278$685_EN[511:0]$1213 [0] $0$memwr$\data_arr$../rtl/cache/l1d.sv:278$685_EN[511:0]$1213 [0] $0$memwr$\data_arr$../rtl/cache/l1d.sv:278$685_EN[511:0]$1213 [0] $0$memwr$\data_arr$../rtl/cache/l1d.sv:278$685_EN[511:0]$1213 [0] $0$memwr$\data_arr$../rtl/cache/l1d.sv:278$685_EN[511:0]$1213 [0] $0$memwr$\data_arr$../rtl/cache/l1d.sv:278$685_EN[511:0]$1213 [0] $0$memwr$\data_arr$../rtl/cache/l1d.sv:278$685_EN[511:0]$1213 [0] $0$memwr$\data_arr$../rtl/cache/l1d.sv:278$685_EN[511:0]$1213 [0] $0$memwr$\data_arr$../rtl/cache/l1d.sv:278$685_EN[511:0]$1213 [0] $0$memwr$\data_arr$../rtl/cache/l1d.sv:278$685_EN[511:0]$1213 [0] $0$memwr$\data_arr$../rtl/cache/l1d.sv:278$685_EN[511:0]$1213 [0] $0$memwr$\data_arr$../rtl/cache/l1d.sv:278$685_EN[511:0]$1213 [0] $0$memwr$\data_arr$../rtl/cache/l1d.sv:278$685_EN[511:0]$1213 [0] $0$memwr$\data_arr$../rtl/cache/l1d.sv:278$685_EN[511:0]$1213 [0] $0$memwr$\data_arr$../rtl/cache/l1d.sv:278$685_EN[511:0]$1213 [0] $0$memwr$\data_arr$../rtl/cache/l1d.sv:278$685_EN[511:0]$1213 [0] $0$memwr$\data_arr$../rtl/cache/l1d.sv:278$685_EN[511:0]$1213 [0] $0$memwr$\data_arr$../rtl/cache/l1d.sv:278$685_EN[511:0]$1213 [0] $0$memwr$\data_arr$../rtl/cache/l1d.sv:278$685_EN[511:0]$1213 [0] $0$memwr$\data_arr$../rtl/cache/l1d.sv:278$685_EN[511:0]$1213 [0] $0$memwr$\data_arr$../rtl/cache/l1d.sv:278$685_EN[511:0]$1213 [0] $0$memwr$\data_arr$../rtl/cache/l1d.sv:278$685_EN[511:0]$1213 [0] $0$memwr$\data_arr$../rtl/cache/l1d.sv:278$685_EN[511:0]$1213 [0] $0$memwr$\data_arr$../rtl/cache/l1d.sv:278$685_EN[511:0]$1213 [0] $0$memwr$\data_arr$../rtl/cache/l1d.sv:278$685_EN[511:0]$1213 [0] $0$memwr$\data_arr$../rtl/cache/l1d.sv:278$685_EN[511:0]$1213 [0] $0$memwr$\data_arr$../rtl/cache/l1d.sv:278$685_EN[511:0]$1213 [0] $0$memwr$\data_arr$../rtl/cache/l1d.sv:278$685_EN[511:0]$1213 [0] $0$memwr$\data_arr$../rtl/cache/l1d.sv:278$685_EN[511:0]$1213 [0] $0$memwr$\data_arr$../rtl/cache/l1d.sv:278$685_EN[511:0]$1213 [0] $0$memwr$\data_arr$../rtl/cache/l1d.sv:278$685_EN[511:0]$1213 [0] $0$memwr$\data_arr$../rtl/cache/l1d.sv:278$685_EN[511:0]$1213 [0] $0$memwr$\data_arr$../rtl/cache/l1d.sv:278$685_EN[511:0]$1213 [0] $0$memwr$\data_arr$../rtl/cache/l1d.sv:278$685_EN[511:0]$1213 [0] $0$memwr$\data_arr$../rtl/cache/l1d.sv:278$685_EN[511:0]$1213 [0] }
    Consolidated identical input bits for $mux cell $procmux$3871:
      Old ports: A=512'00000000000000000000000000000000000000000000000000000000000000000000000000000000000000000000000000000000000000000000000000000000000000000000000000000000000000000000000000000000000000000000000000000000000000000000000000000000000000000000000000000000000000000000000000000000000000000000000000000000000000000000000000000000000000000000000000000000000000000000000000000000000000000000000000000000000000000000000000000000000000000000000000000000000000000000000000000000000000000000000000000000000000000000000000000000, B=$2$memwr$\data_arr$../rtl/cache/l1d.sv:298$691_EN[511:0]$1713, Y=$0$memwr$\data_arr$../rtl/cache/l1d.sv:298$691_EN[511:0]$1228
      New ports: A=1'0, B=$procmux$2457_Y [0], Y=$0$memwr$\data_arr$../rtl/cache/l1d.sv:298$691_EN[511:0]$1228 [0]
      New connections: $0$memwr$\data_arr$../rtl/cache/l1d.sv:298$691_EN[511:0]$1228 [511:1] = { $0$memwr$\data_arr$../rtl/cache/l1d.sv:298$691_EN[511:0]$1228 [0] $0$memwr$\data_arr$../rtl/cache/l1d.sv:298$691_EN[511:0]$1228 [0] $0$memwr$\data_arr$../rtl/cache/l1d.sv:298$691_EN[511:0]$1228 [0] $0$memwr$\data_arr$../rtl/cache/l1d.sv:298$691_EN[511:0]$1228 [0] $0$memwr$\data_arr$../rtl/cache/l1d.sv:298$691_EN[511:0]$1228 [0] $0$memwr$\data_arr$../rtl/cache/l1d.sv:298$691_EN[511:0]$1228 [0] $0$memwr$\data_arr$../rtl/cache/l1d.sv:298$691_EN[511:0]$1228 [0] $0$memwr$\data_arr$../rtl/cache/l1d.sv:298$691_EN[511:0]$1228 [0] $0$memwr$\data_arr$../rtl/cache/l1d.sv:298$691_EN[511:0]$1228 [0] $0$memwr$\data_arr$../rtl/cache/l1d.sv:298$691_EN[511:0]$1228 [0] $0$memwr$\data_arr$../rtl/cache/l1d.sv:298$691_EN[511:0]$1228 [0] $0$memwr$\data_arr$../rtl/cache/l1d.sv:298$691_EN[511:0]$1228 [0] $0$memwr$\data_arr$../rtl/cache/l1d.sv:298$691_EN[511:0]$1228 [0] $0$memwr$\data_arr$../rtl/cache/l1d.sv:298$691_EN[511:0]$1228 [0] $0$memwr$\data_arr$../rtl/cache/l1d.sv:298$691_EN[511:0]$1228 [0] $0$memwr$\data_arr$../rtl/cache/l1d.sv:298$691_EN[511:0]$1228 [0] $0$memwr$\data_arr$../rtl/cache/l1d.sv:298$691_EN[511:0]$1228 [0] $0$memwr$\data_arr$../rtl/cache/l1d.sv:298$691_EN[511:0]$1228 [0] $0$memwr$\data_arr$../rtl/cache/l1d.sv:298$691_EN[511:0]$1228 [0] $0$memwr$\data_arr$../rtl/cache/l1d.sv:298$691_EN[511:0]$1228 [0] $0$memwr$\data_arr$../rtl/cache/l1d.sv:298$691_EN[511:0]$1228 [0] $0$memwr$\data_arr$../rtl/cache/l1d.sv:298$691_EN[511:0]$1228 [0] $0$memwr$\data_arr$../rtl/cache/l1d.sv:298$691_EN[511:0]$1228 [0] $0$memwr$\data_arr$../rtl/cache/l1d.sv:298$691_EN[511:0]$1228 [0] $0$memwr$\data_arr$../rtl/cache/l1d.sv:298$691_EN[511:0]$1228 [0] $0$memwr$\data_arr$../rtl/cache/l1d.sv:298$691_EN[511:0]$1228 [0] $0$memwr$\data_arr$../rtl/cache/l1d.sv:298$691_EN[511:0]$1228 [0] $0$memwr$\data_arr$../rtl/cache/l1d.sv:298$691_EN[511:0]$1228 [0] $0$memwr$\data_arr$../rtl/cache/l1d.sv:298$691_EN[511:0]$1228 [0] $0$memwr$\data_arr$../rtl/cache/l1d.sv:298$691_EN[511:0]$1228 [0] $0$memwr$\data_arr$../rtl/cache/l1d.sv:298$691_EN[511:0]$1228 [0] $0$memwr$\data_arr$../rtl/cache/l1d.sv:298$691_EN[511:0]$1228 [0] $0$memwr$\data_arr$../rtl/cache/l1d.sv:298$691_EN[511:0]$1228 [0] $0$memwr$\data_arr$../rtl/cache/l1d.sv:298$691_EN[511:0]$1228 [0] $0$memwr$\data_arr$../rtl/cache/l1d.sv:298$691_EN[511:0]$1228 [0] $0$memwr$\data_arr$../rtl/cache/l1d.sv:298$691_EN[511:0]$1228 [0] $0$memwr$\data_arr$../rtl/cache/l1d.sv:298$691_EN[511:0]$1228 [0] $0$memwr$\data_arr$../rtl/cache/l1d.sv:298$691_EN[511:0]$1228 [0] $0$memwr$\data_arr$../rtl/cache/l1d.sv:298$691_EN[511:0]$1228 [0] $0$memwr$\data_arr$../rtl/cache/l1d.sv:298$691_EN[511:0]$1228 [0] $0$memwr$\data_arr$../rtl/cache/l1d.sv:298$691_EN[511:0]$1228 [0] $0$memwr$\data_arr$../rtl/cache/l1d.sv:298$691_EN[511:0]$1228 [0] $0$memwr$\data_arr$../rtl/cache/l1d.sv:298$691_EN[511:0]$1228 [0] $0$memwr$\data_arr$../rtl/cache/l1d.sv:298$691_EN[511:0]$1228 [0] $0$memwr$\data_arr$../rtl/cache/l1d.sv:298$691_EN[511:0]$1228 [0] $0$memwr$\data_arr$../rtl/cache/l1d.sv:298$691_EN[511:0]$1228 [0] $0$memwr$\data_arr$../rtl/cache/l1d.sv:298$691_EN[511:0]$1228 [0] $0$memwr$\data_arr$../rtl/cache/l1d.sv:298$691_EN[511:0]$1228 [0] $0$memwr$\data_arr$../rtl/cache/l1d.sv:298$691_EN[511:0]$1228 [0] $0$memwr$\data_arr$../rtl/cache/l1d.sv:298$691_EN[511:0]$1228 [0] $0$memwr$\data_arr$../rtl/cache/l1d.sv:298$691_EN[511:0]$1228 [0] $0$memwr$\data_arr$../rtl/cache/l1d.sv:298$691_EN[511:0]$1228 [0] $0$memwr$\data_arr$../rtl/cache/l1d.sv:298$691_EN[511:0]$1228 [0] $0$memwr$\data_arr$../rtl/cache/l1d.sv:298$691_EN[511:0]$1228 [0] $0$memwr$\data_arr$../rtl/cache/l1d.sv:298$691_EN[511:0]$1228 [0] $0$memwr$\data_arr$../rtl/cache/l1d.sv:298$691_EN[511:0]$1228 [0] $0$memwr$\data_arr$../rtl/cache/l1d.sv:298$691_EN[511:0]$1228 [0] $0$memwr$\data_arr$../rtl/cache/l1d.sv:298$691_EN[511:0]$1228 [0] $0$memwr$\data_arr$../rtl/cache/l1d.sv:298$691_EN[511:0]$1228 [0] $0$memwr$\data_arr$../rtl/cache/l1d.sv:298$691_EN[511:0]$1228 [0] $0$memwr$\data_arr$../rtl/cache/l1d.sv:298$691_EN[511:0]$1228 [0] $0$memwr$\data_arr$../rtl/cache/l1d.sv:298$691_EN[511:0]$1228 [0] $0$memwr$\data_arr$../rtl/cache/l1d.sv:298$691_EN[511:0]$1228 [0] $0$memwr$\data_arr$../rtl/cache/l1d.sv:298$691_EN[511:0]$1228 [0] $0$memwr$\data_arr$../rtl/cache/l1d.sv:298$691_EN[511:0]$1228 [0] $0$memwr$\data_arr$../rtl/cache/l1d.sv:298$691_EN[511:0]$1228 [0] $0$memwr$\data_arr$../rtl/cache/l1d.sv:298$691_EN[511:0]$1228 [0] $0$memwr$\data_arr$../rtl/cache/l1d.sv:298$691_EN[511:0]$1228 [0] $0$memwr$\data_arr$../rtl/cache/l1d.sv:298$691_EN[511:0]$1228 [0] $0$memwr$\data_arr$../rtl/cache/l1d.sv:298$691_EN[511:0]$1228 [0] $0$memwr$\data_arr$../rtl/cache/l1d.sv:298$691_EN[511:0]$1228 [0] $0$memwr$\data_arr$../rtl/cache/l1d.sv:298$691_EN[511:0]$1228 [0] $0$memwr$\data_arr$../rtl/cache/l1d.sv:298$691_EN[511:0]$1228 [0] $0$memwr$\data_arr$../rtl/cache/l1d.sv:298$691_EN[511:0]$1228 [0] $0$memwr$\data_arr$../rtl/cache/l1d.sv:298$691_EN[511:0]$1228 [0] $0$memwr$\data_arr$../rtl/cache/l1d.sv:298$691_EN[511:0]$1228 [0] $0$memwr$\data_arr$../rtl/cache/l1d.sv:298$691_EN[511:0]$1228 [0] $0$memwr$\data_arr$../rtl/cache/l1d.sv:298$691_EN[511:0]$1228 [0] $0$memwr$\data_arr$../rtl/cache/l1d.sv:298$691_EN[511:0]$1228 [0] $0$memwr$\data_arr$../rtl/cache/l1d.sv:298$691_EN[511:0]$1228 [0] $0$memwr$\data_arr$../rtl/cache/l1d.sv:298$691_EN[511:0]$1228 [0] $0$memwr$\data_arr$../rtl/cache/l1d.sv:298$691_EN[511:0]$1228 [0] $0$memwr$\data_arr$../rtl/cache/l1d.sv:298$691_EN[511:0]$1228 [0] $0$memwr$\data_arr$../rtl/cache/l1d.sv:298$691_EN[511:0]$1228 [0] $0$memwr$\data_arr$../rtl/cache/l1d.sv:298$691_EN[511:0]$1228 [0] $0$memwr$\data_arr$../rtl/cache/l1d.sv:298$691_EN[511:0]$1228 [0] $0$memwr$\data_arr$../rtl/cache/l1d.sv:298$691_EN[511:0]$1228 [0] $0$memwr$\data_arr$../rtl/cache/l1d.sv:298$691_EN[511:0]$1228 [0] $0$memwr$\data_arr$../rtl/cache/l1d.sv:298$691_EN[511:0]$1228 [0] $0$memwr$\data_arr$../rtl/cache/l1d.sv:298$691_EN[511:0]$1228 [0] $0$memwr$\data_arr$../rtl/cache/l1d.sv:298$691_EN[511:0]$1228 [0] $0$memwr$\data_arr$../rtl/cache/l1d.sv:298$691_EN[511:0]$1228 [0] $0$memwr$\data_arr$../rtl/cache/l1d.sv:298$691_EN[511:0]$1228 [0] $0$memwr$\data_arr$../rtl/cache/l1d.sv:298$691_EN[511:0]$1228 [0] $0$memwr$\data_arr$../rtl/cache/l1d.sv:298$691_EN[511:0]$1228 [0] $0$memwr$\data_arr$../rtl/cache/l1d.sv:298$691_EN[511:0]$1228 [0] $0$memwr$\data_arr$../rtl/cache/l1d.sv:298$691_EN[511:0]$1228 [0] $0$memwr$\data_arr$../rtl/cache/l1d.sv:298$691_EN[511:0]$1228 [0] $0$memwr$\data_arr$../rtl/cache/l1d.sv:298$691_EN[511:0]$1228 [0] $0$memwr$\data_arr$../rtl/cache/l1d.sv:298$691_EN[511:0]$1228 [0] $0$memwr$\data_arr$../rtl/cache/l1d.sv:298$691_EN[511:0]$1228 [0] $0$memwr$\data_arr$../rtl/cache/l1d.sv:298$691_EN[511:0]$1228 [0] $0$memwr$\data_arr$../rtl/cache/l1d.sv:298$691_EN[511:0]$1228 [0] $0$memwr$\data_arr$../rtl/cache/l1d.sv:298$691_EN[511:0]$1228 [0] $0$memwr$\data_arr$../rtl/cache/l1d.sv:298$691_EN[511:0]$1228 [0] $0$memwr$\data_arr$../rtl/cache/l1d.sv:298$691_EN[511:0]$1228 [0] $0$memwr$\data_arr$../rtl/cache/l1d.sv:298$691_EN[511:0]$1228 [0] $0$memwr$\data_arr$../rtl/cache/l1d.sv:298$691_EN[511:0]$1228 [0] $0$memwr$\data_arr$../rtl/cache/l1d.sv:298$691_EN[511:0]$1228 [0] $0$memwr$\data_arr$../rtl/cache/l1d.sv:298$691_EN[511:0]$1228 [0] $0$memwr$\data_arr$../rtl/cache/l1d.sv:298$691_EN[511:0]$1228 [0] $0$memwr$\data_arr$../rtl/cache/l1d.sv:298$691_EN[511:0]$1228 [0] $0$memwr$\data_arr$../rtl/cache/l1d.sv:298$691_EN[511:0]$1228 [0] $0$memwr$\data_arr$../rtl/cache/l1d.sv:298$691_EN[511:0]$1228 [0] $0$memwr$\data_arr$../rtl/cache/l1d.sv:298$691_EN[511:0]$1228 [0] $0$memwr$\data_arr$../rtl/cache/l1d.sv:298$691_EN[511:0]$1228 [0] $0$memwr$\data_arr$../rtl/cache/l1d.sv:298$691_EN[511:0]$1228 [0] $0$memwr$\data_arr$../rtl/cache/l1d.sv:298$691_EN[511:0]$1228 [0] $0$memwr$\data_arr$../rtl/cache/l1d.sv:298$691_EN[511:0]$1228 [0] $0$memwr$\data_arr$../rtl/cache/l1d.sv:298$691_EN[511:0]$1228 [0] $0$memwr$\data_arr$../rtl/cache/l1d.sv:298$691_EN[511:0]$1228 [0] $0$memwr$\data_arr$../rtl/cache/l1d.sv:298$691_EN[511:0]$1228 [0] $0$memwr$\data_arr$../rtl/cache/l1d.sv:298$691_EN[511:0]$1228 [0] $0$memwr$\data_arr$../rtl/cache/l1d.sv:298$691_EN[511:0]$1228 [0] $0$memwr$\data_arr$../rtl/cache/l1d.sv:298$691_EN[511:0]$1228 [0] $0$memwr$\data_arr$../rtl/cache/l1d.sv:298$691_EN[511:0]$1228 [0] $0$memwr$\data_arr$../rtl/cache/l1d.sv:298$691_EN[511:0]$1228 [0] $0$memwr$\data_arr$../rtl/cache/l1d.sv:298$691_EN[511:0]$1228 [0] $0$memwr$\data_arr$../rtl/cache/l1d.sv:298$691_EN[511:0]$1228 [0] $0$memwr$\data_arr$../rtl/cache/l1d.sv:298$691_EN[511:0]$1228 [0] $0$memwr$\data_arr$../rtl/cache/l1d.sv:298$691_EN[511:0]$1228 [0] $0$memwr$\data_arr$../rtl/cache/l1d.sv:298$691_EN[511:0]$1228 [0] $0$memwr$\data_arr$../rtl/cache/l1d.sv:298$691_EN[511:0]$1228 [0] $0$memwr$\data_arr$../rtl/cache/l1d.sv:298$691_EN[511:0]$1228 [0] $0$memwr$\data_arr$../rtl/cache/l1d.sv:298$691_EN[511:0]$1228 [0] $0$memwr$\data_arr$../rtl/cache/l1d.sv:298$691_EN[511:0]$1228 [0] $0$memwr$\data_arr$../rtl/cache/l1d.sv:298$691_EN[511:0]$1228 [0] $0$memwr$\data_arr$../rtl/cache/l1d.sv:298$691_EN[511:0]$1228 [0] $0$memwr$\data_arr$../rtl/cache/l1d.sv:298$691_EN[511:0]$1228 [0] $0$memwr$\data_arr$../rtl/cache/l1d.sv:298$691_EN[511:0]$1228 [0] $0$memwr$\data_arr$../rtl/cache/l1d.sv:298$691_EN[511:0]$1228 [0] $0$memwr$\data_arr$../rtl/cache/l1d.sv:298$691_EN[511:0]$1228 [0] $0$memwr$\data_arr$../rtl/cache/l1d.sv:298$691_EN[511:0]$1228 [0] $0$memwr$\data_arr$../rtl/cache/l1d.sv:298$691_EN[511:0]$1228 [0] $0$memwr$\data_arr$../rtl/cache/l1d.sv:298$691_EN[511:0]$1228 [0] $0$memwr$\data_arr$../rtl/cache/l1d.sv:298$691_EN[511:0]$1228 [0] $0$memwr$\data_arr$../rtl/cache/l1d.sv:298$691_EN[511:0]$1228 [0] $0$memwr$\data_arr$../rtl/cache/l1d.sv:298$691_EN[511:0]$1228 [0] $0$memwr$\data_arr$../rtl/cache/l1d.sv:298$691_EN[511:0]$1228 [0] $0$memwr$\data_arr$../rtl/cache/l1d.sv:298$691_EN[511:0]$1228 [0] $0$memwr$\data_arr$../rtl/cache/l1d.sv:298$691_EN[511:0]$1228 [0] $0$memwr$\data_arr$../rtl/cache/l1d.sv:298$691_EN[511:0]$1228 [0] $0$memwr$\data_arr$../rtl/cache/l1d.sv:298$691_EN[511:0]$1228 [0] $0$memwr$\data_arr$../rtl/cache/l1d.sv:298$691_EN[511:0]$1228 [0] $0$memwr$\data_arr$../rtl/cache/l1d.sv:298$691_EN[511:0]$1228 [0] $0$memwr$\data_arr$../rtl/cache/l1d.sv:298$691_EN[511:0]$1228 [0] $0$memwr$\data_arr$../rtl/cache/l1d.sv:298$691_EN[511:0]$1228 [0] $0$memwr$\data_arr$../rtl/cache/l1d.sv:298$691_EN[511:0]$1228 [0] $0$memwr$\data_arr$../rtl/cache/l1d.sv:298$691_EN[511:0]$1228 [0] $0$memwr$\data_arr$../rtl/cache/l1d.sv:298$691_EN[511:0]$1228 [0] $0$memwr$\data_arr$../rtl/cache/l1d.sv:298$691_EN[511:0]$1228 [0] $0$memwr$\data_arr$../rtl/cache/l1d.sv:298$691_EN[511:0]$1228 [0] $0$memwr$\data_arr$../rtl/cache/l1d.sv:298$691_EN[511:0]$1228 [0] $0$memwr$\data_arr$../rtl/cache/l1d.sv:298$691_EN[511:0]$1228 [0] $0$memwr$\data_arr$../rtl/cache/l1d.sv:298$691_EN[511:0]$1228 [0] $0$memwr$\data_arr$../rtl/cache/l1d.sv:298$691_EN[511:0]$1228 [0] $0$memwr$\data_arr$../rtl/cache/l1d.sv:298$691_EN[511:0]$1228 [0] $0$memwr$\data_arr$../rtl/cache/l1d.sv:298$691_EN[511:0]$1228 [0] $0$memwr$\data_arr$../rtl/cache/l1d.sv:298$691_EN[511:0]$1228 [0] $0$memwr$\data_arr$../rtl/cache/l1d.sv:298$691_EN[511:0]$1228 [0] $0$memwr$\data_arr$../rtl/cache/l1d.sv:298$691_EN[511:0]$1228 [0] $0$memwr$\data_arr$../rtl/cache/l1d.sv:298$691_EN[511:0]$1228 [0] $0$memwr$\data_arr$../rtl/cache/l1d.sv:298$691_EN[511:0]$1228 [0] $0$memwr$\data_arr$../rtl/cache/l1d.sv:298$691_EN[511:0]$1228 [0] $0$memwr$\data_arr$../rtl/cache/l1d.sv:298$691_EN[511:0]$1228 [0] $0$memwr$\data_arr$../rtl/cache/l1d.sv:298$691_EN[511:0]$1228 [0] $0$memwr$\data_arr$../rtl/cache/l1d.sv:298$691_EN[511:0]$1228 [0] $0$memwr$\data_arr$../rtl/cache/l1d.sv:298$691_EN[511:0]$1228 [0] $0$memwr$\data_arr$../rtl/cache/l1d.sv:298$691_EN[511:0]$1228 [0] $0$memwr$\data_arr$../rtl/cache/l1d.sv:298$691_EN[511:0]$1228 [0] $0$memwr$\data_arr$../rtl/cache/l1d.sv:298$691_EN[511:0]$1228 [0] $0$memwr$\data_arr$../rtl/cache/l1d.sv:298$691_EN[511:0]$1228 [0] $0$memwr$\data_arr$../rtl/cache/l1d.sv:298$691_EN[511:0]$1228 [0] $0$memwr$\data_arr$../rtl/cache/l1d.sv:298$691_EN[511:0]$1228 [0] $0$memwr$\data_arr$../rtl/cache/l1d.sv:298$691_EN[511:0]$1228 [0] $0$memwr$\data_arr$../rtl/cache/l1d.sv:298$691_EN[511:0]$1228 [0] $0$memwr$\data_arr$../rtl/cache/l1d.sv:298$691_EN[511:0]$1228 [0] $0$memwr$\data_arr$../rtl/cache/l1d.sv:298$691_EN[511:0]$1228 [0] $0$memwr$\data_arr$../rtl/cache/l1d.sv:298$691_EN[511:0]$1228 [0] $0$memwr$\data_arr$../rtl/cache/l1d.sv:298$691_EN[511:0]$1228 [0] $0$memwr$\data_arr$../rtl/cache/l1d.sv:298$691_EN[511:0]$1228 [0] $0$memwr$\data_arr$../rtl/cache/l1d.sv:298$691_EN[511:0]$1228 [0] $0$memwr$\data_arr$../rtl/cache/l1d.sv:298$691_EN[511:0]$1228 [0] $0$memwr$\data_arr$../rtl/cache/l1d.sv:298$691_EN[511:0]$1228 [0] $0$memwr$\data_arr$../rtl/cache/l1d.sv:298$691_EN[511:0]$1228 [0] $0$memwr$\data_arr$../rtl/cache/l1d.sv:298$691_EN[511:0]$1228 [0] $0$memwr$\data_arr$../rtl/cache/l1d.sv:298$691_EN[511:0]$1228 [0] $0$memwr$\data_arr$../rtl/cache/l1d.sv:298$691_EN[511:0]$1228 [0] $0$memwr$\data_arr$../rtl/cache/l1d.sv:298$691_EN[511:0]$1228 [0] $0$memwr$\data_arr$../rtl/cache/l1d.sv:298$691_EN[511:0]$1228 [0] $0$memwr$\data_arr$../rtl/cache/l1d.sv:298$691_EN[511:0]$1228 [0] $0$memwr$\data_arr$../rtl/cache/l1d.sv:298$691_EN[511:0]$1228 [0] $0$memwr$\data_arr$../rtl/cache/l1d.sv:298$691_EN[511:0]$1228 [0] $0$memwr$\data_arr$../rtl/cache/l1d.sv:298$691_EN[511:0]$1228 [0] $0$memwr$\data_arr$../rtl/cache/l1d.sv:298$691_EN[511:0]$1228 [0] $0$memwr$\data_arr$../rtl/cache/l1d.sv:298$691_EN[511:0]$1228 [0] $0$memwr$\data_arr$../rtl/cache/l1d.sv:298$691_EN[511:0]$1228 [0] $0$memwr$\data_arr$../rtl/cache/l1d.sv:298$691_EN[511:0]$1228 [0] $0$memwr$\data_arr$../rtl/cache/l1d.sv:298$691_EN[511:0]$1228 [0] $0$memwr$\data_arr$../rtl/cache/l1d.sv:298$691_EN[511:0]$1228 [0] $0$memwr$\data_arr$../rtl/cache/l1d.sv:298$691_EN[511:0]$1228 [0] $0$memwr$\data_arr$../rtl/cache/l1d.sv:298$691_EN[511:0]$1228 [0] $0$memwr$\data_arr$../rtl/cache/l1d.sv:298$691_EN[511:0]$1228 [0] $0$memwr$\data_arr$../rtl/cache/l1d.sv:298$691_EN[511:0]$1228 [0] $0$memwr$\data_arr$../rtl/cache/l1d.sv:298$691_EN[511:0]$1228 [0] $0$memwr$\data_arr$../rtl/cache/l1d.sv:298$691_EN[511:0]$1228 [0] $0$memwr$\data_arr$../rtl/cache/l1d.sv:298$691_EN[511:0]$1228 [0] $0$memwr$\data_arr$../rtl/cache/l1d.sv:298$691_EN[511:0]$1228 [0] $0$memwr$\data_arr$../rtl/cache/l1d.sv:298$691_EN[511:0]$1228 [0] $0$memwr$\data_arr$../rtl/cache/l1d.sv:298$691_EN[511:0]$1228 [0] $0$memwr$\data_arr$../rtl/cache/l1d.sv:298$691_EN[511:0]$1228 [0] $0$memwr$\data_arr$../rtl/cache/l1d.sv:298$691_EN[511:0]$1228 [0] $0$memwr$\data_arr$../rtl/cache/l1d.sv:298$691_EN[511:0]$1228 [0] $0$memwr$\data_arr$../rtl/cache/l1d.sv:298$691_EN[511:0]$1228 [0] $0$memwr$\data_arr$../rtl/cache/l1d.sv:298$691_EN[511:0]$1228 [0] $0$memwr$\data_arr$../rtl/cache/l1d.sv:298$691_EN[511:0]$1228 [0] $0$memwr$\data_arr$../rtl/cache/l1d.sv:298$691_EN[511:0]$1228 [0] $0$memwr$\data_arr$../rtl/cache/l1d.sv:298$691_EN[511:0]$1228 [0] $0$memwr$\data_arr$../rtl/cache/l1d.sv:298$691_EN[511:0]$1228 [0] $0$memwr$\data_arr$../rtl/cache/l1d.sv:298$691_EN[511:0]$1228 [0] $0$memwr$\data_arr$../rtl/cache/l1d.sv:298$691_EN[511:0]$1228 [0] $0$memwr$\data_arr$../rtl/cache/l1d.sv:298$691_EN[511:0]$1228 [0] $0$memwr$\data_arr$../rtl/cache/l1d.sv:298$691_EN[511:0]$1228 [0] $0$memwr$\data_arr$../rtl/cache/l1d.sv:298$691_EN[511:0]$1228 [0] $0$memwr$\data_arr$../rtl/cache/l1d.sv:298$691_EN[511:0]$1228 [0] $0$memwr$\data_arr$../rtl/cache/l1d.sv:298$691_EN[511:0]$1228 [0] $0$memwr$\data_arr$../rtl/cache/l1d.sv:298$691_EN[511:0]$1228 [0] $0$memwr$\data_arr$../rtl/cache/l1d.sv:298$691_EN[511:0]$1228 [0] $0$memwr$\data_arr$../rtl/cache/l1d.sv:298$691_EN[511:0]$1228 [0] $0$memwr$\data_arr$../rtl/cache/l1d.sv:298$691_EN[511:0]$1228 [0] $0$memwr$\data_arr$../rtl/cache/l1d.sv:298$691_EN[511:0]$1228 [0] $0$memwr$\data_arr$../rtl/cache/l1d.sv:298$691_EN[511:0]$1228 [0] $0$memwr$\data_arr$../rtl/cache/l1d.sv:298$691_EN[511:0]$1228 [0] $0$memwr$\data_arr$../rtl/cache/l1d.sv:298$691_EN[511:0]$1228 [0] $0$memwr$\data_arr$../rtl/cache/l1d.sv:298$691_EN[511:0]$1228 [0] $0$memwr$\data_arr$../rtl/cache/l1d.sv:298$691_EN[511:0]$1228 [0] $0$memwr$\data_arr$../rtl/cache/l1d.sv:298$691_EN[511:0]$1228 [0] $0$memwr$\data_arr$../rtl/cache/l1d.sv:298$691_EN[511:0]$1228 [0] $0$memwr$\data_arr$../rtl/cache/l1d.sv:298$691_EN[511:0]$1228 [0] $0$memwr$\data_arr$../rtl/cache/l1d.sv:298$691_EN[511:0]$1228 [0] $0$memwr$\data_arr$../rtl/cache/l1d.sv:298$691_EN[511:0]$1228 [0] $0$memwr$\data_arr$../rtl/cache/l1d.sv:298$691_EN[511:0]$1228 [0] $0$memwr$\data_arr$../rtl/cache/l1d.sv:298$691_EN[511:0]$1228 [0] $0$memwr$\data_arr$../rtl/cache/l1d.sv:298$691_EN[511:0]$1228 [0] $0$memwr$\data_arr$../rtl/cache/l1d.sv:298$691_EN[511:0]$1228 [0] $0$memwr$\data_arr$../rtl/cache/l1d.sv:298$691_EN[511:0]$1228 [0] $0$memwr$\data_arr$../rtl/cache/l1d.sv:298$691_EN[511:0]$1228 [0] $0$memwr$\data_arr$../rtl/cache/l1d.sv:298$691_EN[511:0]$1228 [0] $0$memwr$\data_arr$../rtl/cache/l1d.sv:298$691_EN[511:0]$1228 [0] $0$memwr$\data_arr$../rtl/cache/l1d.sv:298$691_EN[511:0]$1228 [0] $0$memwr$\data_arr$../rtl/cache/l1d.sv:298$691_EN[511:0]$1228 [0] $0$memwr$\data_arr$../rtl/cache/l1d.sv:298$691_EN[511:0]$1228 [0] $0$memwr$\data_arr$../rtl/cache/l1d.sv:298$691_EN[511:0]$1228 [0] $0$memwr$\data_arr$../rtl/cache/l1d.sv:298$691_EN[511:0]$1228 [0] $0$memwr$\data_arr$../rtl/cache/l1d.sv:298$691_EN[511:0]$1228 [0] $0$memwr$\data_arr$../rtl/cache/l1d.sv:298$691_EN[511:0]$1228 [0] $0$memwr$\data_arr$../rtl/cache/l1d.sv:298$691_EN[511:0]$1228 [0] $0$memwr$\data_arr$../rtl/cache/l1d.sv:298$691_EN[511:0]$1228 [0] $0$memwr$\data_arr$../rtl/cache/l1d.sv:298$691_EN[511:0]$1228 [0] $0$memwr$\data_arr$../rtl/cache/l1d.sv:298$691_EN[511:0]$1228 [0] $0$memwr$\data_arr$../rtl/cache/l1d.sv:298$691_EN[511:0]$1228 [0] $0$memwr$\data_arr$../rtl/cache/l1d.sv:298$691_EN[511:0]$1228 [0] $0$memwr$\data_arr$../rtl/cache/l1d.sv:298$691_EN[511:0]$1228 [0] $0$memwr$\data_arr$../rtl/cache/l1d.sv:298$691_EN[511:0]$1228 [0] $0$memwr$\data_arr$../rtl/cache/l1d.sv:298$691_EN[511:0]$1228 [0] $0$memwr$\data_arr$../rtl/cache/l1d.sv:298$691_EN[511:0]$1228 [0] $0$memwr$\data_arr$../rtl/cache/l1d.sv:298$691_EN[511:0]$1228 [0] $0$memwr$\data_arr$../rtl/cache/l1d.sv:298$691_EN[511:0]$1228 [0] $0$memwr$\data_arr$../rtl/cache/l1d.sv:298$691_EN[511:0]$1228 [0] $0$memwr$\data_arr$../rtl/cache/l1d.sv:298$691_EN[511:0]$1228 [0] $0$memwr$\data_arr$../rtl/cache/l1d.sv:298$691_EN[511:0]$1228 [0] $0$memwr$\data_arr$../rtl/cache/l1d.sv:298$691_EN[511:0]$1228 [0] $0$memwr$\data_arr$../rtl/cache/l1d.sv:298$691_EN[511:0]$1228 [0] $0$memwr$\data_arr$../rtl/cache/l1d.sv:298$691_EN[511:0]$1228 [0] $0$memwr$\data_arr$../rtl/cache/l1d.sv:298$691_EN[511:0]$1228 [0] $0$memwr$\data_arr$../rtl/cache/l1d.sv:298$691_EN[511:0]$1228 [0] $0$memwr$\data_arr$../rtl/cache/l1d.sv:298$691_EN[511:0]$1228 [0] $0$memwr$\data_arr$../rtl/cache/l1d.sv:298$691_EN[511:0]$1228 [0] $0$memwr$\data_arr$../rtl/cache/l1d.sv:298$691_EN[511:0]$1228 [0] $0$memwr$\data_arr$../rtl/cache/l1d.sv:298$691_EN[511:0]$1228 [0] $0$memwr$\data_arr$../rtl/cache/l1d.sv:298$691_EN[511:0]$1228 [0] $0$memwr$\data_arr$../rtl/cache/l1d.sv:298$691_EN[511:0]$1228 [0] $0$memwr$\data_arr$../rtl/cache/l1d.sv:298$691_EN[511:0]$1228 [0] $0$memwr$\data_arr$../rtl/cache/l1d.sv:298$691_EN[511:0]$1228 [0] $0$memwr$\data_arr$../rtl/cache/l1d.sv:298$691_EN[511:0]$1228 [0] $0$memwr$\data_arr$../rtl/cache/l1d.sv:298$691_EN[511:0]$1228 [0] $0$memwr$\data_arr$../rtl/cache/l1d.sv:298$691_EN[511:0]$1228 [0] $0$memwr$\data_arr$../rtl/cache/l1d.sv:298$691_EN[511:0]$1228 [0] $0$memwr$\data_arr$../rtl/cache/l1d.sv:298$691_EN[511:0]$1228 [0] $0$memwr$\data_arr$../rtl/cache/l1d.sv:298$691_EN[511:0]$1228 [0] $0$memwr$\data_arr$../rtl/cache/l1d.sv:298$691_EN[511:0]$1228 [0] $0$memwr$\data_arr$../rtl/cache/l1d.sv:298$691_EN[511:0]$1228 [0] $0$memwr$\data_arr$../rtl/cache/l1d.sv:298$691_EN[511:0]$1228 [0] $0$memwr$\data_arr$../rtl/cache/l1d.sv:298$691_EN[511:0]$1228 [0] $0$memwr$\data_arr$../rtl/cache/l1d.sv:298$691_EN[511:0]$1228 [0] $0$memwr$\data_arr$../rtl/cache/l1d.sv:298$691_EN[511:0]$1228 [0] $0$memwr$\data_arr$../rtl/cache/l1d.sv:298$691_EN[511:0]$1228 [0] $0$memwr$\data_arr$../rtl/cache/l1d.sv:298$691_EN[511:0]$1228 [0] $0$memwr$\data_arr$../rtl/cache/l1d.sv:298$691_EN[511:0]$1228 [0] $0$memwr$\data_arr$../rtl/cache/l1d.sv:298$691_EN[511:0]$1228 [0] $0$memwr$\data_arr$../rtl/cache/l1d.sv:298$691_EN[511:0]$1228 [0] $0$memwr$\data_arr$../rtl/cache/l1d.sv:298$691_EN[511:0]$1228 [0] $0$memwr$\data_arr$../rtl/cache/l1d.sv:298$691_EN[511:0]$1228 [0] $0$memwr$\data_arr$../rtl/cache/l1d.sv:298$691_EN[511:0]$1228 [0] $0$memwr$\data_arr$../rtl/cache/l1d.sv:298$691_EN[511:0]$1228 [0] $0$memwr$\data_arr$../rtl/cache/l1d.sv:298$691_EN[511:0]$1228 [0] $0$memwr$\data_arr$../rtl/cache/l1d.sv:298$691_EN[511:0]$1228 [0] $0$memwr$\data_arr$../rtl/cache/l1d.sv:298$691_EN[511:0]$1228 [0] $0$memwr$\data_arr$../rtl/cache/l1d.sv:298$691_EN[511:0]$1228 [0] $0$memwr$\data_arr$../rtl/cache/l1d.sv:298$691_EN[511:0]$1228 [0] $0$memwr$\data_arr$../rtl/cache/l1d.sv:298$691_EN[511:0]$1228 [0] $0$memwr$\data_arr$../rtl/cache/l1d.sv:298$691_EN[511:0]$1228 [0] $0$memwr$\data_arr$../rtl/cache/l1d.sv:298$691_EN[511:0]$1228 [0] $0$memwr$\data_arr$../rtl/cache/l1d.sv:298$691_EN[511:0]$1228 [0] $0$memwr$\data_arr$../rtl/cache/l1d.sv:298$691_EN[511:0]$1228 [0] $0$memwr$\data_arr$../rtl/cache/l1d.sv:298$691_EN[511:0]$1228 [0] $0$memwr$\data_arr$../rtl/cache/l1d.sv:298$691_EN[511:0]$1228 [0] $0$memwr$\data_arr$../rtl/cache/l1d.sv:298$691_EN[511:0]$1228 [0] $0$memwr$\data_arr$../rtl/cache/l1d.sv:298$691_EN[511:0]$1228 [0] $0$memwr$\data_arr$../rtl/cache/l1d.sv:298$691_EN[511:0]$1228 [0] $0$memwr$\data_arr$../rtl/cache/l1d.sv:298$691_EN[511:0]$1228 [0] $0$memwr$\data_arr$../rtl/cache/l1d.sv:298$691_EN[511:0]$1228 [0] $0$memwr$\data_arr$../rtl/cache/l1d.sv:298$691_EN[511:0]$1228 [0] $0$memwr$\data_arr$../rtl/cache/l1d.sv:298$691_EN[511:0]$1228 [0] $0$memwr$\data_arr$../rtl/cache/l1d.sv:298$691_EN[511:0]$1228 [0] $0$memwr$\data_arr$../rtl/cache/l1d.sv:298$691_EN[511:0]$1228 [0] $0$memwr$\data_arr$../rtl/cache/l1d.sv:298$691_EN[511:0]$1228 [0] $0$memwr$\data_arr$../rtl/cache/l1d.sv:298$691_EN[511:0]$1228 [0] $0$memwr$\data_arr$../rtl/cache/l1d.sv:298$691_EN[511:0]$1228 [0] $0$memwr$\data_arr$../rtl/cache/l1d.sv:298$691_EN[511:0]$1228 [0] $0$memwr$\data_arr$../rtl/cache/l1d.sv:298$691_EN[511:0]$1228 [0] $0$memwr$\data_arr$../rtl/cache/l1d.sv:298$691_EN[511:0]$1228 [0] $0$memwr$\data_arr$../rtl/cache/l1d.sv:298$691_EN[511:0]$1228 [0] $0$memwr$\data_arr$../rtl/cache/l1d.sv:298$691_EN[511:0]$1228 [0] $0$memwr$\data_arr$../rtl/cache/l1d.sv:298$691_EN[511:0]$1228 [0] $0$memwr$\data_arr$../rtl/cache/l1d.sv:298$691_EN[511:0]$1228 [0] $0$memwr$\data_arr$../rtl/cache/l1d.sv:298$691_EN[511:0]$1228 [0] $0$memwr$\data_arr$../rtl/cache/l1d.sv:298$691_EN[511:0]$1228 [0] $0$memwr$\data_arr$../rtl/cache/l1d.sv:298$691_EN[511:0]$1228 [0] $0$memwr$\data_arr$../rtl/cache/l1d.sv:298$691_EN[511:0]$1228 [0] $0$memwr$\data_arr$../rtl/cache/l1d.sv:298$691_EN[511:0]$1228 [0] $0$memwr$\data_arr$../rtl/cache/l1d.sv:298$691_EN[511:0]$1228 [0] $0$memwr$\data_arr$../rtl/cache/l1d.sv:298$691_EN[511:0]$1228 [0] $0$memwr$\data_arr$../rtl/cache/l1d.sv:298$691_EN[511:0]$1228 [0] $0$memwr$\data_arr$../rtl/cache/l1d.sv:298$691_EN[511:0]$1228 [0] $0$memwr$\data_arr$../rtl/cache/l1d.sv:298$691_EN[511:0]$1228 [0] $0$memwr$\data_arr$../rtl/cache/l1d.sv:298$691_EN[511:0]$1228 [0] $0$memwr$\data_arr$../rtl/cache/l1d.sv:298$691_EN[511:0]$1228 [0] $0$memwr$\data_arr$../rtl/cache/l1d.sv:298$691_EN[511:0]$1228 [0] $0$memwr$\data_arr$../rtl/cache/l1d.sv:298$691_EN[511:0]$1228 [0] $0$memwr$\data_arr$../rtl/cache/l1d.sv:298$691_EN[511:0]$1228 [0] $0$memwr$\data_arr$../rtl/cache/l1d.sv:298$691_EN[511:0]$1228 [0] $0$memwr$\data_arr$../rtl/cache/l1d.sv:298$691_EN[511:0]$1228 [0] $0$memwr$\data_arr$../rtl/cache/l1d.sv:298$691_EN[511:0]$1228 [0] $0$memwr$\data_arr$../rtl/cache/l1d.sv:298$691_EN[511:0]$1228 [0] $0$memwr$\data_arr$../rtl/cache/l1d.sv:298$691_EN[511:0]$1228 [0] $0$memwr$\data_arr$../rtl/cache/l1d.sv:298$691_EN[511:0]$1228 [0] $0$memwr$\data_arr$../rtl/cache/l1d.sv:298$691_EN[511:0]$1228 [0] $0$memwr$\data_arr$../rtl/cache/l1d.sv:298$691_EN[511:0]$1228 [0] $0$memwr$\data_arr$../rtl/cache/l1d.sv:298$691_EN[511:0]$1228 [0] $0$memwr$\data_arr$../rtl/cache/l1d.sv:298$691_EN[511:0]$1228 [0] $0$memwr$\data_arr$../rtl/cache/l1d.sv:298$691_EN[511:0]$1228 [0] $0$memwr$\data_arr$../rtl/cache/l1d.sv:298$691_EN[511:0]$1228 [0] $0$memwr$\data_arr$../rtl/cache/l1d.sv:298$691_EN[511:0]$1228 [0] $0$memwr$\data_arr$../rtl/cache/l1d.sv:298$691_EN[511:0]$1228 [0] $0$memwr$\data_arr$../rtl/cache/l1d.sv:298$691_EN[511:0]$1228 [0] $0$memwr$\data_arr$../rtl/cache/l1d.sv:298$691_EN[511:0]$1228 [0] $0$memwr$\data_arr$../rtl/cache/l1d.sv:298$691_EN[511:0]$1228 [0] $0$memwr$\data_arr$../rtl/cache/l1d.sv:298$691_EN[511:0]$1228 [0] $0$memwr$\data_arr$../rtl/cache/l1d.sv:298$691_EN[511:0]$1228 [0] $0$memwr$\data_arr$../rtl/cache/l1d.sv:298$691_EN[511:0]$1228 [0] $0$memwr$\data_arr$../rtl/cache/l1d.sv:298$691_EN[511:0]$1228 [0] $0$memwr$\data_arr$../rtl/cache/l1d.sv:298$691_EN[511:0]$1228 [0] $0$memwr$\data_arr$../rtl/cache/l1d.sv:298$691_EN[511:0]$1228 [0] $0$memwr$\data_arr$../rtl/cache/l1d.sv:298$691_EN[511:0]$1228 [0] $0$memwr$\data_arr$../rtl/cache/l1d.sv:298$691_EN[511:0]$1228 [0] $0$memwr$\data_arr$../rtl/cache/l1d.sv:298$691_EN[511:0]$1228 [0] $0$memwr$\data_arr$../rtl/cache/l1d.sv:298$691_EN[511:0]$1228 [0] $0$memwr$\data_arr$../rtl/cache/l1d.sv:298$691_EN[511:0]$1228 [0] $0$memwr$\data_arr$../rtl/cache/l1d.sv:298$691_EN[511:0]$1228 [0] $0$memwr$\data_arr$../rtl/cache/l1d.sv:298$691_EN[511:0]$1228 [0] $0$memwr$\data_arr$../rtl/cache/l1d.sv:298$691_EN[511:0]$1228 [0] $0$memwr$\data_arr$../rtl/cache/l1d.sv:298$691_EN[511:0]$1228 [0] $0$memwr$\data_arr$../rtl/cache/l1d.sv:298$691_EN[511:0]$1228 [0] $0$memwr$\data_arr$../rtl/cache/l1d.sv:298$691_EN[511:0]$1228 [0] $0$memwr$\data_arr$../rtl/cache/l1d.sv:298$691_EN[511:0]$1228 [0] $0$memwr$\data_arr$../rtl/cache/l1d.sv:298$691_EN[511:0]$1228 [0] $0$memwr$\data_arr$../rtl/cache/l1d.sv:298$691_EN[511:0]$1228 [0] $0$memwr$\data_arr$../rtl/cache/l1d.sv:298$691_EN[511:0]$1228 [0] $0$memwr$\data_arr$../rtl/cache/l1d.sv:298$691_EN[511:0]$1228 [0] $0$memwr$\data_arr$../rtl/cache/l1d.sv:298$691_EN[511:0]$1228 [0] $0$memwr$\data_arr$../rtl/cache/l1d.sv:298$691_EN[511:0]$1228 [0] $0$memwr$\data_arr$../rtl/cache/l1d.sv:298$691_EN[511:0]$1228 [0] $0$memwr$\data_arr$../rtl/cache/l1d.sv:298$691_EN[511:0]$1228 [0] $0$memwr$\data_arr$../rtl/cache/l1d.sv:298$691_EN[511:0]$1228 [0] $0$memwr$\data_arr$../rtl/cache/l1d.sv:298$691_EN[511:0]$1228 [0] $0$memwr$\data_arr$../rtl/cache/l1d.sv:298$691_EN[511:0]$1228 [0] $0$memwr$\data_arr$../rtl/cache/l1d.sv:298$691_EN[511:0]$1228 [0] $0$memwr$\data_arr$../rtl/cache/l1d.sv:298$691_EN[511:0]$1228 [0] $0$memwr$\data_arr$../rtl/cache/l1d.sv:298$691_EN[511:0]$1228 [0] $0$memwr$\data_arr$../rtl/cache/l1d.sv:298$691_EN[511:0]$1228 [0] $0$memwr$\data_arr$../rtl/cache/l1d.sv:298$691_EN[511:0]$1228 [0] $0$memwr$\data_arr$../rtl/cache/l1d.sv:298$691_EN[511:0]$1228 [0] $0$memwr$\data_arr$../rtl/cache/l1d.sv:298$691_EN[511:0]$1228 [0] $0$memwr$\data_arr$../rtl/cache/l1d.sv:298$691_EN[511:0]$1228 [0] $0$memwr$\data_arr$../rtl/cache/l1d.sv:298$691_EN[511:0]$1228 [0] $0$memwr$\data_arr$../rtl/cache/l1d.sv:298$691_EN[511:0]$1228 [0] $0$memwr$\data_arr$../rtl/cache/l1d.sv:298$691_EN[511:0]$1228 [0] $0$memwr$\data_arr$../rtl/cache/l1d.sv:298$691_EN[511:0]$1228 [0] $0$memwr$\data_arr$../rtl/cache/l1d.sv:298$691_EN[511:0]$1228 [0] $0$memwr$\data_arr$../rtl/cache/l1d.sv:298$691_EN[511:0]$1228 [0] $0$memwr$\data_arr$../rtl/cache/l1d.sv:298$691_EN[511:0]$1228 [0] $0$memwr$\data_arr$../rtl/cache/l1d.sv:298$691_EN[511:0]$1228 [0] $0$memwr$\data_arr$../rtl/cache/l1d.sv:298$691_EN[511:0]$1228 [0] $0$memwr$\data_arr$../rtl/cache/l1d.sv:298$691_EN[511:0]$1228 [0] $0$memwr$\data_arr$../rtl/cache/l1d.sv:298$691_EN[511:0]$1228 [0] $0$memwr$\data_arr$../rtl/cache/l1d.sv:298$691_EN[511:0]$1228 [0] $0$memwr$\data_arr$../rtl/cache/l1d.sv:298$691_EN[511:0]$1228 [0] $0$memwr$\data_arr$../rtl/cache/l1d.sv:298$691_EN[511:0]$1228 [0] $0$memwr$\data_arr$../rtl/cache/l1d.sv:298$691_EN[511:0]$1228 [0] $0$memwr$\data_arr$../rtl/cache/l1d.sv:298$691_EN[511:0]$1228 [0] $0$memwr$\data_arr$../rtl/cache/l1d.sv:298$691_EN[511:0]$1228 [0] $0$memwr$\data_arr$../rtl/cache/l1d.sv:298$691_EN[511:0]$1228 [0] $0$memwr$\data_arr$../rtl/cache/l1d.sv:298$691_EN[511:0]$1228 [0] $0$memwr$\data_arr$../rtl/cache/l1d.sv:298$691_EN[511:0]$1228 [0] $0$memwr$\data_arr$../rtl/cache/l1d.sv:298$691_EN[511:0]$1228 [0] $0$memwr$\data_arr$../rtl/cache/l1d.sv:298$691_EN[511:0]$1228 [0] $0$memwr$\data_arr$../rtl/cache/l1d.sv:298$691_EN[511:0]$1228 [0] $0$memwr$\data_arr$../rtl/cache/l1d.sv:298$691_EN[511:0]$1228 [0] $0$memwr$\data_arr$../rtl/cache/l1d.sv:298$691_EN[511:0]$1228 [0] $0$memwr$\data_arr$../rtl/cache/l1d.sv:298$691_EN[511:0]$1228 [0] $0$memwr$\data_arr$../rtl/cache/l1d.sv:298$691_EN[511:0]$1228 [0] $0$memwr$\data_arr$../rtl/cache/l1d.sv:298$691_EN[511:0]$1228 [0] $0$memwr$\data_arr$../rtl/cache/l1d.sv:298$691_EN[511:0]$1228 [0] $0$memwr$\data_arr$../rtl/cache/l1d.sv:298$691_EN[511:0]$1228 [0] $0$memwr$\data_arr$../rtl/cache/l1d.sv:298$691_EN[511:0]$1228 [0] $0$memwr$\data_arr$../rtl/cache/l1d.sv:298$691_EN[511:0]$1228 [0] $0$memwr$\data_arr$../rtl/cache/l1d.sv:298$691_EN[511:0]$1228 [0] $0$memwr$\data_arr$../rtl/cache/l1d.sv:298$691_EN[511:0]$1228 [0] $0$memwr$\data_arr$../rtl/cache/l1d.sv:298$691_EN[511:0]$1228 [0] $0$memwr$\data_arr$../rtl/cache/l1d.sv:298$691_EN[511:0]$1228 [0] $0$memwr$\data_arr$../rtl/cache/l1d.sv:298$691_EN[511:0]$1228 [0] $0$memwr$\data_arr$../rtl/cache/l1d.sv:298$691_EN[511:0]$1228 [0] $0$memwr$\data_arr$../rtl/cache/l1d.sv:298$691_EN[511:0]$1228 [0] $0$memwr$\data_arr$../rtl/cache/l1d.sv:298$691_EN[511:0]$1228 [0] $0$memwr$\data_arr$../rtl/cache/l1d.sv:298$691_EN[511:0]$1228 [0] $0$memwr$\data_arr$../rtl/cache/l1d.sv:298$691_EN[511:0]$1228 [0] $0$memwr$\data_arr$../rtl/cache/l1d.sv:298$691_EN[511:0]$1228 [0] $0$memwr$\data_arr$../rtl/cache/l1d.sv:298$691_EN[511:0]$1228 [0] $0$memwr$\data_arr$../rtl/cache/l1d.sv:298$691_EN[511:0]$1228 [0] $0$memwr$\data_arr$../rtl/cache/l1d.sv:298$691_EN[511:0]$1228 [0] $0$memwr$\data_arr$../rtl/cache/l1d.sv:298$691_EN[511:0]$1228 [0] $0$memwr$\data_arr$../rtl/cache/l1d.sv:298$691_EN[511:0]$1228 [0] $0$memwr$\data_arr$../rtl/cache/l1d.sv:298$691_EN[511:0]$1228 [0] $0$memwr$\data_arr$../rtl/cache/l1d.sv:298$691_EN[511:0]$1228 [0] $0$memwr$\data_arr$../rtl/cache/l1d.sv:298$691_EN[511:0]$1228 [0] $0$memwr$\data_arr$../rtl/cache/l1d.sv:298$691_EN[511:0]$1228 [0] $0$memwr$\data_arr$../rtl/cache/l1d.sv:298$691_EN[511:0]$1228 [0] $0$memwr$\data_arr$../rtl/cache/l1d.sv:298$691_EN[511:0]$1228 [0] $0$memwr$\data_arr$../rtl/cache/l1d.sv:298$691_EN[511:0]$1228 [0] $0$memwr$\data_arr$../rtl/cache/l1d.sv:298$691_EN[511:0]$1228 [0] $0$memwr$\data_arr$../rtl/cache/l1d.sv:298$691_EN[511:0]$1228 [0] $0$memwr$\data_arr$../rtl/cache/l1d.sv:298$691_EN[511:0]$1228 [0] $0$memwr$\data_arr$../rtl/cache/l1d.sv:298$691_EN[511:0]$1228 [0] $0$memwr$\data_arr$../rtl/cache/l1d.sv:298$691_EN[511:0]$1228 [0] $0$memwr$\data_arr$../rtl/cache/l1d.sv:298$691_EN[511:0]$1228 [0] $0$memwr$\data_arr$../rtl/cache/l1d.sv:298$691_EN[511:0]$1228 [0] $0$memwr$\data_arr$../rtl/cache/l1d.sv:298$691_EN[511:0]$1228 [0] $0$memwr$\data_arr$../rtl/cache/l1d.sv:298$691_EN[511:0]$1228 [0] $0$memwr$\data_arr$../rtl/cache/l1d.sv:298$691_EN[511:0]$1228 [0] $0$memwr$\data_arr$../rtl/cache/l1d.sv:298$691_EN[511:0]$1228 [0] $0$memwr$\data_arr$../rtl/cache/l1d.sv:298$691_EN[511:0]$1228 [0] $0$memwr$\data_arr$../rtl/cache/l1d.sv:298$691_EN[511:0]$1228 [0] $0$memwr$\data_arr$../rtl/cache/l1d.sv:298$691_EN[511:0]$1228 [0] $0$memwr$\data_arr$../rtl/cache/l1d.sv:298$691_EN[511:0]$1228 [0] $0$memwr$\data_arr$../rtl/cache/l1d.sv:298$691_EN[511:0]$1228 [0] $0$memwr$\data_arr$../rtl/cache/l1d.sv:298$691_EN[511:0]$1228 [0] $0$memwr$\data_arr$../rtl/cache/l1d.sv:298$691_EN[511:0]$1228 [0] $0$memwr$\data_arr$../rtl/cache/l1d.sv:298$691_EN[511:0]$1228 [0] $0$memwr$\data_arr$../rtl/cache/l1d.sv:298$691_EN[511:0]$1228 [0] $0$memwr$\data_arr$../rtl/cache/l1d.sv:298$691_EN[511:0]$1228 [0] $0$memwr$\data_arr$../rtl/cache/l1d.sv:298$691_EN[511:0]$1228 [0] $0$memwr$\data_arr$../rtl/cache/l1d.sv:298$691_EN[511:0]$1228 [0] $0$memwr$\data_arr$../rtl/cache/l1d.sv:298$691_EN[511:0]$1228 [0] $0$memwr$\data_arr$../rtl/cache/l1d.sv:298$691_EN[511:0]$1228 [0] $0$memwr$\data_arr$../rtl/cache/l1d.sv:298$691_EN[511:0]$1228 [0] $0$memwr$\data_arr$../rtl/cache/l1d.sv:298$691_EN[511:0]$1228 [0] $0$memwr$\data_arr$../rtl/cache/l1d.sv:298$691_EN[511:0]$1228 [0] $0$memwr$\data_arr$../rtl/cache/l1d.sv:298$691_EN[511:0]$1228 [0] $0$memwr$\data_arr$../rtl/cache/l1d.sv:298$691_EN[511:0]$1228 [0] $0$memwr$\data_arr$../rtl/cache/l1d.sv:298$691_EN[511:0]$1228 [0] $0$memwr$\data_arr$../rtl/cache/l1d.sv:298$691_EN[511:0]$1228 [0] $0$memwr$\data_arr$../rtl/cache/l1d.sv:298$691_EN[511:0]$1228 [0] $0$memwr$\data_arr$../rtl/cache/l1d.sv:298$691_EN[511:0]$1228 [0] $0$memwr$\data_arr$../rtl/cache/l1d.sv:298$691_EN[511:0]$1228 [0] $0$memwr$\data_arr$../rtl/cache/l1d.sv:298$691_EN[511:0]$1228 [0] $0$memwr$\data_arr$../rtl/cache/l1d.sv:298$691_EN[511:0]$1228 [0] $0$memwr$\data_arr$../rtl/cache/l1d.sv:298$691_EN[511:0]$1228 [0] $0$memwr$\data_arr$../rtl/cache/l1d.sv:298$691_EN[511:0]$1228 [0] $0$memwr$\data_arr$../rtl/cache/l1d.sv:298$691_EN[511:0]$1228 [0] $0$memwr$\data_arr$../rtl/cache/l1d.sv:298$691_EN[511:0]$1228 [0] }
    Consolidated identical input bits for $mux cell $procmux$3856:
      Old ports: A=512'00000000000000000000000000000000000000000000000000000000000000000000000000000000000000000000000000000000000000000000000000000000000000000000000000000000000000000000000000000000000000000000000000000000000000000000000000000000000000000000000000000000000000000000000000000000000000000000000000000000000000000000000000000000000000000000000000000000000000000000000000000000000000000000000000000000000000000000000000000000000000000000000000000000000000000000000000000000000000000000000000000000000000000000000000000000, B=$2$memwr$\data_arr$../rtl/cache/l1d.sv:301$693_EN[511:0]$1718, Y=$0$memwr$\data_arr$../rtl/cache/l1d.sv:301$693_EN[511:0]$1233
      New ports: A=1'0, B=$procmux$2427_Y [0], Y=$0$memwr$\data_arr$../rtl/cache/l1d.sv:301$693_EN[511:0]$1233 [0]
      New connections: $0$memwr$\data_arr$../rtl/cache/l1d.sv:301$693_EN[511:0]$1233 [511:1] = { $0$memwr$\data_arr$../rtl/cache/l1d.sv:301$693_EN[511:0]$1233 [0] $0$memwr$\data_arr$../rtl/cache/l1d.sv:301$693_EN[511:0]$1233 [0] $0$memwr$\data_arr$../rtl/cache/l1d.sv:301$693_EN[511:0]$1233 [0] $0$memwr$\data_arr$../rtl/cache/l1d.sv:301$693_EN[511:0]$1233 [0] $0$memwr$\data_arr$../rtl/cache/l1d.sv:301$693_EN[511:0]$1233 [0] $0$memwr$\data_arr$../rtl/cache/l1d.sv:301$693_EN[511:0]$1233 [0] $0$memwr$\data_arr$../rtl/cache/l1d.sv:301$693_EN[511:0]$1233 [0] $0$memwr$\data_arr$../rtl/cache/l1d.sv:301$693_EN[511:0]$1233 [0] $0$memwr$\data_arr$../rtl/cache/l1d.sv:301$693_EN[511:0]$1233 [0] $0$memwr$\data_arr$../rtl/cache/l1d.sv:301$693_EN[511:0]$1233 [0] $0$memwr$\data_arr$../rtl/cache/l1d.sv:301$693_EN[511:0]$1233 [0] $0$memwr$\data_arr$../rtl/cache/l1d.sv:301$693_EN[511:0]$1233 [0] $0$memwr$\data_arr$../rtl/cache/l1d.sv:301$693_EN[511:0]$1233 [0] $0$memwr$\data_arr$../rtl/cache/l1d.sv:301$693_EN[511:0]$1233 [0] $0$memwr$\data_arr$../rtl/cache/l1d.sv:301$693_EN[511:0]$1233 [0] $0$memwr$\data_arr$../rtl/cache/l1d.sv:301$693_EN[511:0]$1233 [0] $0$memwr$\data_arr$../rtl/cache/l1d.sv:301$693_EN[511:0]$1233 [0] $0$memwr$\data_arr$../rtl/cache/l1d.sv:301$693_EN[511:0]$1233 [0] $0$memwr$\data_arr$../rtl/cache/l1d.sv:301$693_EN[511:0]$1233 [0] $0$memwr$\data_arr$../rtl/cache/l1d.sv:301$693_EN[511:0]$1233 [0] $0$memwr$\data_arr$../rtl/cache/l1d.sv:301$693_EN[511:0]$1233 [0] $0$memwr$\data_arr$../rtl/cache/l1d.sv:301$693_EN[511:0]$1233 [0] $0$memwr$\data_arr$../rtl/cache/l1d.sv:301$693_EN[511:0]$1233 [0] $0$memwr$\data_arr$../rtl/cache/l1d.sv:301$693_EN[511:0]$1233 [0] $0$memwr$\data_arr$../rtl/cache/l1d.sv:301$693_EN[511:0]$1233 [0] $0$memwr$\data_arr$../rtl/cache/l1d.sv:301$693_EN[511:0]$1233 [0] $0$memwr$\data_arr$../rtl/cache/l1d.sv:301$693_EN[511:0]$1233 [0] $0$memwr$\data_arr$../rtl/cache/l1d.sv:301$693_EN[511:0]$1233 [0] $0$memwr$\data_arr$../rtl/cache/l1d.sv:301$693_EN[511:0]$1233 [0] $0$memwr$\data_arr$../rtl/cache/l1d.sv:301$693_EN[511:0]$1233 [0] $0$memwr$\data_arr$../rtl/cache/l1d.sv:301$693_EN[511:0]$1233 [0] $0$memwr$\data_arr$../rtl/cache/l1d.sv:301$693_EN[511:0]$1233 [0] $0$memwr$\data_arr$../rtl/cache/l1d.sv:301$693_EN[511:0]$1233 [0] $0$memwr$\data_arr$../rtl/cache/l1d.sv:301$693_EN[511:0]$1233 [0] $0$memwr$\data_arr$../rtl/cache/l1d.sv:301$693_EN[511:0]$1233 [0] $0$memwr$\data_arr$../rtl/cache/l1d.sv:301$693_EN[511:0]$1233 [0] $0$memwr$\data_arr$../rtl/cache/l1d.sv:301$693_EN[511:0]$1233 [0] $0$memwr$\data_arr$../rtl/cache/l1d.sv:301$693_EN[511:0]$1233 [0] $0$memwr$\data_arr$../rtl/cache/l1d.sv:301$693_EN[511:0]$1233 [0] $0$memwr$\data_arr$../rtl/cache/l1d.sv:301$693_EN[511:0]$1233 [0] $0$memwr$\data_arr$../rtl/cache/l1d.sv:301$693_EN[511:0]$1233 [0] $0$memwr$\data_arr$../rtl/cache/l1d.sv:301$693_EN[511:0]$1233 [0] $0$memwr$\data_arr$../rtl/cache/l1d.sv:301$693_EN[511:0]$1233 [0] $0$memwr$\data_arr$../rtl/cache/l1d.sv:301$693_EN[511:0]$1233 [0] $0$memwr$\data_arr$../rtl/cache/l1d.sv:301$693_EN[511:0]$1233 [0] $0$memwr$\data_arr$../rtl/cache/l1d.sv:301$693_EN[511:0]$1233 [0] $0$memwr$\data_arr$../rtl/cache/l1d.sv:301$693_EN[511:0]$1233 [0] $0$memwr$\data_arr$../rtl/cache/l1d.sv:301$693_EN[511:0]$1233 [0] $0$memwr$\data_arr$../rtl/cache/l1d.sv:301$693_EN[511:0]$1233 [0] $0$memwr$\data_arr$../rtl/cache/l1d.sv:301$693_EN[511:0]$1233 [0] $0$memwr$\data_arr$../rtl/cache/l1d.sv:301$693_EN[511:0]$1233 [0] $0$memwr$\data_arr$../rtl/cache/l1d.sv:301$693_EN[511:0]$1233 [0] $0$memwr$\data_arr$../rtl/cache/l1d.sv:301$693_EN[511:0]$1233 [0] $0$memwr$\data_arr$../rtl/cache/l1d.sv:301$693_EN[511:0]$1233 [0] $0$memwr$\data_arr$../rtl/cache/l1d.sv:301$693_EN[511:0]$1233 [0] $0$memwr$\data_arr$../rtl/cache/l1d.sv:301$693_EN[511:0]$1233 [0] $0$memwr$\data_arr$../rtl/cache/l1d.sv:301$693_EN[511:0]$1233 [0] $0$memwr$\data_arr$../rtl/cache/l1d.sv:301$693_EN[511:0]$1233 [0] $0$memwr$\data_arr$../rtl/cache/l1d.sv:301$693_EN[511:0]$1233 [0] $0$memwr$\data_arr$../rtl/cache/l1d.sv:301$693_EN[511:0]$1233 [0] $0$memwr$\data_arr$../rtl/cache/l1d.sv:301$693_EN[511:0]$1233 [0] $0$memwr$\data_arr$../rtl/cache/l1d.sv:301$693_EN[511:0]$1233 [0] $0$memwr$\data_arr$../rtl/cache/l1d.sv:301$693_EN[511:0]$1233 [0] $0$memwr$\data_arr$../rtl/cache/l1d.sv:301$693_EN[511:0]$1233 [0] $0$memwr$\data_arr$../rtl/cache/l1d.sv:301$693_EN[511:0]$1233 [0] $0$memwr$\data_arr$../rtl/cache/l1d.sv:301$693_EN[511:0]$1233 [0] $0$memwr$\data_arr$../rtl/cache/l1d.sv:301$693_EN[511:0]$1233 [0] $0$memwr$\data_arr$../rtl/cache/l1d.sv:301$693_EN[511:0]$1233 [0] $0$memwr$\data_arr$../rtl/cache/l1d.sv:301$693_EN[511:0]$1233 [0] $0$memwr$\data_arr$../rtl/cache/l1d.sv:301$693_EN[511:0]$1233 [0] $0$memwr$\data_arr$../rtl/cache/l1d.sv:301$693_EN[511:0]$1233 [0] $0$memwr$\data_arr$../rtl/cache/l1d.sv:301$693_EN[511:0]$1233 [0] $0$memwr$\data_arr$../rtl/cache/l1d.sv:301$693_EN[511:0]$1233 [0] $0$memwr$\data_arr$../rtl/cache/l1d.sv:301$693_EN[511:0]$1233 [0] $0$memwr$\data_arr$../rtl/cache/l1d.sv:301$693_EN[511:0]$1233 [0] $0$memwr$\data_arr$../rtl/cache/l1d.sv:301$693_EN[511:0]$1233 [0] $0$memwr$\data_arr$../rtl/cache/l1d.sv:301$693_EN[511:0]$1233 [0] $0$memwr$\data_arr$../rtl/cache/l1d.sv:301$693_EN[511:0]$1233 [0] $0$memwr$\data_arr$../rtl/cache/l1d.sv:301$693_EN[511:0]$1233 [0] $0$memwr$\data_arr$../rtl/cache/l1d.sv:301$693_EN[511:0]$1233 [0] $0$memwr$\data_arr$../rtl/cache/l1d.sv:301$693_EN[511:0]$1233 [0] $0$memwr$\data_arr$../rtl/cache/l1d.sv:301$693_EN[511:0]$1233 [0] $0$memwr$\data_arr$../rtl/cache/l1d.sv:301$693_EN[511:0]$1233 [0] $0$memwr$\data_arr$../rtl/cache/l1d.sv:301$693_EN[511:0]$1233 [0] $0$memwr$\data_arr$../rtl/cache/l1d.sv:301$693_EN[511:0]$1233 [0] $0$memwr$\data_arr$../rtl/cache/l1d.sv:301$693_EN[511:0]$1233 [0] $0$memwr$\data_arr$../rtl/cache/l1d.sv:301$693_EN[511:0]$1233 [0] $0$memwr$\data_arr$../rtl/cache/l1d.sv:301$693_EN[511:0]$1233 [0] $0$memwr$\data_arr$../rtl/cache/l1d.sv:301$693_EN[511:0]$1233 [0] $0$memwr$\data_arr$../rtl/cache/l1d.sv:301$693_EN[511:0]$1233 [0] $0$memwr$\data_arr$../rtl/cache/l1d.sv:301$693_EN[511:0]$1233 [0] $0$memwr$\data_arr$../rtl/cache/l1d.sv:301$693_EN[511:0]$1233 [0] $0$memwr$\data_arr$../rtl/cache/l1d.sv:301$693_EN[511:0]$1233 [0] $0$memwr$\data_arr$../rtl/cache/l1d.sv:301$693_EN[511:0]$1233 [0] $0$memwr$\data_arr$../rtl/cache/l1d.sv:301$693_EN[511:0]$1233 [0] $0$memwr$\data_arr$../rtl/cache/l1d.sv:301$693_EN[511:0]$1233 [0] $0$memwr$\data_arr$../rtl/cache/l1d.sv:301$693_EN[511:0]$1233 [0] $0$memwr$\data_arr$../rtl/cache/l1d.sv:301$693_EN[511:0]$1233 [0] $0$memwr$\data_arr$../rtl/cache/l1d.sv:301$693_EN[511:0]$1233 [0] $0$memwr$\data_arr$../rtl/cache/l1d.sv:301$693_EN[511:0]$1233 [0] $0$memwr$\data_arr$../rtl/cache/l1d.sv:301$693_EN[511:0]$1233 [0] $0$memwr$\data_arr$../rtl/cache/l1d.sv:301$693_EN[511:0]$1233 [0] $0$memwr$\data_arr$../rtl/cache/l1d.sv:301$693_EN[511:0]$1233 [0] $0$memwr$\data_arr$../rtl/cache/l1d.sv:301$693_EN[511:0]$1233 [0] $0$memwr$\data_arr$../rtl/cache/l1d.sv:301$693_EN[511:0]$1233 [0] $0$memwr$\data_arr$../rtl/cache/l1d.sv:301$693_EN[511:0]$1233 [0] $0$memwr$\data_arr$../rtl/cache/l1d.sv:301$693_EN[511:0]$1233 [0] $0$memwr$\data_arr$../rtl/cache/l1d.sv:301$693_EN[511:0]$1233 [0] $0$memwr$\data_arr$../rtl/cache/l1d.sv:301$693_EN[511:0]$1233 [0] $0$memwr$\data_arr$../rtl/cache/l1d.sv:301$693_EN[511:0]$1233 [0] $0$memwr$\data_arr$../rtl/cache/l1d.sv:301$693_EN[511:0]$1233 [0] $0$memwr$\data_arr$../rtl/cache/l1d.sv:301$693_EN[511:0]$1233 [0] $0$memwr$\data_arr$../rtl/cache/l1d.sv:301$693_EN[511:0]$1233 [0] $0$memwr$\data_arr$../rtl/cache/l1d.sv:301$693_EN[511:0]$1233 [0] $0$memwr$\data_arr$../rtl/cache/l1d.sv:301$693_EN[511:0]$1233 [0] $0$memwr$\data_arr$../rtl/cache/l1d.sv:301$693_EN[511:0]$1233 [0] $0$memwr$\data_arr$../rtl/cache/l1d.sv:301$693_EN[511:0]$1233 [0] $0$memwr$\data_arr$../rtl/cache/l1d.sv:301$693_EN[511:0]$1233 [0] $0$memwr$\data_arr$../rtl/cache/l1d.sv:301$693_EN[511:0]$1233 [0] $0$memwr$\data_arr$../rtl/cache/l1d.sv:301$693_EN[511:0]$1233 [0] $0$memwr$\data_arr$../rtl/cache/l1d.sv:301$693_EN[511:0]$1233 [0] $0$memwr$\data_arr$../rtl/cache/l1d.sv:301$693_EN[511:0]$1233 [0] $0$memwr$\data_arr$../rtl/cache/l1d.sv:301$693_EN[511:0]$1233 [0] $0$memwr$\data_arr$../rtl/cache/l1d.sv:301$693_EN[511:0]$1233 [0] $0$memwr$\data_arr$../rtl/cache/l1d.sv:301$693_EN[511:0]$1233 [0] $0$memwr$\data_arr$../rtl/cache/l1d.sv:301$693_EN[511:0]$1233 [0] $0$memwr$\data_arr$../rtl/cache/l1d.sv:301$693_EN[511:0]$1233 [0] $0$memwr$\data_arr$../rtl/cache/l1d.sv:301$693_EN[511:0]$1233 [0] $0$memwr$\data_arr$../rtl/cache/l1d.sv:301$693_EN[511:0]$1233 [0] $0$memwr$\data_arr$../rtl/cache/l1d.sv:301$693_EN[511:0]$1233 [0] $0$memwr$\data_arr$../rtl/cache/l1d.sv:301$693_EN[511:0]$1233 [0] $0$memwr$\data_arr$../rtl/cache/l1d.sv:301$693_EN[511:0]$1233 [0] $0$memwr$\data_arr$../rtl/cache/l1d.sv:301$693_EN[511:0]$1233 [0] $0$memwr$\data_arr$../rtl/cache/l1d.sv:301$693_EN[511:0]$1233 [0] $0$memwr$\data_arr$../rtl/cache/l1d.sv:301$693_EN[511:0]$1233 [0] $0$memwr$\data_arr$../rtl/cache/l1d.sv:301$693_EN[511:0]$1233 [0] $0$memwr$\data_arr$../rtl/cache/l1d.sv:301$693_EN[511:0]$1233 [0] $0$memwr$\data_arr$../rtl/cache/l1d.sv:301$693_EN[511:0]$1233 [0] $0$memwr$\data_arr$../rtl/cache/l1d.sv:301$693_EN[511:0]$1233 [0] $0$memwr$\data_arr$../rtl/cache/l1d.sv:301$693_EN[511:0]$1233 [0] $0$memwr$\data_arr$../rtl/cache/l1d.sv:301$693_EN[511:0]$1233 [0] $0$memwr$\data_arr$../rtl/cache/l1d.sv:301$693_EN[511:0]$1233 [0] $0$memwr$\data_arr$../rtl/cache/l1d.sv:301$693_EN[511:0]$1233 [0] $0$memwr$\data_arr$../rtl/cache/l1d.sv:301$693_EN[511:0]$1233 [0] $0$memwr$\data_arr$../rtl/cache/l1d.sv:301$693_EN[511:0]$1233 [0] $0$memwr$\data_arr$../rtl/cache/l1d.sv:301$693_EN[511:0]$1233 [0] $0$memwr$\data_arr$../rtl/cache/l1d.sv:301$693_EN[511:0]$1233 [0] $0$memwr$\data_arr$../rtl/cache/l1d.sv:301$693_EN[511:0]$1233 [0] $0$memwr$\data_arr$../rtl/cache/l1d.sv:301$693_EN[511:0]$1233 [0] $0$memwr$\data_arr$../rtl/cache/l1d.sv:301$693_EN[511:0]$1233 [0] $0$memwr$\data_arr$../rtl/cache/l1d.sv:301$693_EN[511:0]$1233 [0] $0$memwr$\data_arr$../rtl/cache/l1d.sv:301$693_EN[511:0]$1233 [0] $0$memwr$\data_arr$../rtl/cache/l1d.sv:301$693_EN[511:0]$1233 [0] $0$memwr$\data_arr$../rtl/cache/l1d.sv:301$693_EN[511:0]$1233 [0] $0$memwr$\data_arr$../rtl/cache/l1d.sv:301$693_EN[511:0]$1233 [0] $0$memwr$\data_arr$../rtl/cache/l1d.sv:301$693_EN[511:0]$1233 [0] $0$memwr$\data_arr$../rtl/cache/l1d.sv:301$693_EN[511:0]$1233 [0] $0$memwr$\data_arr$../rtl/cache/l1d.sv:301$693_EN[511:0]$1233 [0] $0$memwr$\data_arr$../rtl/cache/l1d.sv:301$693_EN[511:0]$1233 [0] $0$memwr$\data_arr$../rtl/cache/l1d.sv:301$693_EN[511:0]$1233 [0] $0$memwr$\data_arr$../rtl/cache/l1d.sv:301$693_EN[511:0]$1233 [0] $0$memwr$\data_arr$../rtl/cache/l1d.sv:301$693_EN[511:0]$1233 [0] $0$memwr$\data_arr$../rtl/cache/l1d.sv:301$693_EN[511:0]$1233 [0] $0$memwr$\data_arr$../rtl/cache/l1d.sv:301$693_EN[511:0]$1233 [0] $0$memwr$\data_arr$../rtl/cache/l1d.sv:301$693_EN[511:0]$1233 [0] $0$memwr$\data_arr$../rtl/cache/l1d.sv:301$693_EN[511:0]$1233 [0] $0$memwr$\data_arr$../rtl/cache/l1d.sv:301$693_EN[511:0]$1233 [0] $0$memwr$\data_arr$../rtl/cache/l1d.sv:301$693_EN[511:0]$1233 [0] $0$memwr$\data_arr$../rtl/cache/l1d.sv:301$693_EN[511:0]$1233 [0] $0$memwr$\data_arr$../rtl/cache/l1d.sv:301$693_EN[511:0]$1233 [0] $0$memwr$\data_arr$../rtl/cache/l1d.sv:301$693_EN[511:0]$1233 [0] $0$memwr$\data_arr$../rtl/cache/l1d.sv:301$693_EN[511:0]$1233 [0] $0$memwr$\data_arr$../rtl/cache/l1d.sv:301$693_EN[511:0]$1233 [0] $0$memwr$\data_arr$../rtl/cache/l1d.sv:301$693_EN[511:0]$1233 [0] $0$memwr$\data_arr$../rtl/cache/l1d.sv:301$693_EN[511:0]$1233 [0] $0$memwr$\data_arr$../rtl/cache/l1d.sv:301$693_EN[511:0]$1233 [0] $0$memwr$\data_arr$../rtl/cache/l1d.sv:301$693_EN[511:0]$1233 [0] $0$memwr$\data_arr$../rtl/cache/l1d.sv:301$693_EN[511:0]$1233 [0] $0$memwr$\data_arr$../rtl/cache/l1d.sv:301$693_EN[511:0]$1233 [0] $0$memwr$\data_arr$../rtl/cache/l1d.sv:301$693_EN[511:0]$1233 [0] $0$memwr$\data_arr$../rtl/cache/l1d.sv:301$693_EN[511:0]$1233 [0] $0$memwr$\data_arr$../rtl/cache/l1d.sv:301$693_EN[511:0]$1233 [0] $0$memwr$\data_arr$../rtl/cache/l1d.sv:301$693_EN[511:0]$1233 [0] $0$memwr$\data_arr$../rtl/cache/l1d.sv:301$693_EN[511:0]$1233 [0] $0$memwr$\data_arr$../rtl/cache/l1d.sv:301$693_EN[511:0]$1233 [0] $0$memwr$\data_arr$../rtl/cache/l1d.sv:301$693_EN[511:0]$1233 [0] $0$memwr$\data_arr$../rtl/cache/l1d.sv:301$693_EN[511:0]$1233 [0] $0$memwr$\data_arr$../rtl/cache/l1d.sv:301$693_EN[511:0]$1233 [0] $0$memwr$\data_arr$../rtl/cache/l1d.sv:301$693_EN[511:0]$1233 [0] $0$memwr$\data_arr$../rtl/cache/l1d.sv:301$693_EN[511:0]$1233 [0] $0$memwr$\data_arr$../rtl/cache/l1d.sv:301$693_EN[511:0]$1233 [0] $0$memwr$\data_arr$../rtl/cache/l1d.sv:301$693_EN[511:0]$1233 [0] $0$memwr$\data_arr$../rtl/cache/l1d.sv:301$693_EN[511:0]$1233 [0] $0$memwr$\data_arr$../rtl/cache/l1d.sv:301$693_EN[511:0]$1233 [0] $0$memwr$\data_arr$../rtl/cache/l1d.sv:301$693_EN[511:0]$1233 [0] $0$memwr$\data_arr$../rtl/cache/l1d.sv:301$693_EN[511:0]$1233 [0] $0$memwr$\data_arr$../rtl/cache/l1d.sv:301$693_EN[511:0]$1233 [0] $0$memwr$\data_arr$../rtl/cache/l1d.sv:301$693_EN[511:0]$1233 [0] $0$memwr$\data_arr$../rtl/cache/l1d.sv:301$693_EN[511:0]$1233 [0] $0$memwr$\data_arr$../rtl/cache/l1d.sv:301$693_EN[511:0]$1233 [0] $0$memwr$\data_arr$../rtl/cache/l1d.sv:301$693_EN[511:0]$1233 [0] $0$memwr$\data_arr$../rtl/cache/l1d.sv:301$693_EN[511:0]$1233 [0] $0$memwr$\data_arr$../rtl/cache/l1d.sv:301$693_EN[511:0]$1233 [0] $0$memwr$\data_arr$../rtl/cache/l1d.sv:301$693_EN[511:0]$1233 [0] $0$memwr$\data_arr$../rtl/cache/l1d.sv:301$693_EN[511:0]$1233 [0] $0$memwr$\data_arr$../rtl/cache/l1d.sv:301$693_EN[511:0]$1233 [0] $0$memwr$\data_arr$../rtl/cache/l1d.sv:301$693_EN[511:0]$1233 [0] $0$memwr$\data_arr$../rtl/cache/l1d.sv:301$693_EN[511:0]$1233 [0] $0$memwr$\data_arr$../rtl/cache/l1d.sv:301$693_EN[511:0]$1233 [0] $0$memwr$\data_arr$../rtl/cache/l1d.sv:301$693_EN[511:0]$1233 [0] $0$memwr$\data_arr$../rtl/cache/l1d.sv:301$693_EN[511:0]$1233 [0] $0$memwr$\data_arr$../rtl/cache/l1d.sv:301$693_EN[511:0]$1233 [0] $0$memwr$\data_arr$../rtl/cache/l1d.sv:301$693_EN[511:0]$1233 [0] $0$memwr$\data_arr$../rtl/cache/l1d.sv:301$693_EN[511:0]$1233 [0] $0$memwr$\data_arr$../rtl/cache/l1d.sv:301$693_EN[511:0]$1233 [0] $0$memwr$\data_arr$../rtl/cache/l1d.sv:301$693_EN[511:0]$1233 [0] $0$memwr$\data_arr$../rtl/cache/l1d.sv:301$693_EN[511:0]$1233 [0] $0$memwr$\data_arr$../rtl/cache/l1d.sv:301$693_EN[511:0]$1233 [0] $0$memwr$\data_arr$../rtl/cache/l1d.sv:301$693_EN[511:0]$1233 [0] $0$memwr$\data_arr$../rtl/cache/l1d.sv:301$693_EN[511:0]$1233 [0] $0$memwr$\data_arr$../rtl/cache/l1d.sv:301$693_EN[511:0]$1233 [0] $0$memwr$\data_arr$../rtl/cache/l1d.sv:301$693_EN[511:0]$1233 [0] $0$memwr$\data_arr$../rtl/cache/l1d.sv:301$693_EN[511:0]$1233 [0] $0$memwr$\data_arr$../rtl/cache/l1d.sv:301$693_EN[511:0]$1233 [0] $0$memwr$\data_arr$../rtl/cache/l1d.sv:301$693_EN[511:0]$1233 [0] $0$memwr$\data_arr$../rtl/cache/l1d.sv:301$693_EN[511:0]$1233 [0] $0$memwr$\data_arr$../rtl/cache/l1d.sv:301$693_EN[511:0]$1233 [0] $0$memwr$\data_arr$../rtl/cache/l1d.sv:301$693_EN[511:0]$1233 [0] $0$memwr$\data_arr$../rtl/cache/l1d.sv:301$693_EN[511:0]$1233 [0] $0$memwr$\data_arr$../rtl/cache/l1d.sv:301$693_EN[511:0]$1233 [0] $0$memwr$\data_arr$../rtl/cache/l1d.sv:301$693_EN[511:0]$1233 [0] $0$memwr$\data_arr$../rtl/cache/l1d.sv:301$693_EN[511:0]$1233 [0] $0$memwr$\data_arr$../rtl/cache/l1d.sv:301$693_EN[511:0]$1233 [0] $0$memwr$\data_arr$../rtl/cache/l1d.sv:301$693_EN[511:0]$1233 [0] $0$memwr$\data_arr$../rtl/cache/l1d.sv:301$693_EN[511:0]$1233 [0] $0$memwr$\data_arr$../rtl/cache/l1d.sv:301$693_EN[511:0]$1233 [0] $0$memwr$\data_arr$../rtl/cache/l1d.sv:301$693_EN[511:0]$1233 [0] $0$memwr$\data_arr$../rtl/cache/l1d.sv:301$693_EN[511:0]$1233 [0] $0$memwr$\data_arr$../rtl/cache/l1d.sv:301$693_EN[511:0]$1233 [0] $0$memwr$\data_arr$../rtl/cache/l1d.sv:301$693_EN[511:0]$1233 [0] $0$memwr$\data_arr$../rtl/cache/l1d.sv:301$693_EN[511:0]$1233 [0] $0$memwr$\data_arr$../rtl/cache/l1d.sv:301$693_EN[511:0]$1233 [0] $0$memwr$\data_arr$../rtl/cache/l1d.sv:301$693_EN[511:0]$1233 [0] $0$memwr$\data_arr$../rtl/cache/l1d.sv:301$693_EN[511:0]$1233 [0] $0$memwr$\data_arr$../rtl/cache/l1d.sv:301$693_EN[511:0]$1233 [0] $0$memwr$\data_arr$../rtl/cache/l1d.sv:301$693_EN[511:0]$1233 [0] $0$memwr$\data_arr$../rtl/cache/l1d.sv:301$693_EN[511:0]$1233 [0] $0$memwr$\data_arr$../rtl/cache/l1d.sv:301$693_EN[511:0]$1233 [0] $0$memwr$\data_arr$../rtl/cache/l1d.sv:301$693_EN[511:0]$1233 [0] $0$memwr$\data_arr$../rtl/cache/l1d.sv:301$693_EN[511:0]$1233 [0] $0$memwr$\data_arr$../rtl/cache/l1d.sv:301$693_EN[511:0]$1233 [0] $0$memwr$\data_arr$../rtl/cache/l1d.sv:301$693_EN[511:0]$1233 [0] $0$memwr$\data_arr$../rtl/cache/l1d.sv:301$693_EN[511:0]$1233 [0] $0$memwr$\data_arr$../rtl/cache/l1d.sv:301$693_EN[511:0]$1233 [0] $0$memwr$\data_arr$../rtl/cache/l1d.sv:301$693_EN[511:0]$1233 [0] $0$memwr$\data_arr$../rtl/cache/l1d.sv:301$693_EN[511:0]$1233 [0] $0$memwr$\data_arr$../rtl/cache/l1d.sv:301$693_EN[511:0]$1233 [0] $0$memwr$\data_arr$../rtl/cache/l1d.sv:301$693_EN[511:0]$1233 [0] $0$memwr$\data_arr$../rtl/cache/l1d.sv:301$693_EN[511:0]$1233 [0] $0$memwr$\data_arr$../rtl/cache/l1d.sv:301$693_EN[511:0]$1233 [0] $0$memwr$\data_arr$../rtl/cache/l1d.sv:301$693_EN[511:0]$1233 [0] $0$memwr$\data_arr$../rtl/cache/l1d.sv:301$693_EN[511:0]$1233 [0] $0$memwr$\data_arr$../rtl/cache/l1d.sv:301$693_EN[511:0]$1233 [0] $0$memwr$\data_arr$../rtl/cache/l1d.sv:301$693_EN[511:0]$1233 [0] $0$memwr$\data_arr$../rtl/cache/l1d.sv:301$693_EN[511:0]$1233 [0] $0$memwr$\data_arr$../rtl/cache/l1d.sv:301$693_EN[511:0]$1233 [0] $0$memwr$\data_arr$../rtl/cache/l1d.sv:301$693_EN[511:0]$1233 [0] $0$memwr$\data_arr$../rtl/cache/l1d.sv:301$693_EN[511:0]$1233 [0] $0$memwr$\data_arr$../rtl/cache/l1d.sv:301$693_EN[511:0]$1233 [0] $0$memwr$\data_arr$../rtl/cache/l1d.sv:301$693_EN[511:0]$1233 [0] $0$memwr$\data_arr$../rtl/cache/l1d.sv:301$693_EN[511:0]$1233 [0] $0$memwr$\data_arr$../rtl/cache/l1d.sv:301$693_EN[511:0]$1233 [0] $0$memwr$\data_arr$../rtl/cache/l1d.sv:301$693_EN[511:0]$1233 [0] $0$memwr$\data_arr$../rtl/cache/l1d.sv:301$693_EN[511:0]$1233 [0] $0$memwr$\data_arr$../rtl/cache/l1d.sv:301$693_EN[511:0]$1233 [0] $0$memwr$\data_arr$../rtl/cache/l1d.sv:301$693_EN[511:0]$1233 [0] $0$memwr$\data_arr$../rtl/cache/l1d.sv:301$693_EN[511:0]$1233 [0] $0$memwr$\data_arr$../rtl/cache/l1d.sv:301$693_EN[511:0]$1233 [0] $0$memwr$\data_arr$../rtl/cache/l1d.sv:301$693_EN[511:0]$1233 [0] $0$memwr$\data_arr$../rtl/cache/l1d.sv:301$693_EN[511:0]$1233 [0] $0$memwr$\data_arr$../rtl/cache/l1d.sv:301$693_EN[511:0]$1233 [0] $0$memwr$\data_arr$../rtl/cache/l1d.sv:301$693_EN[511:0]$1233 [0] $0$memwr$\data_arr$../rtl/cache/l1d.sv:301$693_EN[511:0]$1233 [0] $0$memwr$\data_arr$../rtl/cache/l1d.sv:301$693_EN[511:0]$1233 [0] $0$memwr$\data_arr$../rtl/cache/l1d.sv:301$693_EN[511:0]$1233 [0] $0$memwr$\data_arr$../rtl/cache/l1d.sv:301$693_EN[511:0]$1233 [0] $0$memwr$\data_arr$../rtl/cache/l1d.sv:301$693_EN[511:0]$1233 [0] $0$memwr$\data_arr$../rtl/cache/l1d.sv:301$693_EN[511:0]$1233 [0] $0$memwr$\data_arr$../rtl/cache/l1d.sv:301$693_EN[511:0]$1233 [0] $0$memwr$\data_arr$../rtl/cache/l1d.sv:301$693_EN[511:0]$1233 [0] $0$memwr$\data_arr$../rtl/cache/l1d.sv:301$693_EN[511:0]$1233 [0] $0$memwr$\data_arr$../rtl/cache/l1d.sv:301$693_EN[511:0]$1233 [0] $0$memwr$\data_arr$../rtl/cache/l1d.sv:301$693_EN[511:0]$1233 [0] $0$memwr$\data_arr$../rtl/cache/l1d.sv:301$693_EN[511:0]$1233 [0] $0$memwr$\data_arr$../rtl/cache/l1d.sv:301$693_EN[511:0]$1233 [0] $0$memwr$\data_arr$../rtl/cache/l1d.sv:301$693_EN[511:0]$1233 [0] $0$memwr$\data_arr$../rtl/cache/l1d.sv:301$693_EN[511:0]$1233 [0] $0$memwr$\data_arr$../rtl/cache/l1d.sv:301$693_EN[511:0]$1233 [0] $0$memwr$\data_arr$../rtl/cache/l1d.sv:301$693_EN[511:0]$1233 [0] $0$memwr$\data_arr$../rtl/cache/l1d.sv:301$693_EN[511:0]$1233 [0] $0$memwr$\data_arr$../rtl/cache/l1d.sv:301$693_EN[511:0]$1233 [0] $0$memwr$\data_arr$../rtl/cache/l1d.sv:301$693_EN[511:0]$1233 [0] $0$memwr$\data_arr$../rtl/cache/l1d.sv:301$693_EN[511:0]$1233 [0] $0$memwr$\data_arr$../rtl/cache/l1d.sv:301$693_EN[511:0]$1233 [0] $0$memwr$\data_arr$../rtl/cache/l1d.sv:301$693_EN[511:0]$1233 [0] $0$memwr$\data_arr$../rtl/cache/l1d.sv:301$693_EN[511:0]$1233 [0] $0$memwr$\data_arr$../rtl/cache/l1d.sv:301$693_EN[511:0]$1233 [0] $0$memwr$\data_arr$../rtl/cache/l1d.sv:301$693_EN[511:0]$1233 [0] $0$memwr$\data_arr$../rtl/cache/l1d.sv:301$693_EN[511:0]$1233 [0] $0$memwr$\data_arr$../rtl/cache/l1d.sv:301$693_EN[511:0]$1233 [0] $0$memwr$\data_arr$../rtl/cache/l1d.sv:301$693_EN[511:0]$1233 [0] $0$memwr$\data_arr$../rtl/cache/l1d.sv:301$693_EN[511:0]$1233 [0] $0$memwr$\data_arr$../rtl/cache/l1d.sv:301$693_EN[511:0]$1233 [0] $0$memwr$\data_arr$../rtl/cache/l1d.sv:301$693_EN[511:0]$1233 [0] $0$memwr$\data_arr$../rtl/cache/l1d.sv:301$693_EN[511:0]$1233 [0] $0$memwr$\data_arr$../rtl/cache/l1d.sv:301$693_EN[511:0]$1233 [0] $0$memwr$\data_arr$../rtl/cache/l1d.sv:301$693_EN[511:0]$1233 [0] $0$memwr$\data_arr$../rtl/cache/l1d.sv:301$693_EN[511:0]$1233 [0] $0$memwr$\data_arr$../rtl/cache/l1d.sv:301$693_EN[511:0]$1233 [0] $0$memwr$\data_arr$../rtl/cache/l1d.sv:301$693_EN[511:0]$1233 [0] $0$memwr$\data_arr$../rtl/cache/l1d.sv:301$693_EN[511:0]$1233 [0] $0$memwr$\data_arr$../rtl/cache/l1d.sv:301$693_EN[511:0]$1233 [0] $0$memwr$\data_arr$../rtl/cache/l1d.sv:301$693_EN[511:0]$1233 [0] $0$memwr$\data_arr$../rtl/cache/l1d.sv:301$693_EN[511:0]$1233 [0] $0$memwr$\data_arr$../rtl/cache/l1d.sv:301$693_EN[511:0]$1233 [0] $0$memwr$\data_arr$../rtl/cache/l1d.sv:301$693_EN[511:0]$1233 [0] $0$memwr$\data_arr$../rtl/cache/l1d.sv:301$693_EN[511:0]$1233 [0] $0$memwr$\data_arr$../rtl/cache/l1d.sv:301$693_EN[511:0]$1233 [0] $0$memwr$\data_arr$../rtl/cache/l1d.sv:301$693_EN[511:0]$1233 [0] $0$memwr$\data_arr$../rtl/cache/l1d.sv:301$693_EN[511:0]$1233 [0] $0$memwr$\data_arr$../rtl/cache/l1d.sv:301$693_EN[511:0]$1233 [0] $0$memwr$\data_arr$../rtl/cache/l1d.sv:301$693_EN[511:0]$1233 [0] $0$memwr$\data_arr$../rtl/cache/l1d.sv:301$693_EN[511:0]$1233 [0] $0$memwr$\data_arr$../rtl/cache/l1d.sv:301$693_EN[511:0]$1233 [0] $0$memwr$\data_arr$../rtl/cache/l1d.sv:301$693_EN[511:0]$1233 [0] $0$memwr$\data_arr$../rtl/cache/l1d.sv:301$693_EN[511:0]$1233 [0] $0$memwr$\data_arr$../rtl/cache/l1d.sv:301$693_EN[511:0]$1233 [0] $0$memwr$\data_arr$../rtl/cache/l1d.sv:301$693_EN[511:0]$1233 [0] $0$memwr$\data_arr$../rtl/cache/l1d.sv:301$693_EN[511:0]$1233 [0] $0$memwr$\data_arr$../rtl/cache/l1d.sv:301$693_EN[511:0]$1233 [0] $0$memwr$\data_arr$../rtl/cache/l1d.sv:301$693_EN[511:0]$1233 [0] $0$memwr$\data_arr$../rtl/cache/l1d.sv:301$693_EN[511:0]$1233 [0] $0$memwr$\data_arr$../rtl/cache/l1d.sv:301$693_EN[511:0]$1233 [0] $0$memwr$\data_arr$../rtl/cache/l1d.sv:301$693_EN[511:0]$1233 [0] $0$memwr$\data_arr$../rtl/cache/l1d.sv:301$693_EN[511:0]$1233 [0] $0$memwr$\data_arr$../rtl/cache/l1d.sv:301$693_EN[511:0]$1233 [0] $0$memwr$\data_arr$../rtl/cache/l1d.sv:301$693_EN[511:0]$1233 [0] $0$memwr$\data_arr$../rtl/cache/l1d.sv:301$693_EN[511:0]$1233 [0] $0$memwr$\data_arr$../rtl/cache/l1d.sv:301$693_EN[511:0]$1233 [0] $0$memwr$\data_arr$../rtl/cache/l1d.sv:301$693_EN[511:0]$1233 [0] $0$memwr$\data_arr$../rtl/cache/l1d.sv:301$693_EN[511:0]$1233 [0] $0$memwr$\data_arr$../rtl/cache/l1d.sv:301$693_EN[511:0]$1233 [0] $0$memwr$\data_arr$../rtl/cache/l1d.sv:301$693_EN[511:0]$1233 [0] $0$memwr$\data_arr$../rtl/cache/l1d.sv:301$693_EN[511:0]$1233 [0] $0$memwr$\data_arr$../rtl/cache/l1d.sv:301$693_EN[511:0]$1233 [0] $0$memwr$\data_arr$../rtl/cache/l1d.sv:301$693_EN[511:0]$1233 [0] $0$memwr$\data_arr$../rtl/cache/l1d.sv:301$693_EN[511:0]$1233 [0] $0$memwr$\data_arr$../rtl/cache/l1d.sv:301$693_EN[511:0]$1233 [0] $0$memwr$\data_arr$../rtl/cache/l1d.sv:301$693_EN[511:0]$1233 [0] $0$memwr$\data_arr$../rtl/cache/l1d.sv:301$693_EN[511:0]$1233 [0] $0$memwr$\data_arr$../rtl/cache/l1d.sv:301$693_EN[511:0]$1233 [0] $0$memwr$\data_arr$../rtl/cache/l1d.sv:301$693_EN[511:0]$1233 [0] $0$memwr$\data_arr$../rtl/cache/l1d.sv:301$693_EN[511:0]$1233 [0] $0$memwr$\data_arr$../rtl/cache/l1d.sv:301$693_EN[511:0]$1233 [0] $0$memwr$\data_arr$../rtl/cache/l1d.sv:301$693_EN[511:0]$1233 [0] $0$memwr$\data_arr$../rtl/cache/l1d.sv:301$693_EN[511:0]$1233 [0] $0$memwr$\data_arr$../rtl/cache/l1d.sv:301$693_EN[511:0]$1233 [0] $0$memwr$\data_arr$../rtl/cache/l1d.sv:301$693_EN[511:0]$1233 [0] $0$memwr$\data_arr$../rtl/cache/l1d.sv:301$693_EN[511:0]$1233 [0] $0$memwr$\data_arr$../rtl/cache/l1d.sv:301$693_EN[511:0]$1233 [0] $0$memwr$\data_arr$../rtl/cache/l1d.sv:301$693_EN[511:0]$1233 [0] $0$memwr$\data_arr$../rtl/cache/l1d.sv:301$693_EN[511:0]$1233 [0] $0$memwr$\data_arr$../rtl/cache/l1d.sv:301$693_EN[511:0]$1233 [0] $0$memwr$\data_arr$../rtl/cache/l1d.sv:301$693_EN[511:0]$1233 [0] $0$memwr$\data_arr$../rtl/cache/l1d.sv:301$693_EN[511:0]$1233 [0] $0$memwr$\data_arr$../rtl/cache/l1d.sv:301$693_EN[511:0]$1233 [0] $0$memwr$\data_arr$../rtl/cache/l1d.sv:301$693_EN[511:0]$1233 [0] $0$memwr$\data_arr$../rtl/cache/l1d.sv:301$693_EN[511:0]$1233 [0] $0$memwr$\data_arr$../rtl/cache/l1d.sv:301$693_EN[511:0]$1233 [0] $0$memwr$\data_arr$../rtl/cache/l1d.sv:301$693_EN[511:0]$1233 [0] $0$memwr$\data_arr$../rtl/cache/l1d.sv:301$693_EN[511:0]$1233 [0] $0$memwr$\data_arr$../rtl/cache/l1d.sv:301$693_EN[511:0]$1233 [0] $0$memwr$\data_arr$../rtl/cache/l1d.sv:301$693_EN[511:0]$1233 [0] $0$memwr$\data_arr$../rtl/cache/l1d.sv:301$693_EN[511:0]$1233 [0] $0$memwr$\data_arr$../rtl/cache/l1d.sv:301$693_EN[511:0]$1233 [0] $0$memwr$\data_arr$../rtl/cache/l1d.sv:301$693_EN[511:0]$1233 [0] $0$memwr$\data_arr$../rtl/cache/l1d.sv:301$693_EN[511:0]$1233 [0] $0$memwr$\data_arr$../rtl/cache/l1d.sv:301$693_EN[511:0]$1233 [0] $0$memwr$\data_arr$../rtl/cache/l1d.sv:301$693_EN[511:0]$1233 [0] $0$memwr$\data_arr$../rtl/cache/l1d.sv:301$693_EN[511:0]$1233 [0] $0$memwr$\data_arr$../rtl/cache/l1d.sv:301$693_EN[511:0]$1233 [0] $0$memwr$\data_arr$../rtl/cache/l1d.sv:301$693_EN[511:0]$1233 [0] $0$memwr$\data_arr$../rtl/cache/l1d.sv:301$693_EN[511:0]$1233 [0] $0$memwr$\data_arr$../rtl/cache/l1d.sv:301$693_EN[511:0]$1233 [0] $0$memwr$\data_arr$../rtl/cache/l1d.sv:301$693_EN[511:0]$1233 [0] $0$memwr$\data_arr$../rtl/cache/l1d.sv:301$693_EN[511:0]$1233 [0] $0$memwr$\data_arr$../rtl/cache/l1d.sv:301$693_EN[511:0]$1233 [0] $0$memwr$\data_arr$../rtl/cache/l1d.sv:301$693_EN[511:0]$1233 [0] $0$memwr$\data_arr$../rtl/cache/l1d.sv:301$693_EN[511:0]$1233 [0] $0$memwr$\data_arr$../rtl/cache/l1d.sv:301$693_EN[511:0]$1233 [0] $0$memwr$\data_arr$../rtl/cache/l1d.sv:301$693_EN[511:0]$1233 [0] $0$memwr$\data_arr$../rtl/cache/l1d.sv:301$693_EN[511:0]$1233 [0] $0$memwr$\data_arr$../rtl/cache/l1d.sv:301$693_EN[511:0]$1233 [0] $0$memwr$\data_arr$../rtl/cache/l1d.sv:301$693_EN[511:0]$1233 [0] $0$memwr$\data_arr$../rtl/cache/l1d.sv:301$693_EN[511:0]$1233 [0] $0$memwr$\data_arr$../rtl/cache/l1d.sv:301$693_EN[511:0]$1233 [0] $0$memwr$\data_arr$../rtl/cache/l1d.sv:301$693_EN[511:0]$1233 [0] $0$memwr$\data_arr$../rtl/cache/l1d.sv:301$693_EN[511:0]$1233 [0] $0$memwr$\data_arr$../rtl/cache/l1d.sv:301$693_EN[511:0]$1233 [0] $0$memwr$\data_arr$../rtl/cache/l1d.sv:301$693_EN[511:0]$1233 [0] $0$memwr$\data_arr$../rtl/cache/l1d.sv:301$693_EN[511:0]$1233 [0] $0$memwr$\data_arr$../rtl/cache/l1d.sv:301$693_EN[511:0]$1233 [0] $0$memwr$\data_arr$../rtl/cache/l1d.sv:301$693_EN[511:0]$1233 [0] $0$memwr$\data_arr$../rtl/cache/l1d.sv:301$693_EN[511:0]$1233 [0] $0$memwr$\data_arr$../rtl/cache/l1d.sv:301$693_EN[511:0]$1233 [0] $0$memwr$\data_arr$../rtl/cache/l1d.sv:301$693_EN[511:0]$1233 [0] $0$memwr$\data_arr$../rtl/cache/l1d.sv:301$693_EN[511:0]$1233 [0] $0$memwr$\data_arr$../rtl/cache/l1d.sv:301$693_EN[511:0]$1233 [0] $0$memwr$\data_arr$../rtl/cache/l1d.sv:301$693_EN[511:0]$1233 [0] $0$memwr$\data_arr$../rtl/cache/l1d.sv:301$693_EN[511:0]$1233 [0] $0$memwr$\data_arr$../rtl/cache/l1d.sv:301$693_EN[511:0]$1233 [0] $0$memwr$\data_arr$../rtl/cache/l1d.sv:301$693_EN[511:0]$1233 [0] $0$memwr$\data_arr$../rtl/cache/l1d.sv:301$693_EN[511:0]$1233 [0] $0$memwr$\data_arr$../rtl/cache/l1d.sv:301$693_EN[511:0]$1233 [0] $0$memwr$\data_arr$../rtl/cache/l1d.sv:301$693_EN[511:0]$1233 [0] $0$memwr$\data_arr$../rtl/cache/l1d.sv:301$693_EN[511:0]$1233 [0] $0$memwr$\data_arr$../rtl/cache/l1d.sv:301$693_EN[511:0]$1233 [0] $0$memwr$\data_arr$../rtl/cache/l1d.sv:301$693_EN[511:0]$1233 [0] $0$memwr$\data_arr$../rtl/cache/l1d.sv:301$693_EN[511:0]$1233 [0] $0$memwr$\data_arr$../rtl/cache/l1d.sv:301$693_EN[511:0]$1233 [0] $0$memwr$\data_arr$../rtl/cache/l1d.sv:301$693_EN[511:0]$1233 [0] $0$memwr$\data_arr$../rtl/cache/l1d.sv:301$693_EN[511:0]$1233 [0] $0$memwr$\data_arr$../rtl/cache/l1d.sv:301$693_EN[511:0]$1233 [0] $0$memwr$\data_arr$../rtl/cache/l1d.sv:301$693_EN[511:0]$1233 [0] $0$memwr$\data_arr$../rtl/cache/l1d.sv:301$693_EN[511:0]$1233 [0] $0$memwr$\data_arr$../rtl/cache/l1d.sv:301$693_EN[511:0]$1233 [0] $0$memwr$\data_arr$../rtl/cache/l1d.sv:301$693_EN[511:0]$1233 [0] $0$memwr$\data_arr$../rtl/cache/l1d.sv:301$693_EN[511:0]$1233 [0] $0$memwr$\data_arr$../rtl/cache/l1d.sv:301$693_EN[511:0]$1233 [0] $0$memwr$\data_arr$../rtl/cache/l1d.sv:301$693_EN[511:0]$1233 [0] $0$memwr$\data_arr$../rtl/cache/l1d.sv:301$693_EN[511:0]$1233 [0] $0$memwr$\data_arr$../rtl/cache/l1d.sv:301$693_EN[511:0]$1233 [0] $0$memwr$\data_arr$../rtl/cache/l1d.sv:301$693_EN[511:0]$1233 [0] $0$memwr$\data_arr$../rtl/cache/l1d.sv:301$693_EN[511:0]$1233 [0] $0$memwr$\data_arr$../rtl/cache/l1d.sv:301$693_EN[511:0]$1233 [0] $0$memwr$\data_arr$../rtl/cache/l1d.sv:301$693_EN[511:0]$1233 [0] $0$memwr$\data_arr$../rtl/cache/l1d.sv:301$693_EN[511:0]$1233 [0] $0$memwr$\data_arr$../rtl/cache/l1d.sv:301$693_EN[511:0]$1233 [0] $0$memwr$\data_arr$../rtl/cache/l1d.sv:301$693_EN[511:0]$1233 [0] $0$memwr$\data_arr$../rtl/cache/l1d.sv:301$693_EN[511:0]$1233 [0] $0$memwr$\data_arr$../rtl/cache/l1d.sv:301$693_EN[511:0]$1233 [0] $0$memwr$\data_arr$../rtl/cache/l1d.sv:301$693_EN[511:0]$1233 [0] $0$memwr$\data_arr$../rtl/cache/l1d.sv:301$693_EN[511:0]$1233 [0] $0$memwr$\data_arr$../rtl/cache/l1d.sv:301$693_EN[511:0]$1233 [0] $0$memwr$\data_arr$../rtl/cache/l1d.sv:301$693_EN[511:0]$1233 [0] $0$memwr$\data_arr$../rtl/cache/l1d.sv:301$693_EN[511:0]$1233 [0] $0$memwr$\data_arr$../rtl/cache/l1d.sv:301$693_EN[511:0]$1233 [0] $0$memwr$\data_arr$../rtl/cache/l1d.sv:301$693_EN[511:0]$1233 [0] $0$memwr$\data_arr$../rtl/cache/l1d.sv:301$693_EN[511:0]$1233 [0] $0$memwr$\data_arr$../rtl/cache/l1d.sv:301$693_EN[511:0]$1233 [0] $0$memwr$\data_arr$../rtl/cache/l1d.sv:301$693_EN[511:0]$1233 [0] $0$memwr$\data_arr$../rtl/cache/l1d.sv:301$693_EN[511:0]$1233 [0] $0$memwr$\data_arr$../rtl/cache/l1d.sv:301$693_EN[511:0]$1233 [0] $0$memwr$\data_arr$../rtl/cache/l1d.sv:301$693_EN[511:0]$1233 [0] $0$memwr$\data_arr$../rtl/cache/l1d.sv:301$693_EN[511:0]$1233 [0] $0$memwr$\data_arr$../rtl/cache/l1d.sv:301$693_EN[511:0]$1233 [0] $0$memwr$\data_arr$../rtl/cache/l1d.sv:301$693_EN[511:0]$1233 [0] $0$memwr$\data_arr$../rtl/cache/l1d.sv:301$693_EN[511:0]$1233 [0] $0$memwr$\data_arr$../rtl/cache/l1d.sv:301$693_EN[511:0]$1233 [0] $0$memwr$\data_arr$../rtl/cache/l1d.sv:301$693_EN[511:0]$1233 [0] $0$memwr$\data_arr$../rtl/cache/l1d.sv:301$693_EN[511:0]$1233 [0] $0$memwr$\data_arr$../rtl/cache/l1d.sv:301$693_EN[511:0]$1233 [0] $0$memwr$\data_arr$../rtl/cache/l1d.sv:301$693_EN[511:0]$1233 [0] $0$memwr$\data_arr$../rtl/cache/l1d.sv:301$693_EN[511:0]$1233 [0] $0$memwr$\data_arr$../rtl/cache/l1d.sv:301$693_EN[511:0]$1233 [0] $0$memwr$\data_arr$../rtl/cache/l1d.sv:301$693_EN[511:0]$1233 [0] $0$memwr$\data_arr$../rtl/cache/l1d.sv:301$693_EN[511:0]$1233 [0] $0$memwr$\data_arr$../rtl/cache/l1d.sv:301$693_EN[511:0]$1233 [0] $0$memwr$\data_arr$../rtl/cache/l1d.sv:301$693_EN[511:0]$1233 [0] $0$memwr$\data_arr$../rtl/cache/l1d.sv:301$693_EN[511:0]$1233 [0] $0$memwr$\data_arr$../rtl/cache/l1d.sv:301$693_EN[511:0]$1233 [0] $0$memwr$\data_arr$../rtl/cache/l1d.sv:301$693_EN[511:0]$1233 [0] $0$memwr$\data_arr$../rtl/cache/l1d.sv:301$693_EN[511:0]$1233 [0] $0$memwr$\data_arr$../rtl/cache/l1d.sv:301$693_EN[511:0]$1233 [0] $0$memwr$\data_arr$../rtl/cache/l1d.sv:301$693_EN[511:0]$1233 [0] $0$memwr$\data_arr$../rtl/cache/l1d.sv:301$693_EN[511:0]$1233 [0] $0$memwr$\data_arr$../rtl/cache/l1d.sv:301$693_EN[511:0]$1233 [0] $0$memwr$\data_arr$../rtl/cache/l1d.sv:301$693_EN[511:0]$1233 [0] $0$memwr$\data_arr$../rtl/cache/l1d.sv:301$693_EN[511:0]$1233 [0] $0$memwr$\data_arr$../rtl/cache/l1d.sv:301$693_EN[511:0]$1233 [0] $0$memwr$\data_arr$../rtl/cache/l1d.sv:301$693_EN[511:0]$1233 [0] $0$memwr$\data_arr$../rtl/cache/l1d.sv:301$693_EN[511:0]$1233 [0] $0$memwr$\data_arr$../rtl/cache/l1d.sv:301$693_EN[511:0]$1233 [0] $0$memwr$\data_arr$../rtl/cache/l1d.sv:301$693_EN[511:0]$1233 [0] $0$memwr$\data_arr$../rtl/cache/l1d.sv:301$693_EN[511:0]$1233 [0] $0$memwr$\data_arr$../rtl/cache/l1d.sv:301$693_EN[511:0]$1233 [0] $0$memwr$\data_arr$../rtl/cache/l1d.sv:301$693_EN[511:0]$1233 [0] $0$memwr$\data_arr$../rtl/cache/l1d.sv:301$693_EN[511:0]$1233 [0] $0$memwr$\data_arr$../rtl/cache/l1d.sv:301$693_EN[511:0]$1233 [0] $0$memwr$\data_arr$../rtl/cache/l1d.sv:301$693_EN[511:0]$1233 [0] $0$memwr$\data_arr$../rtl/cache/l1d.sv:301$693_EN[511:0]$1233 [0] $0$memwr$\data_arr$../rtl/cache/l1d.sv:301$693_EN[511:0]$1233 [0] $0$memwr$\data_arr$../rtl/cache/l1d.sv:301$693_EN[511:0]$1233 [0] $0$memwr$\data_arr$../rtl/cache/l1d.sv:301$693_EN[511:0]$1233 [0] $0$memwr$\data_arr$../rtl/cache/l1d.sv:301$693_EN[511:0]$1233 [0] $0$memwr$\data_arr$../rtl/cache/l1d.sv:301$693_EN[511:0]$1233 [0] $0$memwr$\data_arr$../rtl/cache/l1d.sv:301$693_EN[511:0]$1233 [0] $0$memwr$\data_arr$../rtl/cache/l1d.sv:301$693_EN[511:0]$1233 [0] $0$memwr$\data_arr$../rtl/cache/l1d.sv:301$693_EN[511:0]$1233 [0] $0$memwr$\data_arr$../rtl/cache/l1d.sv:301$693_EN[511:0]$1233 [0] $0$memwr$\data_arr$../rtl/cache/l1d.sv:301$693_EN[511:0]$1233 [0] }
  Optimizing cells in module \l1d.
  Optimizing cells in module $paramod$3b3ebe2a805de999e571f1f6aa39b69c15a9144c\mshr.
    Consolidated identical input bits for $mux cell $procmux$4672:
      Old ports: A=3'111, B=3'000, Y=$0$memwr$\st$../rtl/cache/mshr.sv:143$1847_EN[2:0]$2020
      New ports: A=1'1, B=1'0, Y=$0$memwr$\st$../rtl/cache/mshr.sv:143$1847_EN[2:0]$2020 [0]
      New connections: $0$memwr$\st$../rtl/cache/mshr.sv:143$1847_EN[2:0]$2020 [2:1] = { $0$memwr$\st$../rtl/cache/mshr.sv:143$1847_EN[2:0]$2020 [0] $0$memwr$\st$../rtl/cache/mshr.sv:143$1847_EN[2:0]$2020 [0] }
    Consolidated identical input bits for $mux cell $procmux$4669:
      Old ports: A=3'111, B=3'000, Y=$0$memwr$\st$../rtl/cache/mshr.sv:143$1848_EN[2:0]$2021
      New ports: A=1'1, B=1'0, Y=$0$memwr$\st$../rtl/cache/mshr.sv:143$1848_EN[2:0]$2021 [0]
      New connections: $0$memwr$\st$../rtl/cache/mshr.sv:143$1848_EN[2:0]$2021 [2:1] = { $0$memwr$\st$../rtl/cache/mshr.sv:143$1848_EN[2:0]$2021 [0] $0$memwr$\st$../rtl/cache/mshr.sv:143$1848_EN[2:0]$2021 [0] }
    Consolidated identical input bits for $mux cell $procmux$4666:
      Old ports: A=3'111, B=3'000, Y=$0$memwr$\st$../rtl/cache/mshr.sv:143$1849_EN[2:0]$2022
      New ports: A=1'1, B=1'0, Y=$0$memwr$\st$../rtl/cache/mshr.sv:143$1849_EN[2:0]$2022 [0]
      New connections: $0$memwr$\st$../rtl/cache/mshr.sv:143$1849_EN[2:0]$2022 [2:1] = { $0$memwr$\st$../rtl/cache/mshr.sv:143$1849_EN[2:0]$2022 [0] $0$memwr$\st$../rtl/cache/mshr.sv:143$1849_EN[2:0]$2022 [0] }
    Consolidated identical input bits for $mux cell $procmux$4663:
      Old ports: A=3'111, B=3'000, Y=$0$memwr$\st$../rtl/cache/mshr.sv:143$1850_EN[2:0]$2023
      New ports: A=1'1, B=1'0, Y=$0$memwr$\st$../rtl/cache/mshr.sv:143$1850_EN[2:0]$2023 [0]
      New connections: $0$memwr$\st$../rtl/cache/mshr.sv:143$1850_EN[2:0]$2023 [2:1] = { $0$memwr$\st$../rtl/cache/mshr.sv:143$1850_EN[2:0]$2023 [0] $0$memwr$\st$../rtl/cache/mshr.sv:143$1850_EN[2:0]$2023 [0] }
    Consolidated identical input bits for $mux cell $procmux$4642:
      Old ports: A=64'0000000000000000000000000000000000000000000000000000000000000000, B=64'1111111111111111111111111111111111111111111111111111111111111111, Y=$procmux$4642_Y
      New ports: A=1'0, B=1'1, Y=$procmux$4642_Y [0]
      New connections: $procmux$4642_Y [63:1] = { $procmux$4642_Y [0] $procmux$4642_Y [0] $procmux$4642_Y [0] $procmux$4642_Y [0] $procmux$4642_Y [0] $procmux$4642_Y [0] $procmux$4642_Y [0] $procmux$4642_Y [0] $procmux$4642_Y [0] $procmux$4642_Y [0] $procmux$4642_Y [0] $procmux$4642_Y [0] $procmux$4642_Y [0] $procmux$4642_Y [0] $procmux$4642_Y [0] $procmux$4642_Y [0] $procmux$4642_Y [0] $procmux$4642_Y [0] $procmux$4642_Y [0] $procmux$4642_Y [0] $procmux$4642_Y [0] $procmux$4642_Y [0] $procmux$4642_Y [0] $procmux$4642_Y [0] $procmux$4642_Y [0] $procmux$4642_Y [0] $procmux$4642_Y [0] $procmux$4642_Y [0] $procmux$4642_Y [0] $procmux$4642_Y [0] $procmux$4642_Y [0] $procmux$4642_Y [0] $procmux$4642_Y [0] $procmux$4642_Y [0] $procmux$4642_Y [0] $procmux$4642_Y [0] $procmux$4642_Y [0] $procmux$4642_Y [0] $procmux$4642_Y [0] $procmux$4642_Y [0] $procmux$4642_Y [0] $procmux$4642_Y [0] $procmux$4642_Y [0] $procmux$4642_Y [0] $procmux$4642_Y [0] $procmux$4642_Y [0] $procmux$4642_Y [0] $procmux$4642_Y [0] $procmux$4642_Y [0] $procmux$4642_Y [0] $procmux$4642_Y [0] $procmux$4642_Y [0] $procmux$4642_Y [0] $procmux$4642_Y [0] $procmux$4642_Y [0] $procmux$4642_Y [0] $procmux$4642_Y [0] $procmux$4642_Y [0] $procmux$4642_Y [0] $procmux$4642_Y [0] $procmux$4642_Y [0] $procmux$4642_Y [0] $procmux$4642_Y [0] }
    Consolidated identical input bits for $mux cell $procmux$4624:
      Old ports: A=4'0000, B=4'1111, Y=$procmux$4624_Y
      New ports: A=1'0, B=1'1, Y=$procmux$4624_Y [0]
      New connections: $procmux$4624_Y [3:1] = { $procmux$4624_Y [0] $procmux$4624_Y [0] $procmux$4624_Y [0] }
    Consolidated identical input bits for $mux cell $procmux$4588:
      Old ports: A=2'00, B=2'11, Y=$procmux$4588_Y
      New ports: A=1'0, B=1'1, Y=$procmux$4588_Y [0]
      New connections: $procmux$4588_Y [1] = $procmux$4588_Y [0]
    Consolidated identical input bits for $mux cell $procmux$4570:
      Old ports: A=64'0000000000000000000000000000000000000000000000000000000000000000, B=64'1111111111111111111111111111111111111111111111111111111111111111, Y=$procmux$4570_Y
      New ports: A=1'0, B=1'1, Y=$procmux$4570_Y [0]
      New connections: $procmux$4570_Y [63:1] = { $procmux$4570_Y [0] $procmux$4570_Y [0] $procmux$4570_Y [0] $procmux$4570_Y [0] $procmux$4570_Y [0] $procmux$4570_Y [0] $procmux$4570_Y [0] $procmux$4570_Y [0] $procmux$4570_Y [0] $procmux$4570_Y [0] $procmux$4570_Y [0] $procmux$4570_Y [0] $procmux$4570_Y [0] $procmux$4570_Y [0] $procmux$4570_Y [0] $procmux$4570_Y [0] $procmux$4570_Y [0] $procmux$4570_Y [0] $procmux$4570_Y [0] $procmux$4570_Y [0] $procmux$4570_Y [0] $procmux$4570_Y [0] $procmux$4570_Y [0] $procmux$4570_Y [0] $procmux$4570_Y [0] $procmux$4570_Y [0] $procmux$4570_Y [0] $procmux$4570_Y [0] $procmux$4570_Y [0] $procmux$4570_Y [0] $procmux$4570_Y [0] $procmux$4570_Y [0] $procmux$4570_Y [0] $procmux$4570_Y [0] $procmux$4570_Y [0] $procmux$4570_Y [0] $procmux$4570_Y [0] $procmux$4570_Y [0] $procmux$4570_Y [0] $procmux$4570_Y [0] $procmux$4570_Y [0] $procmux$4570_Y [0] $procmux$4570_Y [0] $procmux$4570_Y [0] $procmux$4570_Y [0] $procmux$4570_Y [0] $procmux$4570_Y [0] $procmux$4570_Y [0] $procmux$4570_Y [0] $procmux$4570_Y [0] $procmux$4570_Y [0] $procmux$4570_Y [0] $procmux$4570_Y [0] $procmux$4570_Y [0] $procmux$4570_Y [0] $procmux$4570_Y [0] $procmux$4570_Y [0] $procmux$4570_Y [0] $procmux$4570_Y [0] $procmux$4570_Y [0] $procmux$4570_Y [0] $procmux$4570_Y [0] $procmux$4570_Y [0] }
    Consolidated identical input bits for $mux cell $procmux$4516:
      Old ports: A=64'0000000000000000000000000000000000000000000000000000000000000000, B=64'1111111111111111111111111111111111111111111111111111111111111111, Y=$procmux$4516_Y
      New ports: A=1'0, B=1'1, Y=$procmux$4516_Y [0]
      New connections: $procmux$4516_Y [63:1] = { $procmux$4516_Y [0] $procmux$4516_Y [0] $procmux$4516_Y [0] $procmux$4516_Y [0] $procmux$4516_Y [0] $procmux$4516_Y [0] $procmux$4516_Y [0] $procmux$4516_Y [0] $procmux$4516_Y [0] $procmux$4516_Y [0] $procmux$4516_Y [0] $procmux$4516_Y [0] $procmux$4516_Y [0] $procmux$4516_Y [0] $procmux$4516_Y [0] $procmux$4516_Y [0] $procmux$4516_Y [0] $procmux$4516_Y [0] $procmux$4516_Y [0] $procmux$4516_Y [0] $procmux$4516_Y [0] $procmux$4516_Y [0] $procmux$4516_Y [0] $procmux$4516_Y [0] $procmux$4516_Y [0] $procmux$4516_Y [0] $procmux$4516_Y [0] $procmux$4516_Y [0] $procmux$4516_Y [0] $procmux$4516_Y [0] $procmux$4516_Y [0] $procmux$4516_Y [0] $procmux$4516_Y [0] $procmux$4516_Y [0] $procmux$4516_Y [0] $procmux$4516_Y [0] $procmux$4516_Y [0] $procmux$4516_Y [0] $procmux$4516_Y [0] $procmux$4516_Y [0] $procmux$4516_Y [0] $procmux$4516_Y [0] $procmux$4516_Y [0] $procmux$4516_Y [0] $procmux$4516_Y [0] $procmux$4516_Y [0] $procmux$4516_Y [0] $procmux$4516_Y [0] $procmux$4516_Y [0] $procmux$4516_Y [0] $procmux$4516_Y [0] $procmux$4516_Y [0] $procmux$4516_Y [0] $procmux$4516_Y [0] $procmux$4516_Y [0] $procmux$4516_Y [0] $procmux$4516_Y [0] $procmux$4516_Y [0] $procmux$4516_Y [0] $procmux$4516_Y [0] $procmux$4516_Y [0] $procmux$4516_Y [0] $procmux$4516_Y [0] }
    Consolidated identical input bits for $mux cell $procmux$4498:
      Old ports: A=512'00000000000000000000000000000000000000000000000000000000000000000000000000000000000000000000000000000000000000000000000000000000000000000000000000000000000000000000000000000000000000000000000000000000000000000000000000000000000000000000000000000000000000000000000000000000000000000000000000000000000000000000000000000000000000000000000000000000000000000000000000000000000000000000000000000000000000000000000000000000000000000000000000000000000000000000000000000000000000000000000000000000000000000000000000000000, B=512'11111111111111111111111111111111111111111111111111111111111111111111111111111111111111111111111111111111111111111111111111111111111111111111111111111111111111111111111111111111111111111111111111111111111111111111111111111111111111111111111111111111111111111111111111111111111111111111111111111111111111111111111111111111111111111111111111111111111111111111111111111111111111111111111111111111111111111111111111111111111111111111111111111111111111111111111111111111111111111111111111111111111111111111111111111111, Y=$procmux$4498_Y
      New ports: A=1'0, B=1'1, Y=$procmux$4498_Y [0]
      New connections: $procmux$4498_Y [511:1] = { $procmux$4498_Y [0] $procmux$4498_Y [0] $procmux$4498_Y [0] $procmux$4498_Y [0] $procmux$4498_Y [0] $procmux$4498_Y [0] $procmux$4498_Y [0] $procmux$4498_Y [0] $procmux$4498_Y [0] $procmux$4498_Y [0] $procmux$4498_Y [0] $procmux$4498_Y [0] $procmux$4498_Y [0] $procmux$4498_Y [0] $procmux$4498_Y [0] $procmux$4498_Y [0] $procmux$4498_Y [0] $procmux$4498_Y [0] $procmux$4498_Y [0] $procmux$4498_Y [0] $procmux$4498_Y [0] $procmux$4498_Y [0] $procmux$4498_Y [0] $procmux$4498_Y [0] $procmux$4498_Y [0] $procmux$4498_Y [0] $procmux$4498_Y [0] $procmux$4498_Y [0] $procmux$4498_Y [0] $procmux$4498_Y [0] $procmux$4498_Y [0] $procmux$4498_Y [0] $procmux$4498_Y [0] $procmux$4498_Y [0] $procmux$4498_Y [0] $procmux$4498_Y [0] $procmux$4498_Y [0] $procmux$4498_Y [0] $procmux$4498_Y [0] $procmux$4498_Y [0] $procmux$4498_Y [0] $procmux$4498_Y [0] $procmux$4498_Y [0] $procmux$4498_Y [0] $procmux$4498_Y [0] $procmux$4498_Y [0] $procmux$4498_Y [0] $procmux$4498_Y [0] $procmux$4498_Y [0] $procmux$4498_Y [0] $procmux$4498_Y [0] $procmux$4498_Y [0] $procmux$4498_Y [0] $procmux$4498_Y [0] $procmux$4498_Y [0] $procmux$4498_Y [0] $procmux$4498_Y [0] $procmux$4498_Y [0] $procmux$4498_Y [0] $procmux$4498_Y [0] $procmux$4498_Y [0] $procmux$4498_Y [0] $procmux$4498_Y [0] $procmux$4498_Y [0] $procmux$4498_Y [0] $procmux$4498_Y [0] $procmux$4498_Y [0] $procmux$4498_Y [0] $procmux$4498_Y [0] $procmux$4498_Y [0] $procmux$4498_Y [0] $procmux$4498_Y [0] $procmux$4498_Y [0] $procmux$4498_Y [0] $procmux$4498_Y [0] $procmux$4498_Y [0] $procmux$4498_Y [0] $procmux$4498_Y [0] $procmux$4498_Y [0] $procmux$4498_Y [0] $procmux$4498_Y [0] $procmux$4498_Y [0] $procmux$4498_Y [0] $procmux$4498_Y [0] $procmux$4498_Y [0] $procmux$4498_Y [0] $procmux$4498_Y [0] $procmux$4498_Y [0] $procmux$4498_Y [0] $procmux$4498_Y [0] $procmux$4498_Y [0] $procmux$4498_Y [0] $procmux$4498_Y [0] $procmux$4498_Y [0] $procmux$4498_Y [0] $procmux$4498_Y [0] $procmux$4498_Y [0] $procmux$4498_Y [0] $procmux$4498_Y [0] $procmux$4498_Y [0] $procmux$4498_Y [0] $procmux$4498_Y [0] $procmux$4498_Y [0] $procmux$4498_Y [0] $procmux$4498_Y [0] $procmux$4498_Y [0] $procmux$4498_Y [0] $procmux$4498_Y [0] $procmux$4498_Y [0] $procmux$4498_Y [0] $procmux$4498_Y [0] $procmux$4498_Y [0] $procmux$4498_Y [0] $procmux$4498_Y [0] $procmux$4498_Y [0] $procmux$4498_Y [0] $procmux$4498_Y [0] $procmux$4498_Y [0] $procmux$4498_Y [0] $procmux$4498_Y [0] $procmux$4498_Y [0] $procmux$4498_Y [0] $procmux$4498_Y [0] $procmux$4498_Y [0] $procmux$4498_Y [0] $procmux$4498_Y [0] $procmux$4498_Y [0] $procmux$4498_Y [0] $procmux$4498_Y [0] $procmux$4498_Y [0] $procmux$4498_Y [0] $procmux$4498_Y [0] $procmux$4498_Y [0] $procmux$4498_Y [0] $procmux$4498_Y [0] $procmux$4498_Y [0] $procmux$4498_Y [0] $procmux$4498_Y [0] $procmux$4498_Y [0] $procmux$4498_Y [0] $procmux$4498_Y [0] $procmux$4498_Y [0] $procmux$4498_Y [0] $procmux$4498_Y [0] $procmux$4498_Y [0] $procmux$4498_Y [0] $procmux$4498_Y [0] $procmux$4498_Y [0] $procmux$4498_Y [0] $procmux$4498_Y [0] $procmux$4498_Y [0] $procmux$4498_Y [0] $procmux$4498_Y [0] $procmux$4498_Y [0] $procmux$4498_Y [0] $procmux$4498_Y [0] $procmux$4498_Y [0] $procmux$4498_Y [0] $procmux$4498_Y [0] $procmux$4498_Y [0] $procmux$4498_Y [0] $procmux$4498_Y [0] $procmux$4498_Y [0] $procmux$4498_Y [0] $procmux$4498_Y [0] $procmux$4498_Y [0] $procmux$4498_Y [0] $procmux$4498_Y [0] $procmux$4498_Y [0] $procmux$4498_Y [0] $procmux$4498_Y [0] $procmux$4498_Y [0] $procmux$4498_Y [0] $procmux$4498_Y [0] $procmux$4498_Y [0] $procmux$4498_Y [0] $procmux$4498_Y [0] $procmux$4498_Y [0] $procmux$4498_Y [0] $procmux$4498_Y [0] $procmux$4498_Y [0] $procmux$4498_Y [0] $procmux$4498_Y [0] $procmux$4498_Y [0] $procmux$4498_Y [0] $procmux$4498_Y [0] $procmux$4498_Y [0] $procmux$4498_Y [0] $procmux$4498_Y [0] $procmux$4498_Y [0] $procmux$4498_Y [0] $procmux$4498_Y [0] $procmux$4498_Y [0] $procmux$4498_Y [0] $procmux$4498_Y [0] $procmux$4498_Y [0] $procmux$4498_Y [0] $procmux$4498_Y [0] $procmux$4498_Y [0] $procmux$4498_Y [0] $procmux$4498_Y [0] $procmux$4498_Y [0] $procmux$4498_Y [0] $procmux$4498_Y [0] $procmux$4498_Y [0] $procmux$4498_Y [0] $procmux$4498_Y [0] $procmux$4498_Y [0] $procmux$4498_Y [0] $procmux$4498_Y [0] $procmux$4498_Y [0] $procmux$4498_Y [0] $procmux$4498_Y [0] $procmux$4498_Y [0] $procmux$4498_Y [0] $procmux$4498_Y [0] $procmux$4498_Y [0] $procmux$4498_Y [0] $procmux$4498_Y [0] $procmux$4498_Y [0] $procmux$4498_Y [0] $procmux$4498_Y [0] $procmux$4498_Y [0] $procmux$4498_Y [0] $procmux$4498_Y [0] $procmux$4498_Y [0] $procmux$4498_Y [0] $procmux$4498_Y [0] $procmux$4498_Y [0] $procmux$4498_Y [0] $procmux$4498_Y [0] $procmux$4498_Y [0] $procmux$4498_Y [0] $procmux$4498_Y [0] $procmux$4498_Y [0] $procmux$4498_Y [0] $procmux$4498_Y [0] $procmux$4498_Y [0] $procmux$4498_Y [0] $procmux$4498_Y [0] $procmux$4498_Y [0] $procmux$4498_Y [0] $procmux$4498_Y [0] $procmux$4498_Y [0] $procmux$4498_Y [0] $procmux$4498_Y [0] $procmux$4498_Y [0] $procmux$4498_Y [0] $procmux$4498_Y [0] $procmux$4498_Y [0] $procmux$4498_Y [0] $procmux$4498_Y [0] $procmux$4498_Y [0] $procmux$4498_Y [0] $procmux$4498_Y [0] $procmux$4498_Y [0] $procmux$4498_Y [0] $procmux$4498_Y [0] $procmux$4498_Y [0] $procmux$4498_Y [0] $procmux$4498_Y [0] $procmux$4498_Y [0] $procmux$4498_Y [0] $procmux$4498_Y [0] $procmux$4498_Y [0] $procmux$4498_Y [0] $procmux$4498_Y [0] $procmux$4498_Y [0] $procmux$4498_Y [0] $procmux$4498_Y [0] $procmux$4498_Y [0] $procmux$4498_Y [0] $procmux$4498_Y [0] $procmux$4498_Y [0] $procmux$4498_Y [0] $procmux$4498_Y [0] $procmux$4498_Y [0] $procmux$4498_Y [0] $procmux$4498_Y [0] $procmux$4498_Y [0] $procmux$4498_Y [0] $procmux$4498_Y [0] $procmux$4498_Y [0] $procmux$4498_Y [0] $procmux$4498_Y [0] $procmux$4498_Y [0] $procmux$4498_Y [0] $procmux$4498_Y [0] $procmux$4498_Y [0] $procmux$4498_Y [0] $procmux$4498_Y [0] $procmux$4498_Y [0] $procmux$4498_Y [0] $procmux$4498_Y [0] $procmux$4498_Y [0] $procmux$4498_Y [0] $procmux$4498_Y [0] $procmux$4498_Y [0] $procmux$4498_Y [0] $procmux$4498_Y [0] $procmux$4498_Y [0] $procmux$4498_Y [0] $procmux$4498_Y [0] $procmux$4498_Y [0] $procmux$4498_Y [0] $procmux$4498_Y [0] $procmux$4498_Y [0] $procmux$4498_Y [0] $procmux$4498_Y [0] $procmux$4498_Y [0] $procmux$4498_Y [0] $procmux$4498_Y [0] $procmux$4498_Y [0] $procmux$4498_Y [0] $procmux$4498_Y [0] $procmux$4498_Y [0] $procmux$4498_Y [0] $procmux$4498_Y [0] $procmux$4498_Y [0] $procmux$4498_Y [0] $procmux$4498_Y [0] $procmux$4498_Y [0] $procmux$4498_Y [0] $procmux$4498_Y [0] $procmux$4498_Y [0] $procmux$4498_Y [0] $procmux$4498_Y [0] $procmux$4498_Y [0] $procmux$4498_Y [0] $procmux$4498_Y [0] $procmux$4498_Y [0] $procmux$4498_Y [0] $procmux$4498_Y [0] $procmux$4498_Y [0] $procmux$4498_Y [0] $procmux$4498_Y [0] $procmux$4498_Y [0] $procmux$4498_Y [0] $procmux$4498_Y [0] $procmux$4498_Y [0] $procmux$4498_Y [0] $procmux$4498_Y [0] $procmux$4498_Y [0] $procmux$4498_Y [0] $procmux$4498_Y [0] $procmux$4498_Y [0] $procmux$4498_Y [0] $procmux$4498_Y [0] $procmux$4498_Y [0] $procmux$4498_Y [0] $procmux$4498_Y [0] $procmux$4498_Y [0] $procmux$4498_Y [0] $procmux$4498_Y [0] $procmux$4498_Y [0] $procmux$4498_Y [0] $procmux$4498_Y [0] $procmux$4498_Y [0] $procmux$4498_Y [0] $procmux$4498_Y [0] $procmux$4498_Y [0] $procmux$4498_Y [0] $procmux$4498_Y [0] $procmux$4498_Y [0] $procmux$4498_Y [0] $procmux$4498_Y [0] $procmux$4498_Y [0] $procmux$4498_Y [0] $procmux$4498_Y [0] $procmux$4498_Y [0] $procmux$4498_Y [0] $procmux$4498_Y [0] $procmux$4498_Y [0] $procmux$4498_Y [0] $procmux$4498_Y [0] $procmux$4498_Y [0] $procmux$4498_Y [0] $procmux$4498_Y [0] $procmux$4498_Y [0] $procmux$4498_Y [0] $procmux$4498_Y [0] $procmux$4498_Y [0] $procmux$4498_Y [0] $procmux$4498_Y [0] $procmux$4498_Y [0] $procmux$4498_Y [0] $procmux$4498_Y [0] $procmux$4498_Y [0] $procmux$4498_Y [0] $procmux$4498_Y [0] $procmux$4498_Y [0] $procmux$4498_Y [0] $procmux$4498_Y [0] $procmux$4498_Y [0] $procmux$4498_Y [0] $procmux$4498_Y [0] $procmux$4498_Y [0] $procmux$4498_Y [0] $procmux$4498_Y [0] $procmux$4498_Y [0] $procmux$4498_Y [0] $procmux$4498_Y [0] $procmux$4498_Y [0] $procmux$4498_Y [0] $procmux$4498_Y [0] $procmux$4498_Y [0] $procmux$4498_Y [0] $procmux$4498_Y [0] $procmux$4498_Y [0] $procmux$4498_Y [0] $procmux$4498_Y [0] $procmux$4498_Y [0] $procmux$4498_Y [0] $procmux$4498_Y [0] $procmux$4498_Y [0] $procmux$4498_Y [0] $procmux$4498_Y [0] $procmux$4498_Y [0] $procmux$4498_Y [0] $procmux$4498_Y [0] $procmux$4498_Y [0] $procmux$4498_Y [0] $procmux$4498_Y [0] $procmux$4498_Y [0] $procmux$4498_Y [0] $procmux$4498_Y [0] $procmux$4498_Y [0] $procmux$4498_Y [0] $procmux$4498_Y [0] $procmux$4498_Y [0] $procmux$4498_Y [0] $procmux$4498_Y [0] $procmux$4498_Y [0] $procmux$4498_Y [0] $procmux$4498_Y [0] $procmux$4498_Y [0] $procmux$4498_Y [0] $procmux$4498_Y [0] $procmux$4498_Y [0] $procmux$4498_Y [0] $procmux$4498_Y [0] $procmux$4498_Y [0] $procmux$4498_Y [0] $procmux$4498_Y [0] $procmux$4498_Y [0] $procmux$4498_Y [0] $procmux$4498_Y [0] $procmux$4498_Y [0] $procmux$4498_Y [0] $procmux$4498_Y [0] $procmux$4498_Y [0] $procmux$4498_Y [0] $procmux$4498_Y [0] $procmux$4498_Y [0] $procmux$4498_Y [0] $procmux$4498_Y [0] $procmux$4498_Y [0] $procmux$4498_Y [0] $procmux$4498_Y [0] $procmux$4498_Y [0] $procmux$4498_Y [0] $procmux$4498_Y [0] $procmux$4498_Y [0] $procmux$4498_Y [0] $procmux$4498_Y [0] $procmux$4498_Y [0] $procmux$4498_Y [0] $procmux$4498_Y [0] $procmux$4498_Y [0] $procmux$4498_Y [0] $procmux$4498_Y [0] $procmux$4498_Y [0] $procmux$4498_Y [0] $procmux$4498_Y [0] $procmux$4498_Y [0] $procmux$4498_Y [0] $procmux$4498_Y [0] $procmux$4498_Y [0] $procmux$4498_Y [0] $procmux$4498_Y [0] $procmux$4498_Y [0] $procmux$4498_Y [0] $procmux$4498_Y [0] $procmux$4498_Y [0] $procmux$4498_Y [0] $procmux$4498_Y [0] $procmux$4498_Y [0] $procmux$4498_Y [0] $procmux$4498_Y [0] $procmux$4498_Y [0] $procmux$4498_Y [0] $procmux$4498_Y [0] $procmux$4498_Y [0] $procmux$4498_Y [0] $procmux$4498_Y [0] $procmux$4498_Y [0] $procmux$4498_Y [0] $procmux$4498_Y [0] $procmux$4498_Y [0] $procmux$4498_Y [0] $procmux$4498_Y [0] $procmux$4498_Y [0] $procmux$4498_Y [0] $procmux$4498_Y [0] $procmux$4498_Y [0] $procmux$4498_Y [0] $procmux$4498_Y [0] $procmux$4498_Y [0] $procmux$4498_Y [0] $procmux$4498_Y [0] $procmux$4498_Y [0] }
    Consolidated identical input bits for $mux cell $procmux$4480:
      Old ports: A=3'000, B=3'111, Y=$procmux$4480_Y
      New ports: A=1'0, B=1'1, Y=$procmux$4480_Y [0]
      New connections: $procmux$4480_Y [2:1] = { $procmux$4480_Y [0] $procmux$4480_Y [0] }
    Consolidated identical input bits for $mux cell $procmux$4439:
      Old ports: A=3'111, B=3'000, Y=$procmux$4439_Y
      New ports: A=1'1, B=1'0, Y=$procmux$4439_Y [0]
      New connections: $procmux$4439_Y [2:1] = { $procmux$4439_Y [0] $procmux$4439_Y [0] }
    Consolidated identical input bits for $mux cell $procmux$4421:
      Old ports: A=3'000, B=3'111, Y=$procmux$4421_Y
      New ports: A=1'0, B=1'1, Y=$procmux$4421_Y [0]
      New connections: $procmux$4421_Y [2:1] = { $procmux$4421_Y [0] $procmux$4421_Y [0] }
    Consolidated identical input bits for $mux cell $procmux$4402:
      Old ports: A=512'00000000000000000000000000000000000000000000000000000000000000000000000000000000000000000000000000000000000000000000000000000000000000000000000000000000000000000000000000000000000000000000000000000000000000000000000000000000000000000000000000000000000000000000000000000000000000000000000000000000000000000000000000000000000000000000000000000000000000000000000000000000000000000000000000000000000000000000000000000000000000000000000000000000000000000000000000000000000000000000000000000000000000000000000000000000, B=512'11111111111111111111111111111111111111111111111111111111111111111111111111111111111111111111111111111111111111111111111111111111111111111111111111111111111111111111111111111111111111111111111111111111111111111111111111111111111111111111111111111111111111111111111111111111111111111111111111111111111111111111111111111111111111111111111111111111111111111111111111111111111111111111111111111111111111111111111111111111111111111111111111111111111111111111111111111111111111111111111111111111111111111111111111111111, Y=$procmux$4402_Y
      New ports: A=1'0, B=1'1, Y=$procmux$4402_Y [0]
      New connections: $procmux$4402_Y [511:1] = { $procmux$4402_Y [0] $procmux$4402_Y [0] $procmux$4402_Y [0] $procmux$4402_Y [0] $procmux$4402_Y [0] $procmux$4402_Y [0] $procmux$4402_Y [0] $procmux$4402_Y [0] $procmux$4402_Y [0] $procmux$4402_Y [0] $procmux$4402_Y [0] $procmux$4402_Y [0] $procmux$4402_Y [0] $procmux$4402_Y [0] $procmux$4402_Y [0] $procmux$4402_Y [0] $procmux$4402_Y [0] $procmux$4402_Y [0] $procmux$4402_Y [0] $procmux$4402_Y [0] $procmux$4402_Y [0] $procmux$4402_Y [0] $procmux$4402_Y [0] $procmux$4402_Y [0] $procmux$4402_Y [0] $procmux$4402_Y [0] $procmux$4402_Y [0] $procmux$4402_Y [0] $procmux$4402_Y [0] $procmux$4402_Y [0] $procmux$4402_Y [0] $procmux$4402_Y [0] $procmux$4402_Y [0] $procmux$4402_Y [0] $procmux$4402_Y [0] $procmux$4402_Y [0] $procmux$4402_Y [0] $procmux$4402_Y [0] $procmux$4402_Y [0] $procmux$4402_Y [0] $procmux$4402_Y [0] $procmux$4402_Y [0] $procmux$4402_Y [0] $procmux$4402_Y [0] $procmux$4402_Y [0] $procmux$4402_Y [0] $procmux$4402_Y [0] $procmux$4402_Y [0] $procmux$4402_Y [0] $procmux$4402_Y [0] $procmux$4402_Y [0] $procmux$4402_Y [0] $procmux$4402_Y [0] $procmux$4402_Y [0] $procmux$4402_Y [0] $procmux$4402_Y [0] $procmux$4402_Y [0] $procmux$4402_Y [0] $procmux$4402_Y [0] $procmux$4402_Y [0] $procmux$4402_Y [0] $procmux$4402_Y [0] $procmux$4402_Y [0] $procmux$4402_Y [0] $procmux$4402_Y [0] $procmux$4402_Y [0] $procmux$4402_Y [0] $procmux$4402_Y [0] $procmux$4402_Y [0] $procmux$4402_Y [0] $procmux$4402_Y [0] $procmux$4402_Y [0] $procmux$4402_Y [0] $procmux$4402_Y [0] $procmux$4402_Y [0] $procmux$4402_Y [0] $procmux$4402_Y [0] $procmux$4402_Y [0] $procmux$4402_Y [0] $procmux$4402_Y [0] $procmux$4402_Y [0] $procmux$4402_Y [0] $procmux$4402_Y [0] $procmux$4402_Y [0] $procmux$4402_Y [0] $procmux$4402_Y [0] $procmux$4402_Y [0] $procmux$4402_Y [0] $procmux$4402_Y [0] $procmux$4402_Y [0] $procmux$4402_Y [0] $procmux$4402_Y [0] $procmux$4402_Y [0] $procmux$4402_Y [0] $procmux$4402_Y [0] $procmux$4402_Y [0] $procmux$4402_Y [0] $procmux$4402_Y [0] $procmux$4402_Y [0] $procmux$4402_Y [0] $procmux$4402_Y [0] $procmux$4402_Y [0] $procmux$4402_Y [0] $procmux$4402_Y [0] $procmux$4402_Y [0] $procmux$4402_Y [0] $procmux$4402_Y [0] $procmux$4402_Y [0] $procmux$4402_Y [0] $procmux$4402_Y [0] $procmux$4402_Y [0] $procmux$4402_Y [0] $procmux$4402_Y [0] $procmux$4402_Y [0] $procmux$4402_Y [0] $procmux$4402_Y [0] $procmux$4402_Y [0] $procmux$4402_Y [0] $procmux$4402_Y [0] $procmux$4402_Y [0] $procmux$4402_Y [0] $procmux$4402_Y [0] $procmux$4402_Y [0] $procmux$4402_Y [0] $procmux$4402_Y [0] $procmux$4402_Y [0] $procmux$4402_Y [0] $procmux$4402_Y [0] $procmux$4402_Y [0] $procmux$4402_Y [0] $procmux$4402_Y [0] $procmux$4402_Y [0] $procmux$4402_Y [0] $procmux$4402_Y [0] $procmux$4402_Y [0] $procmux$4402_Y [0] $procmux$4402_Y [0] $procmux$4402_Y [0] $procmux$4402_Y [0] $procmux$4402_Y [0] $procmux$4402_Y [0] $procmux$4402_Y [0] $procmux$4402_Y [0] $procmux$4402_Y [0] $procmux$4402_Y [0] $procmux$4402_Y [0] $procmux$4402_Y [0] $procmux$4402_Y [0] $procmux$4402_Y [0] $procmux$4402_Y [0] $procmux$4402_Y [0] $procmux$4402_Y [0] $procmux$4402_Y [0] $procmux$4402_Y [0] $procmux$4402_Y [0] $procmux$4402_Y [0] $procmux$4402_Y [0] $procmux$4402_Y [0] $procmux$4402_Y [0] $procmux$4402_Y [0] $procmux$4402_Y [0] $procmux$4402_Y [0] $procmux$4402_Y [0] $procmux$4402_Y [0] $procmux$4402_Y [0] $procmux$4402_Y [0] $procmux$4402_Y [0] $procmux$4402_Y [0] $procmux$4402_Y [0] $procmux$4402_Y [0] $procmux$4402_Y [0] $procmux$4402_Y [0] $procmux$4402_Y [0] $procmux$4402_Y [0] $procmux$4402_Y [0] $procmux$4402_Y [0] $procmux$4402_Y [0] $procmux$4402_Y [0] $procmux$4402_Y [0] $procmux$4402_Y [0] $procmux$4402_Y [0] $procmux$4402_Y [0] $procmux$4402_Y [0] $procmux$4402_Y [0] $procmux$4402_Y [0] $procmux$4402_Y [0] $procmux$4402_Y [0] $procmux$4402_Y [0] $procmux$4402_Y [0] $procmux$4402_Y [0] $procmux$4402_Y [0] $procmux$4402_Y [0] $procmux$4402_Y [0] $procmux$4402_Y [0] $procmux$4402_Y [0] $procmux$4402_Y [0] $procmux$4402_Y [0] $procmux$4402_Y [0] $procmux$4402_Y [0] $procmux$4402_Y [0] $procmux$4402_Y [0] $procmux$4402_Y [0] $procmux$4402_Y [0] $procmux$4402_Y [0] $procmux$4402_Y [0] $procmux$4402_Y [0] $procmux$4402_Y [0] $procmux$4402_Y [0] $procmux$4402_Y [0] $procmux$4402_Y [0] $procmux$4402_Y [0] $procmux$4402_Y [0] $procmux$4402_Y [0] $procmux$4402_Y [0] $procmux$4402_Y [0] $procmux$4402_Y [0] $procmux$4402_Y [0] $procmux$4402_Y [0] $procmux$4402_Y [0] $procmux$4402_Y [0] $procmux$4402_Y [0] $procmux$4402_Y [0] $procmux$4402_Y [0] $procmux$4402_Y [0] $procmux$4402_Y [0] $procmux$4402_Y [0] $procmux$4402_Y [0] $procmux$4402_Y [0] $procmux$4402_Y [0] $procmux$4402_Y [0] $procmux$4402_Y [0] $procmux$4402_Y [0] $procmux$4402_Y [0] $procmux$4402_Y [0] $procmux$4402_Y [0] $procmux$4402_Y [0] $procmux$4402_Y [0] $procmux$4402_Y [0] $procmux$4402_Y [0] $procmux$4402_Y [0] $procmux$4402_Y [0] $procmux$4402_Y [0] $procmux$4402_Y [0] $procmux$4402_Y [0] $procmux$4402_Y [0] $procmux$4402_Y [0] $procmux$4402_Y [0] $procmux$4402_Y [0] $procmux$4402_Y [0] $procmux$4402_Y [0] $procmux$4402_Y [0] $procmux$4402_Y [0] $procmux$4402_Y [0] $procmux$4402_Y [0] $procmux$4402_Y [0] $procmux$4402_Y [0] $procmux$4402_Y [0] $procmux$4402_Y [0] $procmux$4402_Y [0] $procmux$4402_Y [0] $procmux$4402_Y [0] $procmux$4402_Y [0] $procmux$4402_Y [0] $procmux$4402_Y [0] $procmux$4402_Y [0] $procmux$4402_Y [0] $procmux$4402_Y [0] $procmux$4402_Y [0] $procmux$4402_Y [0] $procmux$4402_Y [0] $procmux$4402_Y [0] $procmux$4402_Y [0] $procmux$4402_Y [0] $procmux$4402_Y [0] $procmux$4402_Y [0] $procmux$4402_Y [0] $procmux$4402_Y [0] $procmux$4402_Y [0] $procmux$4402_Y [0] $procmux$4402_Y [0] $procmux$4402_Y [0] $procmux$4402_Y [0] $procmux$4402_Y [0] $procmux$4402_Y [0] $procmux$4402_Y [0] $procmux$4402_Y [0] $procmux$4402_Y [0] $procmux$4402_Y [0] $procmux$4402_Y [0] $procmux$4402_Y [0] $procmux$4402_Y [0] $procmux$4402_Y [0] $procmux$4402_Y [0] $procmux$4402_Y [0] $procmux$4402_Y [0] $procmux$4402_Y [0] $procmux$4402_Y [0] $procmux$4402_Y [0] $procmux$4402_Y [0] $procmux$4402_Y [0] $procmux$4402_Y [0] $procmux$4402_Y [0] $procmux$4402_Y [0] $procmux$4402_Y [0] $procmux$4402_Y [0] $procmux$4402_Y [0] $procmux$4402_Y [0] $procmux$4402_Y [0] $procmux$4402_Y [0] $procmux$4402_Y [0] $procmux$4402_Y [0] $procmux$4402_Y [0] $procmux$4402_Y [0] $procmux$4402_Y [0] $procmux$4402_Y [0] $procmux$4402_Y [0] $procmux$4402_Y [0] $procmux$4402_Y [0] $procmux$4402_Y [0] $procmux$4402_Y [0] $procmux$4402_Y [0] $procmux$4402_Y [0] $procmux$4402_Y [0] $procmux$4402_Y [0] $procmux$4402_Y [0] $procmux$4402_Y [0] $procmux$4402_Y [0] $procmux$4402_Y [0] $procmux$4402_Y [0] $procmux$4402_Y [0] $procmux$4402_Y [0] $procmux$4402_Y [0] $procmux$4402_Y [0] $procmux$4402_Y [0] $procmux$4402_Y [0] $procmux$4402_Y [0] $procmux$4402_Y [0] $procmux$4402_Y [0] $procmux$4402_Y [0] $procmux$4402_Y [0] $procmux$4402_Y [0] $procmux$4402_Y [0] $procmux$4402_Y [0] $procmux$4402_Y [0] $procmux$4402_Y [0] $procmux$4402_Y [0] $procmux$4402_Y [0] $procmux$4402_Y [0] $procmux$4402_Y [0] $procmux$4402_Y [0] $procmux$4402_Y [0] $procmux$4402_Y [0] $procmux$4402_Y [0] $procmux$4402_Y [0] $procmux$4402_Y [0] $procmux$4402_Y [0] $procmux$4402_Y [0] $procmux$4402_Y [0] $procmux$4402_Y [0] $procmux$4402_Y [0] $procmux$4402_Y [0] $procmux$4402_Y [0] $procmux$4402_Y [0] $procmux$4402_Y [0] $procmux$4402_Y [0] $procmux$4402_Y [0] $procmux$4402_Y [0] $procmux$4402_Y [0] $procmux$4402_Y [0] $procmux$4402_Y [0] $procmux$4402_Y [0] $procmux$4402_Y [0] $procmux$4402_Y [0] $procmux$4402_Y [0] $procmux$4402_Y [0] $procmux$4402_Y [0] $procmux$4402_Y [0] $procmux$4402_Y [0] $procmux$4402_Y [0] $procmux$4402_Y [0] $procmux$4402_Y [0] $procmux$4402_Y [0] $procmux$4402_Y [0] $procmux$4402_Y [0] $procmux$4402_Y [0] $procmux$4402_Y [0] $procmux$4402_Y [0] $procmux$4402_Y [0] $procmux$4402_Y [0] $procmux$4402_Y [0] $procmux$4402_Y [0] $procmux$4402_Y [0] $procmux$4402_Y [0] $procmux$4402_Y [0] $procmux$4402_Y [0] $procmux$4402_Y [0] $procmux$4402_Y [0] $procmux$4402_Y [0] $procmux$4402_Y [0] $procmux$4402_Y [0] $procmux$4402_Y [0] $procmux$4402_Y [0] $procmux$4402_Y [0] $procmux$4402_Y [0] $procmux$4402_Y [0] $procmux$4402_Y [0] $procmux$4402_Y [0] $procmux$4402_Y [0] $procmux$4402_Y [0] $procmux$4402_Y [0] $procmux$4402_Y [0] $procmux$4402_Y [0] $procmux$4402_Y [0] $procmux$4402_Y [0] $procmux$4402_Y [0] $procmux$4402_Y [0] $procmux$4402_Y [0] $procmux$4402_Y [0] $procmux$4402_Y [0] $procmux$4402_Y [0] $procmux$4402_Y [0] $procmux$4402_Y [0] $procmux$4402_Y [0] $procmux$4402_Y [0] $procmux$4402_Y [0] $procmux$4402_Y [0] $procmux$4402_Y [0] $procmux$4402_Y [0] $procmux$4402_Y [0] $procmux$4402_Y [0] $procmux$4402_Y [0] $procmux$4402_Y [0] $procmux$4402_Y [0] $procmux$4402_Y [0] $procmux$4402_Y [0] $procmux$4402_Y [0] $procmux$4402_Y [0] $procmux$4402_Y [0] $procmux$4402_Y [0] $procmux$4402_Y [0] $procmux$4402_Y [0] $procmux$4402_Y [0] $procmux$4402_Y [0] $procmux$4402_Y [0] $procmux$4402_Y [0] $procmux$4402_Y [0] $procmux$4402_Y [0] $procmux$4402_Y [0] $procmux$4402_Y [0] $procmux$4402_Y [0] $procmux$4402_Y [0] $procmux$4402_Y [0] $procmux$4402_Y [0] $procmux$4402_Y [0] $procmux$4402_Y [0] $procmux$4402_Y [0] $procmux$4402_Y [0] $procmux$4402_Y [0] $procmux$4402_Y [0] $procmux$4402_Y [0] $procmux$4402_Y [0] $procmux$4402_Y [0] $procmux$4402_Y [0] $procmux$4402_Y [0] $procmux$4402_Y [0] $procmux$4402_Y [0] $procmux$4402_Y [0] $procmux$4402_Y [0] $procmux$4402_Y [0] $procmux$4402_Y [0] $procmux$4402_Y [0] $procmux$4402_Y [0] $procmux$4402_Y [0] $procmux$4402_Y [0] $procmux$4402_Y [0] $procmux$4402_Y [0] $procmux$4402_Y [0] $procmux$4402_Y [0] $procmux$4402_Y [0] $procmux$4402_Y [0] $procmux$4402_Y [0] $procmux$4402_Y [0] $procmux$4402_Y [0] $procmux$4402_Y [0] $procmux$4402_Y [0] $procmux$4402_Y [0] $procmux$4402_Y [0] $procmux$4402_Y [0] $procmux$4402_Y [0] $procmux$4402_Y [0] $procmux$4402_Y [0] $procmux$4402_Y [0] $procmux$4402_Y [0] $procmux$4402_Y [0] $procmux$4402_Y [0] $procmux$4402_Y [0] $procmux$4402_Y [0] $procmux$4402_Y [0] $procmux$4402_Y [0] $procmux$4402_Y [0] $procmux$4402_Y [0] $procmux$4402_Y [0] $procmux$4402_Y [0] $procmux$4402_Y [0] $procmux$4402_Y [0] $procmux$4402_Y [0] $procmux$4402_Y [0] $procmux$4402_Y [0] $procmux$4402_Y [0] $procmux$4402_Y [0] $procmux$4402_Y [0] }
    Consolidated identical input bits for $mux cell $procmux$4390:
      Old ports: A=3'000, B=3'111, Y=$procmux$4390_Y
      New ports: A=1'0, B=1'1, Y=$procmux$4390_Y [0]
      New connections: $procmux$4390_Y [2:1] = { $procmux$4390_Y [0] $procmux$4390_Y [0] }
    Consolidated identical input bits for $mux cell $procmux$4378:
      Old ports: A=3'000, B=3'111, Y=$procmux$4378_Y
      New ports: A=1'0, B=1'1, Y=$procmux$4378_Y [0]
      New connections: $procmux$4378_Y [2:1] = { $procmux$4378_Y [0] $procmux$4378_Y [0] }
  Optimizing cells in module $paramod$3b3ebe2a805de999e571f1f6aa39b69c15a9144c\mshr.
    Consolidated identical input bits for $mux cell $procmux$4762:
      Old ports: A=2'00, B=$2$memwr$\size_r$../rtl/cache/mshr.sv:150$1854_EN[1:0]$2124, Y=$0$memwr$\size_r$../rtl/cache/mshr.sv:150$1854_EN[1:0]$2035
      New ports: A=1'0, B=$procmux$4588_Y [0], Y=$0$memwr$\size_r$../rtl/cache/mshr.sv:150$1854_EN[1:0]$2035 [0]
      New connections: $0$memwr$\size_r$../rtl/cache/mshr.sv:150$1854_EN[1:0]$2035 [1] = $0$memwr$\size_r$../rtl/cache/mshr.sv:150$1854_EN[1:0]$2035 [0]
    Consolidated identical input bits for $mux cell $procmux$4753:
      Old ports: A=64'0000000000000000000000000000000000000000000000000000000000000000, B=$2$memwr$\wdata_r$../rtl/cache/mshr.sv:151$1855_EN[63:0]$2127, Y=$0$memwr$\wdata_r$../rtl/cache/mshr.sv:151$1855_EN[63:0]$2038
      New ports: A=1'0, B=$procmux$4570_Y [0], Y=$0$memwr$\wdata_r$../rtl/cache/mshr.sv:151$1855_EN[63:0]$2038 [0]
      New connections: $0$memwr$\wdata_r$../rtl/cache/mshr.sv:151$1855_EN[63:0]$2038 [63:1] = { $0$memwr$\wdata_r$../rtl/cache/mshr.sv:151$1855_EN[63:0]$2038 [0] $0$memwr$\wdata_r$../rtl/cache/mshr.sv:151$1855_EN[63:0]$2038 [0] $0$memwr$\wdata_r$../rtl/cache/mshr.sv:151$1855_EN[63:0]$2038 [0] $0$memwr$\wdata_r$../rtl/cache/mshr.sv:151$1855_EN[63:0]$2038 [0] $0$memwr$\wdata_r$../rtl/cache/mshr.sv:151$1855_EN[63:0]$2038 [0] $0$memwr$\wdata_r$../rtl/cache/mshr.sv:151$1855_EN[63:0]$2038 [0] $0$memwr$\wdata_r$../rtl/cache/mshr.sv:151$1855_EN[63:0]$2038 [0] $0$memwr$\wdata_r$../rtl/cache/mshr.sv:151$1855_EN[63:0]$2038 [0] $0$memwr$\wdata_r$../rtl/cache/mshr.sv:151$1855_EN[63:0]$2038 [0] $0$memwr$\wdata_r$../rtl/cache/mshr.sv:151$1855_EN[63:0]$2038 [0] $0$memwr$\wdata_r$../rtl/cache/mshr.sv:151$1855_EN[63:0]$2038 [0] $0$memwr$\wdata_r$../rtl/cache/mshr.sv:151$1855_EN[63:0]$2038 [0] $0$memwr$\wdata_r$../rtl/cache/mshr.sv:151$1855_EN[63:0]$2038 [0] $0$memwr$\wdata_r$../rtl/cache/mshr.sv:151$1855_EN[63:0]$2038 [0] $0$memwr$\wdata_r$../rtl/cache/mshr.sv:151$1855_EN[63:0]$2038 [0] $0$memwr$\wdata_r$../rtl/cache/mshr.sv:151$1855_EN[63:0]$2038 [0] $0$memwr$\wdata_r$../rtl/cache/mshr.sv:151$1855_EN[63:0]$2038 [0] $0$memwr$\wdata_r$../rtl/cache/mshr.sv:151$1855_EN[63:0]$2038 [0] $0$memwr$\wdata_r$../rtl/cache/mshr.sv:151$1855_EN[63:0]$2038 [0] $0$memwr$\wdata_r$../rtl/cache/mshr.sv:151$1855_EN[63:0]$2038 [0] $0$memwr$\wdata_r$../rtl/cache/mshr.sv:151$1855_EN[63:0]$2038 [0] $0$memwr$\wdata_r$../rtl/cache/mshr.sv:151$1855_EN[63:0]$2038 [0] $0$memwr$\wdata_r$../rtl/cache/mshr.sv:151$1855_EN[63:0]$2038 [0] $0$memwr$\wdata_r$../rtl/cache/mshr.sv:151$1855_EN[63:0]$2038 [0] $0$memwr$\wdata_r$../rtl/cache/mshr.sv:151$1855_EN[63:0]$2038 [0] $0$memwr$\wdata_r$../rtl/cache/mshr.sv:151$1855_EN[63:0]$2038 [0] $0$memwr$\wdata_r$../rtl/cache/mshr.sv:151$1855_EN[63:0]$2038 [0] $0$memwr$\wdata_r$../rtl/cache/mshr.sv:151$1855_EN[63:0]$2038 [0] $0$memwr$\wdata_r$../rtl/cache/mshr.sv:151$1855_EN[63:0]$2038 [0] $0$memwr$\wdata_r$../rtl/cache/mshr.sv:151$1855_EN[63:0]$2038 [0] $0$memwr$\wdata_r$../rtl/cache/mshr.sv:151$1855_EN[63:0]$2038 [0] $0$memwr$\wdata_r$../rtl/cache/mshr.sv:151$1855_EN[63:0]$2038 [0] $0$memwr$\wdata_r$../rtl/cache/mshr.sv:151$1855_EN[63:0]$2038 [0] $0$memwr$\wdata_r$../rtl/cache/mshr.sv:151$1855_EN[63:0]$2038 [0] $0$memwr$\wdata_r$../rtl/cache/mshr.sv:151$1855_EN[63:0]$2038 [0] $0$memwr$\wdata_r$../rtl/cache/mshr.sv:151$1855_EN[63:0]$2038 [0] $0$memwr$\wdata_r$../rtl/cache/mshr.sv:151$1855_EN[63:0]$2038 [0] $0$memwr$\wdata_r$../rtl/cache/mshr.sv:151$1855_EN[63:0]$2038 [0] $0$memwr$\wdata_r$../rtl/cache/mshr.sv:151$1855_EN[63:0]$2038 [0] $0$memwr$\wdata_r$../rtl/cache/mshr.sv:151$1855_EN[63:0]$2038 [0] $0$memwr$\wdata_r$../rtl/cache/mshr.sv:151$1855_EN[63:0]$2038 [0] $0$memwr$\wdata_r$../rtl/cache/mshr.sv:151$1855_EN[63:0]$2038 [0] $0$memwr$\wdata_r$../rtl/cache/mshr.sv:151$1855_EN[63:0]$2038 [0] $0$memwr$\wdata_r$../rtl/cache/mshr.sv:151$1855_EN[63:0]$2038 [0] $0$memwr$\wdata_r$../rtl/cache/mshr.sv:151$1855_EN[63:0]$2038 [0] $0$memwr$\wdata_r$../rtl/cache/mshr.sv:151$1855_EN[63:0]$2038 [0] $0$memwr$\wdata_r$../rtl/cache/mshr.sv:151$1855_EN[63:0]$2038 [0] $0$memwr$\wdata_r$../rtl/cache/mshr.sv:151$1855_EN[63:0]$2038 [0] $0$memwr$\wdata_r$../rtl/cache/mshr.sv:151$1855_EN[63:0]$2038 [0] $0$memwr$\wdata_r$../rtl/cache/mshr.sv:151$1855_EN[63:0]$2038 [0] $0$memwr$\wdata_r$../rtl/cache/mshr.sv:151$1855_EN[63:0]$2038 [0] $0$memwr$\wdata_r$../rtl/cache/mshr.sv:151$1855_EN[63:0]$2038 [0] $0$memwr$\wdata_r$../rtl/cache/mshr.sv:151$1855_EN[63:0]$2038 [0] $0$memwr$\wdata_r$../rtl/cache/mshr.sv:151$1855_EN[63:0]$2038 [0] $0$memwr$\wdata_r$../rtl/cache/mshr.sv:151$1855_EN[63:0]$2038 [0] $0$memwr$\wdata_r$../rtl/cache/mshr.sv:151$1855_EN[63:0]$2038 [0] $0$memwr$\wdata_r$../rtl/cache/mshr.sv:151$1855_EN[63:0]$2038 [0] $0$memwr$\wdata_r$../rtl/cache/mshr.sv:151$1855_EN[63:0]$2038 [0] $0$memwr$\wdata_r$../rtl/cache/mshr.sv:151$1855_EN[63:0]$2038 [0] $0$memwr$\wdata_r$../rtl/cache/mshr.sv:151$1855_EN[63:0]$2038 [0] $0$memwr$\wdata_r$../rtl/cache/mshr.sv:151$1855_EN[63:0]$2038 [0] $0$memwr$\wdata_r$../rtl/cache/mshr.sv:151$1855_EN[63:0]$2038 [0] $0$memwr$\wdata_r$../rtl/cache/mshr.sv:151$1855_EN[63:0]$2038 [0] }
    Consolidated identical input bits for $mux cell $procmux$4726:
      Old ports: A=64'0000000000000000000000000000000000000000000000000000000000000000, B=$2$memwr$\vaddr_r$../rtl/cache/mshr.sv:154$1858_EN[63:0]$2136, Y=$0$memwr$\vaddr_r$../rtl/cache/mshr.sv:154$1858_EN[63:0]$2047
      New ports: A=1'0, B=$procmux$4516_Y [0], Y=$0$memwr$\vaddr_r$../rtl/cache/mshr.sv:154$1858_EN[63:0]$2047 [0]
      New connections: $0$memwr$\vaddr_r$../rtl/cache/mshr.sv:154$1858_EN[63:0]$2047 [63:1] = { $0$memwr$\vaddr_r$../rtl/cache/mshr.sv:154$1858_EN[63:0]$2047 [0] $0$memwr$\vaddr_r$../rtl/cache/mshr.sv:154$1858_EN[63:0]$2047 [0] $0$memwr$\vaddr_r$../rtl/cache/mshr.sv:154$1858_EN[63:0]$2047 [0] $0$memwr$\vaddr_r$../rtl/cache/mshr.sv:154$1858_EN[63:0]$2047 [0] $0$memwr$\vaddr_r$../rtl/cache/mshr.sv:154$1858_EN[63:0]$2047 [0] $0$memwr$\vaddr_r$../rtl/cache/mshr.sv:154$1858_EN[63:0]$2047 [0] $0$memwr$\vaddr_r$../rtl/cache/mshr.sv:154$1858_EN[63:0]$2047 [0] $0$memwr$\vaddr_r$../rtl/cache/mshr.sv:154$1858_EN[63:0]$2047 [0] $0$memwr$\vaddr_r$../rtl/cache/mshr.sv:154$1858_EN[63:0]$2047 [0] $0$memwr$\vaddr_r$../rtl/cache/mshr.sv:154$1858_EN[63:0]$2047 [0] $0$memwr$\vaddr_r$../rtl/cache/mshr.sv:154$1858_EN[63:0]$2047 [0] $0$memwr$\vaddr_r$../rtl/cache/mshr.sv:154$1858_EN[63:0]$2047 [0] $0$memwr$\vaddr_r$../rtl/cache/mshr.sv:154$1858_EN[63:0]$2047 [0] $0$memwr$\vaddr_r$../rtl/cache/mshr.sv:154$1858_EN[63:0]$2047 [0] $0$memwr$\vaddr_r$../rtl/cache/mshr.sv:154$1858_EN[63:0]$2047 [0] $0$memwr$\vaddr_r$../rtl/cache/mshr.sv:154$1858_EN[63:0]$2047 [0] $0$memwr$\vaddr_r$../rtl/cache/mshr.sv:154$1858_EN[63:0]$2047 [0] $0$memwr$\vaddr_r$../rtl/cache/mshr.sv:154$1858_EN[63:0]$2047 [0] $0$memwr$\vaddr_r$../rtl/cache/mshr.sv:154$1858_EN[63:0]$2047 [0] $0$memwr$\vaddr_r$../rtl/cache/mshr.sv:154$1858_EN[63:0]$2047 [0] $0$memwr$\vaddr_r$../rtl/cache/mshr.sv:154$1858_EN[63:0]$2047 [0] $0$memwr$\vaddr_r$../rtl/cache/mshr.sv:154$1858_EN[63:0]$2047 [0] $0$memwr$\vaddr_r$../rtl/cache/mshr.sv:154$1858_EN[63:0]$2047 [0] $0$memwr$\vaddr_r$../rtl/cache/mshr.sv:154$1858_EN[63:0]$2047 [0] $0$memwr$\vaddr_r$../rtl/cache/mshr.sv:154$1858_EN[63:0]$2047 [0] $0$memwr$\vaddr_r$../rtl/cache/mshr.sv:154$1858_EN[63:0]$2047 [0] $0$memwr$\vaddr_r$../rtl/cache/mshr.sv:154$1858_EN[63:0]$2047 [0] $0$memwr$\vaddr_r$../rtl/cache/mshr.sv:154$1858_EN[63:0]$2047 [0] $0$memwr$\vaddr_r$../rtl/cache/mshr.sv:154$1858_EN[63:0]$2047 [0] $0$memwr$\vaddr_r$../rtl/cache/mshr.sv:154$1858_EN[63:0]$2047 [0] $0$memwr$\vaddr_r$../rtl/cache/mshr.sv:154$1858_EN[63:0]$2047 [0] $0$memwr$\vaddr_r$../rtl/cache/mshr.sv:154$1858_EN[63:0]$2047 [0] $0$memwr$\vaddr_r$../rtl/cache/mshr.sv:154$1858_EN[63:0]$2047 [0] $0$memwr$\vaddr_r$../rtl/cache/mshr.sv:154$1858_EN[63:0]$2047 [0] $0$memwr$\vaddr_r$../rtl/cache/mshr.sv:154$1858_EN[63:0]$2047 [0] $0$memwr$\vaddr_r$../rtl/cache/mshr.sv:154$1858_EN[63:0]$2047 [0] $0$memwr$\vaddr_r$../rtl/cache/mshr.sv:154$1858_EN[63:0]$2047 [0] $0$memwr$\vaddr_r$../rtl/cache/mshr.sv:154$1858_EN[63:0]$2047 [0] $0$memwr$\vaddr_r$../rtl/cache/mshr.sv:154$1858_EN[63:0]$2047 [0] $0$memwr$\vaddr_r$../rtl/cache/mshr.sv:154$1858_EN[63:0]$2047 [0] $0$memwr$\vaddr_r$../rtl/cache/mshr.sv:154$1858_EN[63:0]$2047 [0] $0$memwr$\vaddr_r$../rtl/cache/mshr.sv:154$1858_EN[63:0]$2047 [0] $0$memwr$\vaddr_r$../rtl/cache/mshr.sv:154$1858_EN[63:0]$2047 [0] $0$memwr$\vaddr_r$../rtl/cache/mshr.sv:154$1858_EN[63:0]$2047 [0] $0$memwr$\vaddr_r$../rtl/cache/mshr.sv:154$1858_EN[63:0]$2047 [0] $0$memwr$\vaddr_r$../rtl/cache/mshr.sv:154$1858_EN[63:0]$2047 [0] $0$memwr$\vaddr_r$../rtl/cache/mshr.sv:154$1858_EN[63:0]$2047 [0] $0$memwr$\vaddr_r$../rtl/cache/mshr.sv:154$1858_EN[63:0]$2047 [0] $0$memwr$\vaddr_r$../rtl/cache/mshr.sv:154$1858_EN[63:0]$2047 [0] $0$memwr$\vaddr_r$../rtl/cache/mshr.sv:154$1858_EN[63:0]$2047 [0] $0$memwr$\vaddr_r$../rtl/cache/mshr.sv:154$1858_EN[63:0]$2047 [0] $0$memwr$\vaddr_r$../rtl/cache/mshr.sv:154$1858_EN[63:0]$2047 [0] $0$memwr$\vaddr_r$../rtl/cache/mshr.sv:154$1858_EN[63:0]$2047 [0] $0$memwr$\vaddr_r$../rtl/cache/mshr.sv:154$1858_EN[63:0]$2047 [0] $0$memwr$\vaddr_r$../rtl/cache/mshr.sv:154$1858_EN[63:0]$2047 [0] $0$memwr$\vaddr_r$../rtl/cache/mshr.sv:154$1858_EN[63:0]$2047 [0] $0$memwr$\vaddr_r$../rtl/cache/mshr.sv:154$1858_EN[63:0]$2047 [0] $0$memwr$\vaddr_r$../rtl/cache/mshr.sv:154$1858_EN[63:0]$2047 [0] $0$memwr$\vaddr_r$../rtl/cache/mshr.sv:154$1858_EN[63:0]$2047 [0] $0$memwr$\vaddr_r$../rtl/cache/mshr.sv:154$1858_EN[63:0]$2047 [0] $0$memwr$\vaddr_r$../rtl/cache/mshr.sv:154$1858_EN[63:0]$2047 [0] $0$memwr$\vaddr_r$../rtl/cache/mshr.sv:154$1858_EN[63:0]$2047 [0] $0$memwr$\vaddr_r$../rtl/cache/mshr.sv:154$1858_EN[63:0]$2047 [0] }
    Consolidated identical input bits for $mux cell $procmux$4717:
      Old ports: A=512'00000000000000000000000000000000000000000000000000000000000000000000000000000000000000000000000000000000000000000000000000000000000000000000000000000000000000000000000000000000000000000000000000000000000000000000000000000000000000000000000000000000000000000000000000000000000000000000000000000000000000000000000000000000000000000000000000000000000000000000000000000000000000000000000000000000000000000000000000000000000000000000000000000000000000000000000000000000000000000000000000000000000000000000000000000000, B=$2$memwr$\vdata_r$../rtl/cache/mshr.sv:155$1859_EN[511:0]$2139, Y=$0$memwr$\vdata_r$../rtl/cache/mshr.sv:155$1859_EN[511:0]$2050
      New ports: A=1'0, B=$procmux$4498_Y [0], Y=$0$memwr$\vdata_r$../rtl/cache/mshr.sv:155$1859_EN[511:0]$2050 [0]
      New connections: $0$memwr$\vdata_r$../rtl/cache/mshr.sv:155$1859_EN[511:0]$2050 [511:1] = { $0$memwr$\vdata_r$../rtl/cache/mshr.sv:155$1859_EN[511:0]$2050 [0] $0$memwr$\vdata_r$../rtl/cache/mshr.sv:155$1859_EN[511:0]$2050 [0] $0$memwr$\vdata_r$../rtl/cache/mshr.sv:155$1859_EN[511:0]$2050 [0] $0$memwr$\vdata_r$../rtl/cache/mshr.sv:155$1859_EN[511:0]$2050 [0] $0$memwr$\vdata_r$../rtl/cache/mshr.sv:155$1859_EN[511:0]$2050 [0] $0$memwr$\vdata_r$../rtl/cache/mshr.sv:155$1859_EN[511:0]$2050 [0] $0$memwr$\vdata_r$../rtl/cache/mshr.sv:155$1859_EN[511:0]$2050 [0] $0$memwr$\vdata_r$../rtl/cache/mshr.sv:155$1859_EN[511:0]$2050 [0] $0$memwr$\vdata_r$../rtl/cache/mshr.sv:155$1859_EN[511:0]$2050 [0] $0$memwr$\vdata_r$../rtl/cache/mshr.sv:155$1859_EN[511:0]$2050 [0] $0$memwr$\vdata_r$../rtl/cache/mshr.sv:155$1859_EN[511:0]$2050 [0] $0$memwr$\vdata_r$../rtl/cache/mshr.sv:155$1859_EN[511:0]$2050 [0] $0$memwr$\vdata_r$../rtl/cache/mshr.sv:155$1859_EN[511:0]$2050 [0] $0$memwr$\vdata_r$../rtl/cache/mshr.sv:155$1859_EN[511:0]$2050 [0] $0$memwr$\vdata_r$../rtl/cache/mshr.sv:155$1859_EN[511:0]$2050 [0] $0$memwr$\vdata_r$../rtl/cache/mshr.sv:155$1859_EN[511:0]$2050 [0] $0$memwr$\vdata_r$../rtl/cache/mshr.sv:155$1859_EN[511:0]$2050 [0] $0$memwr$\vdata_r$../rtl/cache/mshr.sv:155$1859_EN[511:0]$2050 [0] $0$memwr$\vdata_r$../rtl/cache/mshr.sv:155$1859_EN[511:0]$2050 [0] $0$memwr$\vdata_r$../rtl/cache/mshr.sv:155$1859_EN[511:0]$2050 [0] $0$memwr$\vdata_r$../rtl/cache/mshr.sv:155$1859_EN[511:0]$2050 [0] $0$memwr$\vdata_r$../rtl/cache/mshr.sv:155$1859_EN[511:0]$2050 [0] $0$memwr$\vdata_r$../rtl/cache/mshr.sv:155$1859_EN[511:0]$2050 [0] $0$memwr$\vdata_r$../rtl/cache/mshr.sv:155$1859_EN[511:0]$2050 [0] $0$memwr$\vdata_r$../rtl/cache/mshr.sv:155$1859_EN[511:0]$2050 [0] $0$memwr$\vdata_r$../rtl/cache/mshr.sv:155$1859_EN[511:0]$2050 [0] $0$memwr$\vdata_r$../rtl/cache/mshr.sv:155$1859_EN[511:0]$2050 [0] $0$memwr$\vdata_r$../rtl/cache/mshr.sv:155$1859_EN[511:0]$2050 [0] $0$memwr$\vdata_r$../rtl/cache/mshr.sv:155$1859_EN[511:0]$2050 [0] $0$memwr$\vdata_r$../rtl/cache/mshr.sv:155$1859_EN[511:0]$2050 [0] $0$memwr$\vdata_r$../rtl/cache/mshr.sv:155$1859_EN[511:0]$2050 [0] $0$memwr$\vdata_r$../rtl/cache/mshr.sv:155$1859_EN[511:0]$2050 [0] $0$memwr$\vdata_r$../rtl/cache/mshr.sv:155$1859_EN[511:0]$2050 [0] $0$memwr$\vdata_r$../rtl/cache/mshr.sv:155$1859_EN[511:0]$2050 [0] $0$memwr$\vdata_r$../rtl/cache/mshr.sv:155$1859_EN[511:0]$2050 [0] $0$memwr$\vdata_r$../rtl/cache/mshr.sv:155$1859_EN[511:0]$2050 [0] $0$memwr$\vdata_r$../rtl/cache/mshr.sv:155$1859_EN[511:0]$2050 [0] $0$memwr$\vdata_r$../rtl/cache/mshr.sv:155$1859_EN[511:0]$2050 [0] $0$memwr$\vdata_r$../rtl/cache/mshr.sv:155$1859_EN[511:0]$2050 [0] $0$memwr$\vdata_r$../rtl/cache/mshr.sv:155$1859_EN[511:0]$2050 [0] $0$memwr$\vdata_r$../rtl/cache/mshr.sv:155$1859_EN[511:0]$2050 [0] $0$memwr$\vdata_r$../rtl/cache/mshr.sv:155$1859_EN[511:0]$2050 [0] $0$memwr$\vdata_r$../rtl/cache/mshr.sv:155$1859_EN[511:0]$2050 [0] $0$memwr$\vdata_r$../rtl/cache/mshr.sv:155$1859_EN[511:0]$2050 [0] $0$memwr$\vdata_r$../rtl/cache/mshr.sv:155$1859_EN[511:0]$2050 [0] $0$memwr$\vdata_r$../rtl/cache/mshr.sv:155$1859_EN[511:0]$2050 [0] $0$memwr$\vdata_r$../rtl/cache/mshr.sv:155$1859_EN[511:0]$2050 [0] $0$memwr$\vdata_r$../rtl/cache/mshr.sv:155$1859_EN[511:0]$2050 [0] $0$memwr$\vdata_r$../rtl/cache/mshr.sv:155$1859_EN[511:0]$2050 [0] $0$memwr$\vdata_r$../rtl/cache/mshr.sv:155$1859_EN[511:0]$2050 [0] $0$memwr$\vdata_r$../rtl/cache/mshr.sv:155$1859_EN[511:0]$2050 [0] $0$memwr$\vdata_r$../rtl/cache/mshr.sv:155$1859_EN[511:0]$2050 [0] $0$memwr$\vdata_r$../rtl/cache/mshr.sv:155$1859_EN[511:0]$2050 [0] $0$memwr$\vdata_r$../rtl/cache/mshr.sv:155$1859_EN[511:0]$2050 [0] $0$memwr$\vdata_r$../rtl/cache/mshr.sv:155$1859_EN[511:0]$2050 [0] $0$memwr$\vdata_r$../rtl/cache/mshr.sv:155$1859_EN[511:0]$2050 [0] $0$memwr$\vdata_r$../rtl/cache/mshr.sv:155$1859_EN[511:0]$2050 [0] $0$memwr$\vdata_r$../rtl/cache/mshr.sv:155$1859_EN[511:0]$2050 [0] $0$memwr$\vdata_r$../rtl/cache/mshr.sv:155$1859_EN[511:0]$2050 [0] $0$memwr$\vdata_r$../rtl/cache/mshr.sv:155$1859_EN[511:0]$2050 [0] $0$memwr$\vdata_r$../rtl/cache/mshr.sv:155$1859_EN[511:0]$2050 [0] $0$memwr$\vdata_r$../rtl/cache/mshr.sv:155$1859_EN[511:0]$2050 [0] $0$memwr$\vdata_r$../rtl/cache/mshr.sv:155$1859_EN[511:0]$2050 [0] $0$memwr$\vdata_r$../rtl/cache/mshr.sv:155$1859_EN[511:0]$2050 [0] $0$memwr$\vdata_r$../rtl/cache/mshr.sv:155$1859_EN[511:0]$2050 [0] $0$memwr$\vdata_r$../rtl/cache/mshr.sv:155$1859_EN[511:0]$2050 [0] $0$memwr$\vdata_r$../rtl/cache/mshr.sv:155$1859_EN[511:0]$2050 [0] $0$memwr$\vdata_r$../rtl/cache/mshr.sv:155$1859_EN[511:0]$2050 [0] $0$memwr$\vdata_r$../rtl/cache/mshr.sv:155$1859_EN[511:0]$2050 [0] $0$memwr$\vdata_r$../rtl/cache/mshr.sv:155$1859_EN[511:0]$2050 [0] $0$memwr$\vdata_r$../rtl/cache/mshr.sv:155$1859_EN[511:0]$2050 [0] $0$memwr$\vdata_r$../rtl/cache/mshr.sv:155$1859_EN[511:0]$2050 [0] $0$memwr$\vdata_r$../rtl/cache/mshr.sv:155$1859_EN[511:0]$2050 [0] $0$memwr$\vdata_r$../rtl/cache/mshr.sv:155$1859_EN[511:0]$2050 [0] $0$memwr$\vdata_r$../rtl/cache/mshr.sv:155$1859_EN[511:0]$2050 [0] $0$memwr$\vdata_r$../rtl/cache/mshr.sv:155$1859_EN[511:0]$2050 [0] $0$memwr$\vdata_r$../rtl/cache/mshr.sv:155$1859_EN[511:0]$2050 [0] $0$memwr$\vdata_r$../rtl/cache/mshr.sv:155$1859_EN[511:0]$2050 [0] $0$memwr$\vdata_r$../rtl/cache/mshr.sv:155$1859_EN[511:0]$2050 [0] $0$memwr$\vdata_r$../rtl/cache/mshr.sv:155$1859_EN[511:0]$2050 [0] $0$memwr$\vdata_r$../rtl/cache/mshr.sv:155$1859_EN[511:0]$2050 [0] $0$memwr$\vdata_r$../rtl/cache/mshr.sv:155$1859_EN[511:0]$2050 [0] $0$memwr$\vdata_r$../rtl/cache/mshr.sv:155$1859_EN[511:0]$2050 [0] $0$memwr$\vdata_r$../rtl/cache/mshr.sv:155$1859_EN[511:0]$2050 [0] $0$memwr$\vdata_r$../rtl/cache/mshr.sv:155$1859_EN[511:0]$2050 [0] $0$memwr$\vdata_r$../rtl/cache/mshr.sv:155$1859_EN[511:0]$2050 [0] $0$memwr$\vdata_r$../rtl/cache/mshr.sv:155$1859_EN[511:0]$2050 [0] $0$memwr$\vdata_r$../rtl/cache/mshr.sv:155$1859_EN[511:0]$2050 [0] $0$memwr$\vdata_r$../rtl/cache/mshr.sv:155$1859_EN[511:0]$2050 [0] $0$memwr$\vdata_r$../rtl/cache/mshr.sv:155$1859_EN[511:0]$2050 [0] $0$memwr$\vdata_r$../rtl/cache/mshr.sv:155$1859_EN[511:0]$2050 [0] $0$memwr$\vdata_r$../rtl/cache/mshr.sv:155$1859_EN[511:0]$2050 [0] $0$memwr$\vdata_r$../rtl/cache/mshr.sv:155$1859_EN[511:0]$2050 [0] $0$memwr$\vdata_r$../rtl/cache/mshr.sv:155$1859_EN[511:0]$2050 [0] $0$memwr$\vdata_r$../rtl/cache/mshr.sv:155$1859_EN[511:0]$2050 [0] $0$memwr$\vdata_r$../rtl/cache/mshr.sv:155$1859_EN[511:0]$2050 [0] $0$memwr$\vdata_r$../rtl/cache/mshr.sv:155$1859_EN[511:0]$2050 [0] $0$memwr$\vdata_r$../rtl/cache/mshr.sv:155$1859_EN[511:0]$2050 [0] $0$memwr$\vdata_r$../rtl/cache/mshr.sv:155$1859_EN[511:0]$2050 [0] $0$memwr$\vdata_r$../rtl/cache/mshr.sv:155$1859_EN[511:0]$2050 [0] $0$memwr$\vdata_r$../rtl/cache/mshr.sv:155$1859_EN[511:0]$2050 [0] $0$memwr$\vdata_r$../rtl/cache/mshr.sv:155$1859_EN[511:0]$2050 [0] $0$memwr$\vdata_r$../rtl/cache/mshr.sv:155$1859_EN[511:0]$2050 [0] $0$memwr$\vdata_r$../rtl/cache/mshr.sv:155$1859_EN[511:0]$2050 [0] $0$memwr$\vdata_r$../rtl/cache/mshr.sv:155$1859_EN[511:0]$2050 [0] $0$memwr$\vdata_r$../rtl/cache/mshr.sv:155$1859_EN[511:0]$2050 [0] $0$memwr$\vdata_r$../rtl/cache/mshr.sv:155$1859_EN[511:0]$2050 [0] $0$memwr$\vdata_r$../rtl/cache/mshr.sv:155$1859_EN[511:0]$2050 [0] $0$memwr$\vdata_r$../rtl/cache/mshr.sv:155$1859_EN[511:0]$2050 [0] $0$memwr$\vdata_r$../rtl/cache/mshr.sv:155$1859_EN[511:0]$2050 [0] $0$memwr$\vdata_r$../rtl/cache/mshr.sv:155$1859_EN[511:0]$2050 [0] $0$memwr$\vdata_r$../rtl/cache/mshr.sv:155$1859_EN[511:0]$2050 [0] $0$memwr$\vdata_r$../rtl/cache/mshr.sv:155$1859_EN[511:0]$2050 [0] $0$memwr$\vdata_r$../rtl/cache/mshr.sv:155$1859_EN[511:0]$2050 [0] $0$memwr$\vdata_r$../rtl/cache/mshr.sv:155$1859_EN[511:0]$2050 [0] $0$memwr$\vdata_r$../rtl/cache/mshr.sv:155$1859_EN[511:0]$2050 [0] $0$memwr$\vdata_r$../rtl/cache/mshr.sv:155$1859_EN[511:0]$2050 [0] $0$memwr$\vdata_r$../rtl/cache/mshr.sv:155$1859_EN[511:0]$2050 [0] $0$memwr$\vdata_r$../rtl/cache/mshr.sv:155$1859_EN[511:0]$2050 [0] $0$memwr$\vdata_r$../rtl/cache/mshr.sv:155$1859_EN[511:0]$2050 [0] $0$memwr$\vdata_r$../rtl/cache/mshr.sv:155$1859_EN[511:0]$2050 [0] $0$memwr$\vdata_r$../rtl/cache/mshr.sv:155$1859_EN[511:0]$2050 [0] $0$memwr$\vdata_r$../rtl/cache/mshr.sv:155$1859_EN[511:0]$2050 [0] $0$memwr$\vdata_r$../rtl/cache/mshr.sv:155$1859_EN[511:0]$2050 [0] $0$memwr$\vdata_r$../rtl/cache/mshr.sv:155$1859_EN[511:0]$2050 [0] $0$memwr$\vdata_r$../rtl/cache/mshr.sv:155$1859_EN[511:0]$2050 [0] $0$memwr$\vdata_r$../rtl/cache/mshr.sv:155$1859_EN[511:0]$2050 [0] $0$memwr$\vdata_r$../rtl/cache/mshr.sv:155$1859_EN[511:0]$2050 [0] $0$memwr$\vdata_r$../rtl/cache/mshr.sv:155$1859_EN[511:0]$2050 [0] $0$memwr$\vdata_r$../rtl/cache/mshr.sv:155$1859_EN[511:0]$2050 [0] $0$memwr$\vdata_r$../rtl/cache/mshr.sv:155$1859_EN[511:0]$2050 [0] $0$memwr$\vdata_r$../rtl/cache/mshr.sv:155$1859_EN[511:0]$2050 [0] $0$memwr$\vdata_r$../rtl/cache/mshr.sv:155$1859_EN[511:0]$2050 [0] $0$memwr$\vdata_r$../rtl/cache/mshr.sv:155$1859_EN[511:0]$2050 [0] $0$memwr$\vdata_r$../rtl/cache/mshr.sv:155$1859_EN[511:0]$2050 [0] $0$memwr$\vdata_r$../rtl/cache/mshr.sv:155$1859_EN[511:0]$2050 [0] $0$memwr$\vdata_r$../rtl/cache/mshr.sv:155$1859_EN[511:0]$2050 [0] $0$memwr$\vdata_r$../rtl/cache/mshr.sv:155$1859_EN[511:0]$2050 [0] $0$memwr$\vdata_r$../rtl/cache/mshr.sv:155$1859_EN[511:0]$2050 [0] $0$memwr$\vdata_r$../rtl/cache/mshr.sv:155$1859_EN[511:0]$2050 [0] $0$memwr$\vdata_r$../rtl/cache/mshr.sv:155$1859_EN[511:0]$2050 [0] $0$memwr$\vdata_r$../rtl/cache/mshr.sv:155$1859_EN[511:0]$2050 [0] $0$memwr$\vdata_r$../rtl/cache/mshr.sv:155$1859_EN[511:0]$2050 [0] $0$memwr$\vdata_r$../rtl/cache/mshr.sv:155$1859_EN[511:0]$2050 [0] $0$memwr$\vdata_r$../rtl/cache/mshr.sv:155$1859_EN[511:0]$2050 [0] $0$memwr$\vdata_r$../rtl/cache/mshr.sv:155$1859_EN[511:0]$2050 [0] $0$memwr$\vdata_r$../rtl/cache/mshr.sv:155$1859_EN[511:0]$2050 [0] $0$memwr$\vdata_r$../rtl/cache/mshr.sv:155$1859_EN[511:0]$2050 [0] $0$memwr$\vdata_r$../rtl/cache/mshr.sv:155$1859_EN[511:0]$2050 [0] $0$memwr$\vdata_r$../rtl/cache/mshr.sv:155$1859_EN[511:0]$2050 [0] $0$memwr$\vdata_r$../rtl/cache/mshr.sv:155$1859_EN[511:0]$2050 [0] $0$memwr$\vdata_r$../rtl/cache/mshr.sv:155$1859_EN[511:0]$2050 [0] $0$memwr$\vdata_r$../rtl/cache/mshr.sv:155$1859_EN[511:0]$2050 [0] $0$memwr$\vdata_r$../rtl/cache/mshr.sv:155$1859_EN[511:0]$2050 [0] $0$memwr$\vdata_r$../rtl/cache/mshr.sv:155$1859_EN[511:0]$2050 [0] $0$memwr$\vdata_r$../rtl/cache/mshr.sv:155$1859_EN[511:0]$2050 [0] $0$memwr$\vdata_r$../rtl/cache/mshr.sv:155$1859_EN[511:0]$2050 [0] $0$memwr$\vdata_r$../rtl/cache/mshr.sv:155$1859_EN[511:0]$2050 [0] $0$memwr$\vdata_r$../rtl/cache/mshr.sv:155$1859_EN[511:0]$2050 [0] $0$memwr$\vdata_r$../rtl/cache/mshr.sv:155$1859_EN[511:0]$2050 [0] $0$memwr$\vdata_r$../rtl/cache/mshr.sv:155$1859_EN[511:0]$2050 [0] $0$memwr$\vdata_r$../rtl/cache/mshr.sv:155$1859_EN[511:0]$2050 [0] $0$memwr$\vdata_r$../rtl/cache/mshr.sv:155$1859_EN[511:0]$2050 [0] $0$memwr$\vdata_r$../rtl/cache/mshr.sv:155$1859_EN[511:0]$2050 [0] $0$memwr$\vdata_r$../rtl/cache/mshr.sv:155$1859_EN[511:0]$2050 [0] $0$memwr$\vdata_r$../rtl/cache/mshr.sv:155$1859_EN[511:0]$2050 [0] $0$memwr$\vdata_r$../rtl/cache/mshr.sv:155$1859_EN[511:0]$2050 [0] $0$memwr$\vdata_r$../rtl/cache/mshr.sv:155$1859_EN[511:0]$2050 [0] $0$memwr$\vdata_r$../rtl/cache/mshr.sv:155$1859_EN[511:0]$2050 [0] $0$memwr$\vdata_r$../rtl/cache/mshr.sv:155$1859_EN[511:0]$2050 [0] $0$memwr$\vdata_r$../rtl/cache/mshr.sv:155$1859_EN[511:0]$2050 [0] $0$memwr$\vdata_r$../rtl/cache/mshr.sv:155$1859_EN[511:0]$2050 [0] $0$memwr$\vdata_r$../rtl/cache/mshr.sv:155$1859_EN[511:0]$2050 [0] $0$memwr$\vdata_r$../rtl/cache/mshr.sv:155$1859_EN[511:0]$2050 [0] $0$memwr$\vdata_r$../rtl/cache/mshr.sv:155$1859_EN[511:0]$2050 [0] $0$memwr$\vdata_r$../rtl/cache/mshr.sv:155$1859_EN[511:0]$2050 [0] $0$memwr$\vdata_r$../rtl/cache/mshr.sv:155$1859_EN[511:0]$2050 [0] $0$memwr$\vdata_r$../rtl/cache/mshr.sv:155$1859_EN[511:0]$2050 [0] $0$memwr$\vdata_r$../rtl/cache/mshr.sv:155$1859_EN[511:0]$2050 [0] $0$memwr$\vdata_r$../rtl/cache/mshr.sv:155$1859_EN[511:0]$2050 [0] $0$memwr$\vdata_r$../rtl/cache/mshr.sv:155$1859_EN[511:0]$2050 [0] $0$memwr$\vdata_r$../rtl/cache/mshr.sv:155$1859_EN[511:0]$2050 [0] $0$memwr$\vdata_r$../rtl/cache/mshr.sv:155$1859_EN[511:0]$2050 [0] $0$memwr$\vdata_r$../rtl/cache/mshr.sv:155$1859_EN[511:0]$2050 [0] $0$memwr$\vdata_r$../rtl/cache/mshr.sv:155$1859_EN[511:0]$2050 [0] $0$memwr$\vdata_r$../rtl/cache/mshr.sv:155$1859_EN[511:0]$2050 [0] $0$memwr$\vdata_r$../rtl/cache/mshr.sv:155$1859_EN[511:0]$2050 [0] $0$memwr$\vdata_r$../rtl/cache/mshr.sv:155$1859_EN[511:0]$2050 [0] $0$memwr$\vdata_r$../rtl/cache/mshr.sv:155$1859_EN[511:0]$2050 [0] $0$memwr$\vdata_r$../rtl/cache/mshr.sv:155$1859_EN[511:0]$2050 [0] $0$memwr$\vdata_r$../rtl/cache/mshr.sv:155$1859_EN[511:0]$2050 [0] $0$memwr$\vdata_r$../rtl/cache/mshr.sv:155$1859_EN[511:0]$2050 [0] $0$memwr$\vdata_r$../rtl/cache/mshr.sv:155$1859_EN[511:0]$2050 [0] $0$memwr$\vdata_r$../rtl/cache/mshr.sv:155$1859_EN[511:0]$2050 [0] $0$memwr$\vdata_r$../rtl/cache/mshr.sv:155$1859_EN[511:0]$2050 [0] $0$memwr$\vdata_r$../rtl/cache/mshr.sv:155$1859_EN[511:0]$2050 [0] $0$memwr$\vdata_r$../rtl/cache/mshr.sv:155$1859_EN[511:0]$2050 [0] $0$memwr$\vdata_r$../rtl/cache/mshr.sv:155$1859_EN[511:0]$2050 [0] $0$memwr$\vdata_r$../rtl/cache/mshr.sv:155$1859_EN[511:0]$2050 [0] $0$memwr$\vdata_r$../rtl/cache/mshr.sv:155$1859_EN[511:0]$2050 [0] $0$memwr$\vdata_r$../rtl/cache/mshr.sv:155$1859_EN[511:0]$2050 [0] $0$memwr$\vdata_r$../rtl/cache/mshr.sv:155$1859_EN[511:0]$2050 [0] $0$memwr$\vdata_r$../rtl/cache/mshr.sv:155$1859_EN[511:0]$2050 [0] $0$memwr$\vdata_r$../rtl/cache/mshr.sv:155$1859_EN[511:0]$2050 [0] $0$memwr$\vdata_r$../rtl/cache/mshr.sv:155$1859_EN[511:0]$2050 [0] $0$memwr$\vdata_r$../rtl/cache/mshr.sv:155$1859_EN[511:0]$2050 [0] $0$memwr$\vdata_r$../rtl/cache/mshr.sv:155$1859_EN[511:0]$2050 [0] $0$memwr$\vdata_r$../rtl/cache/mshr.sv:155$1859_EN[511:0]$2050 [0] $0$memwr$\vdata_r$../rtl/cache/mshr.sv:155$1859_EN[511:0]$2050 [0] $0$memwr$\vdata_r$../rtl/cache/mshr.sv:155$1859_EN[511:0]$2050 [0] $0$memwr$\vdata_r$../rtl/cache/mshr.sv:155$1859_EN[511:0]$2050 [0] $0$memwr$\vdata_r$../rtl/cache/mshr.sv:155$1859_EN[511:0]$2050 [0] $0$memwr$\vdata_r$../rtl/cache/mshr.sv:155$1859_EN[511:0]$2050 [0] $0$memwr$\vdata_r$../rtl/cache/mshr.sv:155$1859_EN[511:0]$2050 [0] $0$memwr$\vdata_r$../rtl/cache/mshr.sv:155$1859_EN[511:0]$2050 [0] $0$memwr$\vdata_r$../rtl/cache/mshr.sv:155$1859_EN[511:0]$2050 [0] $0$memwr$\vdata_r$../rtl/cache/mshr.sv:155$1859_EN[511:0]$2050 [0] $0$memwr$\vdata_r$../rtl/cache/mshr.sv:155$1859_EN[511:0]$2050 [0] $0$memwr$\vdata_r$../rtl/cache/mshr.sv:155$1859_EN[511:0]$2050 [0] $0$memwr$\vdata_r$../rtl/cache/mshr.sv:155$1859_EN[511:0]$2050 [0] $0$memwr$\vdata_r$../rtl/cache/mshr.sv:155$1859_EN[511:0]$2050 [0] $0$memwr$\vdata_r$../rtl/cache/mshr.sv:155$1859_EN[511:0]$2050 [0] $0$memwr$\vdata_r$../rtl/cache/mshr.sv:155$1859_EN[511:0]$2050 [0] $0$memwr$\vdata_r$../rtl/cache/mshr.sv:155$1859_EN[511:0]$2050 [0] $0$memwr$\vdata_r$../rtl/cache/mshr.sv:155$1859_EN[511:0]$2050 [0] $0$memwr$\vdata_r$../rtl/cache/mshr.sv:155$1859_EN[511:0]$2050 [0] $0$memwr$\vdata_r$../rtl/cache/mshr.sv:155$1859_EN[511:0]$2050 [0] $0$memwr$\vdata_r$../rtl/cache/mshr.sv:155$1859_EN[511:0]$2050 [0] $0$memwr$\vdata_r$../rtl/cache/mshr.sv:155$1859_EN[511:0]$2050 [0] $0$memwr$\vdata_r$../rtl/cache/mshr.sv:155$1859_EN[511:0]$2050 [0] $0$memwr$\vdata_r$../rtl/cache/mshr.sv:155$1859_EN[511:0]$2050 [0] $0$memwr$\vdata_r$../rtl/cache/mshr.sv:155$1859_EN[511:0]$2050 [0] $0$memwr$\vdata_r$../rtl/cache/mshr.sv:155$1859_EN[511:0]$2050 [0] $0$memwr$\vdata_r$../rtl/cache/mshr.sv:155$1859_EN[511:0]$2050 [0] $0$memwr$\vdata_r$../rtl/cache/mshr.sv:155$1859_EN[511:0]$2050 [0] $0$memwr$\vdata_r$../rtl/cache/mshr.sv:155$1859_EN[511:0]$2050 [0] $0$memwr$\vdata_r$../rtl/cache/mshr.sv:155$1859_EN[511:0]$2050 [0] $0$memwr$\vdata_r$../rtl/cache/mshr.sv:155$1859_EN[511:0]$2050 [0] $0$memwr$\vdata_r$../rtl/cache/mshr.sv:155$1859_EN[511:0]$2050 [0] $0$memwr$\vdata_r$../rtl/cache/mshr.sv:155$1859_EN[511:0]$2050 [0] $0$memwr$\vdata_r$../rtl/cache/mshr.sv:155$1859_EN[511:0]$2050 [0] $0$memwr$\vdata_r$../rtl/cache/mshr.sv:155$1859_EN[511:0]$2050 [0] $0$memwr$\vdata_r$../rtl/cache/mshr.sv:155$1859_EN[511:0]$2050 [0] $0$memwr$\vdata_r$../rtl/cache/mshr.sv:155$1859_EN[511:0]$2050 [0] $0$memwr$\vdata_r$../rtl/cache/mshr.sv:155$1859_EN[511:0]$2050 [0] $0$memwr$\vdata_r$../rtl/cache/mshr.sv:155$1859_EN[511:0]$2050 [0] $0$memwr$\vdata_r$../rtl/cache/mshr.sv:155$1859_EN[511:0]$2050 [0] $0$memwr$\vdata_r$../rtl/cache/mshr.sv:155$1859_EN[511:0]$2050 [0] $0$memwr$\vdata_r$../rtl/cache/mshr.sv:155$1859_EN[511:0]$2050 [0] $0$memwr$\vdata_r$../rtl/cache/mshr.sv:155$1859_EN[511:0]$2050 [0] $0$memwr$\vdata_r$../rtl/cache/mshr.sv:155$1859_EN[511:0]$2050 [0] $0$memwr$\vdata_r$../rtl/cache/mshr.sv:155$1859_EN[511:0]$2050 [0] $0$memwr$\vdata_r$../rtl/cache/mshr.sv:155$1859_EN[511:0]$2050 [0] $0$memwr$\vdata_r$../rtl/cache/mshr.sv:155$1859_EN[511:0]$2050 [0] $0$memwr$\vdata_r$../rtl/cache/mshr.sv:155$1859_EN[511:0]$2050 [0] $0$memwr$\vdata_r$../rtl/cache/mshr.sv:155$1859_EN[511:0]$2050 [0] $0$memwr$\vdata_r$../rtl/cache/mshr.sv:155$1859_EN[511:0]$2050 [0] $0$memwr$\vdata_r$../rtl/cache/mshr.sv:155$1859_EN[511:0]$2050 [0] $0$memwr$\vdata_r$../rtl/cache/mshr.sv:155$1859_EN[511:0]$2050 [0] $0$memwr$\vdata_r$../rtl/cache/mshr.sv:155$1859_EN[511:0]$2050 [0] $0$memwr$\vdata_r$../rtl/cache/mshr.sv:155$1859_EN[511:0]$2050 [0] $0$memwr$\vdata_r$../rtl/cache/mshr.sv:155$1859_EN[511:0]$2050 [0] $0$memwr$\vdata_r$../rtl/cache/mshr.sv:155$1859_EN[511:0]$2050 [0] $0$memwr$\vdata_r$../rtl/cache/mshr.sv:155$1859_EN[511:0]$2050 [0] $0$memwr$\vdata_r$../rtl/cache/mshr.sv:155$1859_EN[511:0]$2050 [0] $0$memwr$\vdata_r$../rtl/cache/mshr.sv:155$1859_EN[511:0]$2050 [0] $0$memwr$\vdata_r$../rtl/cache/mshr.sv:155$1859_EN[511:0]$2050 [0] $0$memwr$\vdata_r$../rtl/cache/mshr.sv:155$1859_EN[511:0]$2050 [0] $0$memwr$\vdata_r$../rtl/cache/mshr.sv:155$1859_EN[511:0]$2050 [0] $0$memwr$\vdata_r$../rtl/cache/mshr.sv:155$1859_EN[511:0]$2050 [0] $0$memwr$\vdata_r$../rtl/cache/mshr.sv:155$1859_EN[511:0]$2050 [0] $0$memwr$\vdata_r$../rtl/cache/mshr.sv:155$1859_EN[511:0]$2050 [0] $0$memwr$\vdata_r$../rtl/cache/mshr.sv:155$1859_EN[511:0]$2050 [0] $0$memwr$\vdata_r$../rtl/cache/mshr.sv:155$1859_EN[511:0]$2050 [0] $0$memwr$\vdata_r$../rtl/cache/mshr.sv:155$1859_EN[511:0]$2050 [0] $0$memwr$\vdata_r$../rtl/cache/mshr.sv:155$1859_EN[511:0]$2050 [0] $0$memwr$\vdata_r$../rtl/cache/mshr.sv:155$1859_EN[511:0]$2050 [0] $0$memwr$\vdata_r$../rtl/cache/mshr.sv:155$1859_EN[511:0]$2050 [0] $0$memwr$\vdata_r$../rtl/cache/mshr.sv:155$1859_EN[511:0]$2050 [0] $0$memwr$\vdata_r$../rtl/cache/mshr.sv:155$1859_EN[511:0]$2050 [0] $0$memwr$\vdata_r$../rtl/cache/mshr.sv:155$1859_EN[511:0]$2050 [0] $0$memwr$\vdata_r$../rtl/cache/mshr.sv:155$1859_EN[511:0]$2050 [0] $0$memwr$\vdata_r$../rtl/cache/mshr.sv:155$1859_EN[511:0]$2050 [0] $0$memwr$\vdata_r$../rtl/cache/mshr.sv:155$1859_EN[511:0]$2050 [0] $0$memwr$\vdata_r$../rtl/cache/mshr.sv:155$1859_EN[511:0]$2050 [0] $0$memwr$\vdata_r$../rtl/cache/mshr.sv:155$1859_EN[511:0]$2050 [0] $0$memwr$\vdata_r$../rtl/cache/mshr.sv:155$1859_EN[511:0]$2050 [0] $0$memwr$\vdata_r$../rtl/cache/mshr.sv:155$1859_EN[511:0]$2050 [0] $0$memwr$\vdata_r$../rtl/cache/mshr.sv:155$1859_EN[511:0]$2050 [0] $0$memwr$\vdata_r$../rtl/cache/mshr.sv:155$1859_EN[511:0]$2050 [0] $0$memwr$\vdata_r$../rtl/cache/mshr.sv:155$1859_EN[511:0]$2050 [0] $0$memwr$\vdata_r$../rtl/cache/mshr.sv:155$1859_EN[511:0]$2050 [0] $0$memwr$\vdata_r$../rtl/cache/mshr.sv:155$1859_EN[511:0]$2050 [0] $0$memwr$\vdata_r$../rtl/cache/mshr.sv:155$1859_EN[511:0]$2050 [0] $0$memwr$\vdata_r$../rtl/cache/mshr.sv:155$1859_EN[511:0]$2050 [0] $0$memwr$\vdata_r$../rtl/cache/mshr.sv:155$1859_EN[511:0]$2050 [0] $0$memwr$\vdata_r$../rtl/cache/mshr.sv:155$1859_EN[511:0]$2050 [0] $0$memwr$\vdata_r$../rtl/cache/mshr.sv:155$1859_EN[511:0]$2050 [0] $0$memwr$\vdata_r$../rtl/cache/mshr.sv:155$1859_EN[511:0]$2050 [0] $0$memwr$\vdata_r$../rtl/cache/mshr.sv:155$1859_EN[511:0]$2050 [0] $0$memwr$\vdata_r$../rtl/cache/mshr.sv:155$1859_EN[511:0]$2050 [0] $0$memwr$\vdata_r$../rtl/cache/mshr.sv:155$1859_EN[511:0]$2050 [0] $0$memwr$\vdata_r$../rtl/cache/mshr.sv:155$1859_EN[511:0]$2050 [0] $0$memwr$\vdata_r$../rtl/cache/mshr.sv:155$1859_EN[511:0]$2050 [0] $0$memwr$\vdata_r$../rtl/cache/mshr.sv:155$1859_EN[511:0]$2050 [0] $0$memwr$\vdata_r$../rtl/cache/mshr.sv:155$1859_EN[511:0]$2050 [0] $0$memwr$\vdata_r$../rtl/cache/mshr.sv:155$1859_EN[511:0]$2050 [0] $0$memwr$\vdata_r$../rtl/cache/mshr.sv:155$1859_EN[511:0]$2050 [0] $0$memwr$\vdata_r$../rtl/cache/mshr.sv:155$1859_EN[511:0]$2050 [0] $0$memwr$\vdata_r$../rtl/cache/mshr.sv:155$1859_EN[511:0]$2050 [0] $0$memwr$\vdata_r$../rtl/cache/mshr.sv:155$1859_EN[511:0]$2050 [0] $0$memwr$\vdata_r$../rtl/cache/mshr.sv:155$1859_EN[511:0]$2050 [0] $0$memwr$\vdata_r$../rtl/cache/mshr.sv:155$1859_EN[511:0]$2050 [0] $0$memwr$\vdata_r$../rtl/cache/mshr.sv:155$1859_EN[511:0]$2050 [0] $0$memwr$\vdata_r$../rtl/cache/mshr.sv:155$1859_EN[511:0]$2050 [0] $0$memwr$\vdata_r$../rtl/cache/mshr.sv:155$1859_EN[511:0]$2050 [0] $0$memwr$\vdata_r$../rtl/cache/mshr.sv:155$1859_EN[511:0]$2050 [0] $0$memwr$\vdata_r$../rtl/cache/mshr.sv:155$1859_EN[511:0]$2050 [0] $0$memwr$\vdata_r$../rtl/cache/mshr.sv:155$1859_EN[511:0]$2050 [0] $0$memwr$\vdata_r$../rtl/cache/mshr.sv:155$1859_EN[511:0]$2050 [0] $0$memwr$\vdata_r$../rtl/cache/mshr.sv:155$1859_EN[511:0]$2050 [0] $0$memwr$\vdata_r$../rtl/cache/mshr.sv:155$1859_EN[511:0]$2050 [0] $0$memwr$\vdata_r$../rtl/cache/mshr.sv:155$1859_EN[511:0]$2050 [0] $0$memwr$\vdata_r$../rtl/cache/mshr.sv:155$1859_EN[511:0]$2050 [0] $0$memwr$\vdata_r$../rtl/cache/mshr.sv:155$1859_EN[511:0]$2050 [0] $0$memwr$\vdata_r$../rtl/cache/mshr.sv:155$1859_EN[511:0]$2050 [0] $0$memwr$\vdata_r$../rtl/cache/mshr.sv:155$1859_EN[511:0]$2050 [0] $0$memwr$\vdata_r$../rtl/cache/mshr.sv:155$1859_EN[511:0]$2050 [0] $0$memwr$\vdata_r$../rtl/cache/mshr.sv:155$1859_EN[511:0]$2050 [0] $0$memwr$\vdata_r$../rtl/cache/mshr.sv:155$1859_EN[511:0]$2050 [0] $0$memwr$\vdata_r$../rtl/cache/mshr.sv:155$1859_EN[511:0]$2050 [0] $0$memwr$\vdata_r$../rtl/cache/mshr.sv:155$1859_EN[511:0]$2050 [0] $0$memwr$\vdata_r$../rtl/cache/mshr.sv:155$1859_EN[511:0]$2050 [0] $0$memwr$\vdata_r$../rtl/cache/mshr.sv:155$1859_EN[511:0]$2050 [0] $0$memwr$\vdata_r$../rtl/cache/mshr.sv:155$1859_EN[511:0]$2050 [0] $0$memwr$\vdata_r$../rtl/cache/mshr.sv:155$1859_EN[511:0]$2050 [0] $0$memwr$\vdata_r$../rtl/cache/mshr.sv:155$1859_EN[511:0]$2050 [0] $0$memwr$\vdata_r$../rtl/cache/mshr.sv:155$1859_EN[511:0]$2050 [0] $0$memwr$\vdata_r$../rtl/cache/mshr.sv:155$1859_EN[511:0]$2050 [0] $0$memwr$\vdata_r$../rtl/cache/mshr.sv:155$1859_EN[511:0]$2050 [0] $0$memwr$\vdata_r$../rtl/cache/mshr.sv:155$1859_EN[511:0]$2050 [0] $0$memwr$\vdata_r$../rtl/cache/mshr.sv:155$1859_EN[511:0]$2050 [0] $0$memwr$\vdata_r$../rtl/cache/mshr.sv:155$1859_EN[511:0]$2050 [0] $0$memwr$\vdata_r$../rtl/cache/mshr.sv:155$1859_EN[511:0]$2050 [0] $0$memwr$\vdata_r$../rtl/cache/mshr.sv:155$1859_EN[511:0]$2050 [0] $0$memwr$\vdata_r$../rtl/cache/mshr.sv:155$1859_EN[511:0]$2050 [0] $0$memwr$\vdata_r$../rtl/cache/mshr.sv:155$1859_EN[511:0]$2050 [0] $0$memwr$\vdata_r$../rtl/cache/mshr.sv:155$1859_EN[511:0]$2050 [0] $0$memwr$\vdata_r$../rtl/cache/mshr.sv:155$1859_EN[511:0]$2050 [0] $0$memwr$\vdata_r$../rtl/cache/mshr.sv:155$1859_EN[511:0]$2050 [0] $0$memwr$\vdata_r$../rtl/cache/mshr.sv:155$1859_EN[511:0]$2050 [0] $0$memwr$\vdata_r$../rtl/cache/mshr.sv:155$1859_EN[511:0]$2050 [0] $0$memwr$\vdata_r$../rtl/cache/mshr.sv:155$1859_EN[511:0]$2050 [0] $0$memwr$\vdata_r$../rtl/cache/mshr.sv:155$1859_EN[511:0]$2050 [0] $0$memwr$\vdata_r$../rtl/cache/mshr.sv:155$1859_EN[511:0]$2050 [0] $0$memwr$\vdata_r$../rtl/cache/mshr.sv:155$1859_EN[511:0]$2050 [0] $0$memwr$\vdata_r$../rtl/cache/mshr.sv:155$1859_EN[511:0]$2050 [0] $0$memwr$\vdata_r$../rtl/cache/mshr.sv:155$1859_EN[511:0]$2050 [0] $0$memwr$\vdata_r$../rtl/cache/mshr.sv:155$1859_EN[511:0]$2050 [0] $0$memwr$\vdata_r$../rtl/cache/mshr.sv:155$1859_EN[511:0]$2050 [0] $0$memwr$\vdata_r$../rtl/cache/mshr.sv:155$1859_EN[511:0]$2050 [0] $0$memwr$\vdata_r$../rtl/cache/mshr.sv:155$1859_EN[511:0]$2050 [0] $0$memwr$\vdata_r$../rtl/cache/mshr.sv:155$1859_EN[511:0]$2050 [0] $0$memwr$\vdata_r$../rtl/cache/mshr.sv:155$1859_EN[511:0]$2050 [0] $0$memwr$\vdata_r$../rtl/cache/mshr.sv:155$1859_EN[511:0]$2050 [0] $0$memwr$\vdata_r$../rtl/cache/mshr.sv:155$1859_EN[511:0]$2050 [0] $0$memwr$\vdata_r$../rtl/cache/mshr.sv:155$1859_EN[511:0]$2050 [0] $0$memwr$\vdata_r$../rtl/cache/mshr.sv:155$1859_EN[511:0]$2050 [0] $0$memwr$\vdata_r$../rtl/cache/mshr.sv:155$1859_EN[511:0]$2050 [0] $0$memwr$\vdata_r$../rtl/cache/mshr.sv:155$1859_EN[511:0]$2050 [0] $0$memwr$\vdata_r$../rtl/cache/mshr.sv:155$1859_EN[511:0]$2050 [0] $0$memwr$\vdata_r$../rtl/cache/mshr.sv:155$1859_EN[511:0]$2050 [0] $0$memwr$\vdata_r$../rtl/cache/mshr.sv:155$1859_EN[511:0]$2050 [0] $0$memwr$\vdata_r$../rtl/cache/mshr.sv:155$1859_EN[511:0]$2050 [0] $0$memwr$\vdata_r$../rtl/cache/mshr.sv:155$1859_EN[511:0]$2050 [0] $0$memwr$\vdata_r$../rtl/cache/mshr.sv:155$1859_EN[511:0]$2050 [0] $0$memwr$\vdata_r$../rtl/cache/mshr.sv:155$1859_EN[511:0]$2050 [0] $0$memwr$\vdata_r$../rtl/cache/mshr.sv:155$1859_EN[511:0]$2050 [0] $0$memwr$\vdata_r$../rtl/cache/mshr.sv:155$1859_EN[511:0]$2050 [0] $0$memwr$\vdata_r$../rtl/cache/mshr.sv:155$1859_EN[511:0]$2050 [0] $0$memwr$\vdata_r$../rtl/cache/mshr.sv:155$1859_EN[511:0]$2050 [0] $0$memwr$\vdata_r$../rtl/cache/mshr.sv:155$1859_EN[511:0]$2050 [0] $0$memwr$\vdata_r$../rtl/cache/mshr.sv:155$1859_EN[511:0]$2050 [0] $0$memwr$\vdata_r$../rtl/cache/mshr.sv:155$1859_EN[511:0]$2050 [0] $0$memwr$\vdata_r$../rtl/cache/mshr.sv:155$1859_EN[511:0]$2050 [0] $0$memwr$\vdata_r$../rtl/cache/mshr.sv:155$1859_EN[511:0]$2050 [0] $0$memwr$\vdata_r$../rtl/cache/mshr.sv:155$1859_EN[511:0]$2050 [0] $0$memwr$\vdata_r$../rtl/cache/mshr.sv:155$1859_EN[511:0]$2050 [0] $0$memwr$\vdata_r$../rtl/cache/mshr.sv:155$1859_EN[511:0]$2050 [0] $0$memwr$\vdata_r$../rtl/cache/mshr.sv:155$1859_EN[511:0]$2050 [0] $0$memwr$\vdata_r$../rtl/cache/mshr.sv:155$1859_EN[511:0]$2050 [0] $0$memwr$\vdata_r$../rtl/cache/mshr.sv:155$1859_EN[511:0]$2050 [0] $0$memwr$\vdata_r$../rtl/cache/mshr.sv:155$1859_EN[511:0]$2050 [0] $0$memwr$\vdata_r$../rtl/cache/mshr.sv:155$1859_EN[511:0]$2050 [0] $0$memwr$\vdata_r$../rtl/cache/mshr.sv:155$1859_EN[511:0]$2050 [0] $0$memwr$\vdata_r$../rtl/cache/mshr.sv:155$1859_EN[511:0]$2050 [0] $0$memwr$\vdata_r$../rtl/cache/mshr.sv:155$1859_EN[511:0]$2050 [0] $0$memwr$\vdata_r$../rtl/cache/mshr.sv:155$1859_EN[511:0]$2050 [0] $0$memwr$\vdata_r$../rtl/cache/mshr.sv:155$1859_EN[511:0]$2050 [0] $0$memwr$\vdata_r$../rtl/cache/mshr.sv:155$1859_EN[511:0]$2050 [0] $0$memwr$\vdata_r$../rtl/cache/mshr.sv:155$1859_EN[511:0]$2050 [0] $0$memwr$\vdata_r$../rtl/cache/mshr.sv:155$1859_EN[511:0]$2050 [0] $0$memwr$\vdata_r$../rtl/cache/mshr.sv:155$1859_EN[511:0]$2050 [0] $0$memwr$\vdata_r$../rtl/cache/mshr.sv:155$1859_EN[511:0]$2050 [0] $0$memwr$\vdata_r$../rtl/cache/mshr.sv:155$1859_EN[511:0]$2050 [0] $0$memwr$\vdata_r$../rtl/cache/mshr.sv:155$1859_EN[511:0]$2050 [0] $0$memwr$\vdata_r$../rtl/cache/mshr.sv:155$1859_EN[511:0]$2050 [0] $0$memwr$\vdata_r$../rtl/cache/mshr.sv:155$1859_EN[511:0]$2050 [0] $0$memwr$\vdata_r$../rtl/cache/mshr.sv:155$1859_EN[511:0]$2050 [0] $0$memwr$\vdata_r$../rtl/cache/mshr.sv:155$1859_EN[511:0]$2050 [0] $0$memwr$\vdata_r$../rtl/cache/mshr.sv:155$1859_EN[511:0]$2050 [0] $0$memwr$\vdata_r$../rtl/cache/mshr.sv:155$1859_EN[511:0]$2050 [0] $0$memwr$\vdata_r$../rtl/cache/mshr.sv:155$1859_EN[511:0]$2050 [0] $0$memwr$\vdata_r$../rtl/cache/mshr.sv:155$1859_EN[511:0]$2050 [0] $0$memwr$\vdata_r$../rtl/cache/mshr.sv:155$1859_EN[511:0]$2050 [0] $0$memwr$\vdata_r$../rtl/cache/mshr.sv:155$1859_EN[511:0]$2050 [0] $0$memwr$\vdata_r$../rtl/cache/mshr.sv:155$1859_EN[511:0]$2050 [0] $0$memwr$\vdata_r$../rtl/cache/mshr.sv:155$1859_EN[511:0]$2050 [0] $0$memwr$\vdata_r$../rtl/cache/mshr.sv:155$1859_EN[511:0]$2050 [0] $0$memwr$\vdata_r$../rtl/cache/mshr.sv:155$1859_EN[511:0]$2050 [0] $0$memwr$\vdata_r$../rtl/cache/mshr.sv:155$1859_EN[511:0]$2050 [0] $0$memwr$\vdata_r$../rtl/cache/mshr.sv:155$1859_EN[511:0]$2050 [0] $0$memwr$\vdata_r$../rtl/cache/mshr.sv:155$1859_EN[511:0]$2050 [0] $0$memwr$\vdata_r$../rtl/cache/mshr.sv:155$1859_EN[511:0]$2050 [0] $0$memwr$\vdata_r$../rtl/cache/mshr.sv:155$1859_EN[511:0]$2050 [0] $0$memwr$\vdata_r$../rtl/cache/mshr.sv:155$1859_EN[511:0]$2050 [0] $0$memwr$\vdata_r$../rtl/cache/mshr.sv:155$1859_EN[511:0]$2050 [0] $0$memwr$\vdata_r$../rtl/cache/mshr.sv:155$1859_EN[511:0]$2050 [0] $0$memwr$\vdata_r$../rtl/cache/mshr.sv:155$1859_EN[511:0]$2050 [0] $0$memwr$\vdata_r$../rtl/cache/mshr.sv:155$1859_EN[511:0]$2050 [0] $0$memwr$\vdata_r$../rtl/cache/mshr.sv:155$1859_EN[511:0]$2050 [0] $0$memwr$\vdata_r$../rtl/cache/mshr.sv:155$1859_EN[511:0]$2050 [0] $0$memwr$\vdata_r$../rtl/cache/mshr.sv:155$1859_EN[511:0]$2050 [0] $0$memwr$\vdata_r$../rtl/cache/mshr.sv:155$1859_EN[511:0]$2050 [0] $0$memwr$\vdata_r$../rtl/cache/mshr.sv:155$1859_EN[511:0]$2050 [0] $0$memwr$\vdata_r$../rtl/cache/mshr.sv:155$1859_EN[511:0]$2050 [0] $0$memwr$\vdata_r$../rtl/cache/mshr.sv:155$1859_EN[511:0]$2050 [0] $0$memwr$\vdata_r$../rtl/cache/mshr.sv:155$1859_EN[511:0]$2050 [0] $0$memwr$\vdata_r$../rtl/cache/mshr.sv:155$1859_EN[511:0]$2050 [0] $0$memwr$\vdata_r$../rtl/cache/mshr.sv:155$1859_EN[511:0]$2050 [0] $0$memwr$\vdata_r$../rtl/cache/mshr.sv:155$1859_EN[511:0]$2050 [0] $0$memwr$\vdata_r$../rtl/cache/mshr.sv:155$1859_EN[511:0]$2050 [0] $0$memwr$\vdata_r$../rtl/cache/mshr.sv:155$1859_EN[511:0]$2050 [0] $0$memwr$\vdata_r$../rtl/cache/mshr.sv:155$1859_EN[511:0]$2050 [0] $0$memwr$\vdata_r$../rtl/cache/mshr.sv:155$1859_EN[511:0]$2050 [0] $0$memwr$\vdata_r$../rtl/cache/mshr.sv:155$1859_EN[511:0]$2050 [0] $0$memwr$\vdata_r$../rtl/cache/mshr.sv:155$1859_EN[511:0]$2050 [0] $0$memwr$\vdata_r$../rtl/cache/mshr.sv:155$1859_EN[511:0]$2050 [0] $0$memwr$\vdata_r$../rtl/cache/mshr.sv:155$1859_EN[511:0]$2050 [0] $0$memwr$\vdata_r$../rtl/cache/mshr.sv:155$1859_EN[511:0]$2050 [0] $0$memwr$\vdata_r$../rtl/cache/mshr.sv:155$1859_EN[511:0]$2050 [0] $0$memwr$\vdata_r$../rtl/cache/mshr.sv:155$1859_EN[511:0]$2050 [0] $0$memwr$\vdata_r$../rtl/cache/mshr.sv:155$1859_EN[511:0]$2050 [0] $0$memwr$\vdata_r$../rtl/cache/mshr.sv:155$1859_EN[511:0]$2050 [0] $0$memwr$\vdata_r$../rtl/cache/mshr.sv:155$1859_EN[511:0]$2050 [0] $0$memwr$\vdata_r$../rtl/cache/mshr.sv:155$1859_EN[511:0]$2050 [0] $0$memwr$\vdata_r$../rtl/cache/mshr.sv:155$1859_EN[511:0]$2050 [0] $0$memwr$\vdata_r$../rtl/cache/mshr.sv:155$1859_EN[511:0]$2050 [0] $0$memwr$\vdata_r$../rtl/cache/mshr.sv:155$1859_EN[511:0]$2050 [0] $0$memwr$\vdata_r$../rtl/cache/mshr.sv:155$1859_EN[511:0]$2050 [0] $0$memwr$\vdata_r$../rtl/cache/mshr.sv:155$1859_EN[511:0]$2050 [0] $0$memwr$\vdata_r$../rtl/cache/mshr.sv:155$1859_EN[511:0]$2050 [0] $0$memwr$\vdata_r$../rtl/cache/mshr.sv:155$1859_EN[511:0]$2050 [0] $0$memwr$\vdata_r$../rtl/cache/mshr.sv:155$1859_EN[511:0]$2050 [0] $0$memwr$\vdata_r$../rtl/cache/mshr.sv:155$1859_EN[511:0]$2050 [0] $0$memwr$\vdata_r$../rtl/cache/mshr.sv:155$1859_EN[511:0]$2050 [0] $0$memwr$\vdata_r$../rtl/cache/mshr.sv:155$1859_EN[511:0]$2050 [0] $0$memwr$\vdata_r$../rtl/cache/mshr.sv:155$1859_EN[511:0]$2050 [0] $0$memwr$\vdata_r$../rtl/cache/mshr.sv:155$1859_EN[511:0]$2050 [0] $0$memwr$\vdata_r$../rtl/cache/mshr.sv:155$1859_EN[511:0]$2050 [0] $0$memwr$\vdata_r$../rtl/cache/mshr.sv:155$1859_EN[511:0]$2050 [0] $0$memwr$\vdata_r$../rtl/cache/mshr.sv:155$1859_EN[511:0]$2050 [0] $0$memwr$\vdata_r$../rtl/cache/mshr.sv:155$1859_EN[511:0]$2050 [0] $0$memwr$\vdata_r$../rtl/cache/mshr.sv:155$1859_EN[511:0]$2050 [0] $0$memwr$\vdata_r$../rtl/cache/mshr.sv:155$1859_EN[511:0]$2050 [0] $0$memwr$\vdata_r$../rtl/cache/mshr.sv:155$1859_EN[511:0]$2050 [0] $0$memwr$\vdata_r$../rtl/cache/mshr.sv:155$1859_EN[511:0]$2050 [0] $0$memwr$\vdata_r$../rtl/cache/mshr.sv:155$1859_EN[511:0]$2050 [0] $0$memwr$\vdata_r$../rtl/cache/mshr.sv:155$1859_EN[511:0]$2050 [0] $0$memwr$\vdata_r$../rtl/cache/mshr.sv:155$1859_EN[511:0]$2050 [0] $0$memwr$\vdata_r$../rtl/cache/mshr.sv:155$1859_EN[511:0]$2050 [0] $0$memwr$\vdata_r$../rtl/cache/mshr.sv:155$1859_EN[511:0]$2050 [0] $0$memwr$\vdata_r$../rtl/cache/mshr.sv:155$1859_EN[511:0]$2050 [0] $0$memwr$\vdata_r$../rtl/cache/mshr.sv:155$1859_EN[511:0]$2050 [0] $0$memwr$\vdata_r$../rtl/cache/mshr.sv:155$1859_EN[511:0]$2050 [0] $0$memwr$\vdata_r$../rtl/cache/mshr.sv:155$1859_EN[511:0]$2050 [0] $0$memwr$\vdata_r$../rtl/cache/mshr.sv:155$1859_EN[511:0]$2050 [0] $0$memwr$\vdata_r$../rtl/cache/mshr.sv:155$1859_EN[511:0]$2050 [0] $0$memwr$\vdata_r$../rtl/cache/mshr.sv:155$1859_EN[511:0]$2050 [0] $0$memwr$\vdata_r$../rtl/cache/mshr.sv:155$1859_EN[511:0]$2050 [0] $0$memwr$\vdata_r$../rtl/cache/mshr.sv:155$1859_EN[511:0]$2050 [0] $0$memwr$\vdata_r$../rtl/cache/mshr.sv:155$1859_EN[511:0]$2050 [0] $0$memwr$\vdata_r$../rtl/cache/mshr.sv:155$1859_EN[511:0]$2050 [0] $0$memwr$\vdata_r$../rtl/cache/mshr.sv:155$1859_EN[511:0]$2050 [0] $0$memwr$\vdata_r$../rtl/cache/mshr.sv:155$1859_EN[511:0]$2050 [0] $0$memwr$\vdata_r$../rtl/cache/mshr.sv:155$1859_EN[511:0]$2050 [0] $0$memwr$\vdata_r$../rtl/cache/mshr.sv:155$1859_EN[511:0]$2050 [0] $0$memwr$\vdata_r$../rtl/cache/mshr.sv:155$1859_EN[511:0]$2050 [0] $0$memwr$\vdata_r$../rtl/cache/mshr.sv:155$1859_EN[511:0]$2050 [0] $0$memwr$\vdata_r$../rtl/cache/mshr.sv:155$1859_EN[511:0]$2050 [0] $0$memwr$\vdata_r$../rtl/cache/mshr.sv:155$1859_EN[511:0]$2050 [0] $0$memwr$\vdata_r$../rtl/cache/mshr.sv:155$1859_EN[511:0]$2050 [0] $0$memwr$\vdata_r$../rtl/cache/mshr.sv:155$1859_EN[511:0]$2050 [0] $0$memwr$\vdata_r$../rtl/cache/mshr.sv:155$1859_EN[511:0]$2050 [0] $0$memwr$\vdata_r$../rtl/cache/mshr.sv:155$1859_EN[511:0]$2050 [0] $0$memwr$\vdata_r$../rtl/cache/mshr.sv:155$1859_EN[511:0]$2050 [0] $0$memwr$\vdata_r$../rtl/cache/mshr.sv:155$1859_EN[511:0]$2050 [0] $0$memwr$\vdata_r$../rtl/cache/mshr.sv:155$1859_EN[511:0]$2050 [0] $0$memwr$\vdata_r$../rtl/cache/mshr.sv:155$1859_EN[511:0]$2050 [0] $0$memwr$\vdata_r$../rtl/cache/mshr.sv:155$1859_EN[511:0]$2050 [0] $0$memwr$\vdata_r$../rtl/cache/mshr.sv:155$1859_EN[511:0]$2050 [0] }
    Consolidated identical input bits for $mux cell $procmux$4708:
      Old ports: A=3'000, B=$2$memwr$\st$../rtl/cache/mshr.sv:156$1860_EN[2:0]$2142, Y=$0$memwr$\st$../rtl/cache/mshr.sv:156$1860_EN[2:0]$2053
      New ports: A=1'0, B=$procmux$4480_Y [0], Y=$0$memwr$\st$../rtl/cache/mshr.sv:156$1860_EN[2:0]$2053 [0]
      New connections: $0$memwr$\st$../rtl/cache/mshr.sv:156$1860_EN[2:0]$2053 [2:1] = { $0$memwr$\st$../rtl/cache/mshr.sv:156$1860_EN[2:0]$2053 [0] $0$memwr$\st$../rtl/cache/mshr.sv:156$1860_EN[2:0]$2053 [0] }
    Consolidated identical input bits for $mux cell $procmux$4687:
      Old ports: A=512'00000000000000000000000000000000000000000000000000000000000000000000000000000000000000000000000000000000000000000000000000000000000000000000000000000000000000000000000000000000000000000000000000000000000000000000000000000000000000000000000000000000000000000000000000000000000000000000000000000000000000000000000000000000000000000000000000000000000000000000000000000000000000000000000000000000000000000000000000000000000000000000000000000000000000000000000000000000000000000000000000000000000000000000000000000000, B=$2$memwr$\filldata_r$../rtl/cache/mshr.sv:170$1863_EN[511:0]$2157, Y=$0$memwr$\filldata_r$../rtl/cache/mshr.sv:170$1863_EN[511:0]$2060
      New ports: A=1'0, B=$procmux$4402_Y [0], Y=$0$memwr$\filldata_r$../rtl/cache/mshr.sv:170$1863_EN[511:0]$2060 [0]
      New connections: $0$memwr$\filldata_r$../rtl/cache/mshr.sv:170$1863_EN[511:0]$2060 [511:1] = { $0$memwr$\filldata_r$../rtl/cache/mshr.sv:170$1863_EN[511:0]$2060 [0] $0$memwr$\filldata_r$../rtl/cache/mshr.sv:170$1863_EN[511:0]$2060 [0] $0$memwr$\filldata_r$../rtl/cache/mshr.sv:170$1863_EN[511:0]$2060 [0] $0$memwr$\filldata_r$../rtl/cache/mshr.sv:170$1863_EN[511:0]$2060 [0] $0$memwr$\filldata_r$../rtl/cache/mshr.sv:170$1863_EN[511:0]$2060 [0] $0$memwr$\filldata_r$../rtl/cache/mshr.sv:170$1863_EN[511:0]$2060 [0] $0$memwr$\filldata_r$../rtl/cache/mshr.sv:170$1863_EN[511:0]$2060 [0] $0$memwr$\filldata_r$../rtl/cache/mshr.sv:170$1863_EN[511:0]$2060 [0] $0$memwr$\filldata_r$../rtl/cache/mshr.sv:170$1863_EN[511:0]$2060 [0] $0$memwr$\filldata_r$../rtl/cache/mshr.sv:170$1863_EN[511:0]$2060 [0] $0$memwr$\filldata_r$../rtl/cache/mshr.sv:170$1863_EN[511:0]$2060 [0] $0$memwr$\filldata_r$../rtl/cache/mshr.sv:170$1863_EN[511:0]$2060 [0] $0$memwr$\filldata_r$../rtl/cache/mshr.sv:170$1863_EN[511:0]$2060 [0] $0$memwr$\filldata_r$../rtl/cache/mshr.sv:170$1863_EN[511:0]$2060 [0] $0$memwr$\filldata_r$../rtl/cache/mshr.sv:170$1863_EN[511:0]$2060 [0] $0$memwr$\filldata_r$../rtl/cache/mshr.sv:170$1863_EN[511:0]$2060 [0] $0$memwr$\filldata_r$../rtl/cache/mshr.sv:170$1863_EN[511:0]$2060 [0] $0$memwr$\filldata_r$../rtl/cache/mshr.sv:170$1863_EN[511:0]$2060 [0] $0$memwr$\filldata_r$../rtl/cache/mshr.sv:170$1863_EN[511:0]$2060 [0] $0$memwr$\filldata_r$../rtl/cache/mshr.sv:170$1863_EN[511:0]$2060 [0] $0$memwr$\filldata_r$../rtl/cache/mshr.sv:170$1863_EN[511:0]$2060 [0] $0$memwr$\filldata_r$../rtl/cache/mshr.sv:170$1863_EN[511:0]$2060 [0] $0$memwr$\filldata_r$../rtl/cache/mshr.sv:170$1863_EN[511:0]$2060 [0] $0$memwr$\filldata_r$../rtl/cache/mshr.sv:170$1863_EN[511:0]$2060 [0] $0$memwr$\filldata_r$../rtl/cache/mshr.sv:170$1863_EN[511:0]$2060 [0] $0$memwr$\filldata_r$../rtl/cache/mshr.sv:170$1863_EN[511:0]$2060 [0] $0$memwr$\filldata_r$../rtl/cache/mshr.sv:170$1863_EN[511:0]$2060 [0] $0$memwr$\filldata_r$../rtl/cache/mshr.sv:170$1863_EN[511:0]$2060 [0] $0$memwr$\filldata_r$../rtl/cache/mshr.sv:170$1863_EN[511:0]$2060 [0] $0$memwr$\filldata_r$../rtl/cache/mshr.sv:170$1863_EN[511:0]$2060 [0] $0$memwr$\filldata_r$../rtl/cache/mshr.sv:170$1863_EN[511:0]$2060 [0] $0$memwr$\filldata_r$../rtl/cache/mshr.sv:170$1863_EN[511:0]$2060 [0] $0$memwr$\filldata_r$../rtl/cache/mshr.sv:170$1863_EN[511:0]$2060 [0] $0$memwr$\filldata_r$../rtl/cache/mshr.sv:170$1863_EN[511:0]$2060 [0] $0$memwr$\filldata_r$../rtl/cache/mshr.sv:170$1863_EN[511:0]$2060 [0] $0$memwr$\filldata_r$../rtl/cache/mshr.sv:170$1863_EN[511:0]$2060 [0] $0$memwr$\filldata_r$../rtl/cache/mshr.sv:170$1863_EN[511:0]$2060 [0] $0$memwr$\filldata_r$../rtl/cache/mshr.sv:170$1863_EN[511:0]$2060 [0] $0$memwr$\filldata_r$../rtl/cache/mshr.sv:170$1863_EN[511:0]$2060 [0] $0$memwr$\filldata_r$../rtl/cache/mshr.sv:170$1863_EN[511:0]$2060 [0] $0$memwr$\filldata_r$../rtl/cache/mshr.sv:170$1863_EN[511:0]$2060 [0] $0$memwr$\filldata_r$../rtl/cache/mshr.sv:170$1863_EN[511:0]$2060 [0] $0$memwr$\filldata_r$../rtl/cache/mshr.sv:170$1863_EN[511:0]$2060 [0] $0$memwr$\filldata_r$../rtl/cache/mshr.sv:170$1863_EN[511:0]$2060 [0] $0$memwr$\filldata_r$../rtl/cache/mshr.sv:170$1863_EN[511:0]$2060 [0] $0$memwr$\filldata_r$../rtl/cache/mshr.sv:170$1863_EN[511:0]$2060 [0] $0$memwr$\filldata_r$../rtl/cache/mshr.sv:170$1863_EN[511:0]$2060 [0] $0$memwr$\filldata_r$../rtl/cache/mshr.sv:170$1863_EN[511:0]$2060 [0] $0$memwr$\filldata_r$../rtl/cache/mshr.sv:170$1863_EN[511:0]$2060 [0] $0$memwr$\filldata_r$../rtl/cache/mshr.sv:170$1863_EN[511:0]$2060 [0] $0$memwr$\filldata_r$../rtl/cache/mshr.sv:170$1863_EN[511:0]$2060 [0] $0$memwr$\filldata_r$../rtl/cache/mshr.sv:170$1863_EN[511:0]$2060 [0] $0$memwr$\filldata_r$../rtl/cache/mshr.sv:170$1863_EN[511:0]$2060 [0] $0$memwr$\filldata_r$../rtl/cache/mshr.sv:170$1863_EN[511:0]$2060 [0] $0$memwr$\filldata_r$../rtl/cache/mshr.sv:170$1863_EN[511:0]$2060 [0] $0$memwr$\filldata_r$../rtl/cache/mshr.sv:170$1863_EN[511:0]$2060 [0] $0$memwr$\filldata_r$../rtl/cache/mshr.sv:170$1863_EN[511:0]$2060 [0] $0$memwr$\filldata_r$../rtl/cache/mshr.sv:170$1863_EN[511:0]$2060 [0] $0$memwr$\filldata_r$../rtl/cache/mshr.sv:170$1863_EN[511:0]$2060 [0] $0$memwr$\filldata_r$../rtl/cache/mshr.sv:170$1863_EN[511:0]$2060 [0] $0$memwr$\filldata_r$../rtl/cache/mshr.sv:170$1863_EN[511:0]$2060 [0] $0$memwr$\filldata_r$../rtl/cache/mshr.sv:170$1863_EN[511:0]$2060 [0] $0$memwr$\filldata_r$../rtl/cache/mshr.sv:170$1863_EN[511:0]$2060 [0] $0$memwr$\filldata_r$../rtl/cache/mshr.sv:170$1863_EN[511:0]$2060 [0] $0$memwr$\filldata_r$../rtl/cache/mshr.sv:170$1863_EN[511:0]$2060 [0] $0$memwr$\filldata_r$../rtl/cache/mshr.sv:170$1863_EN[511:0]$2060 [0] $0$memwr$\filldata_r$../rtl/cache/mshr.sv:170$1863_EN[511:0]$2060 [0] $0$memwr$\filldata_r$../rtl/cache/mshr.sv:170$1863_EN[511:0]$2060 [0] $0$memwr$\filldata_r$../rtl/cache/mshr.sv:170$1863_EN[511:0]$2060 [0] $0$memwr$\filldata_r$../rtl/cache/mshr.sv:170$1863_EN[511:0]$2060 [0] $0$memwr$\filldata_r$../rtl/cache/mshr.sv:170$1863_EN[511:0]$2060 [0] $0$memwr$\filldata_r$../rtl/cache/mshr.sv:170$1863_EN[511:0]$2060 [0] $0$memwr$\filldata_r$../rtl/cache/mshr.sv:170$1863_EN[511:0]$2060 [0] $0$memwr$\filldata_r$../rtl/cache/mshr.sv:170$1863_EN[511:0]$2060 [0] $0$memwr$\filldata_r$../rtl/cache/mshr.sv:170$1863_EN[511:0]$2060 [0] $0$memwr$\filldata_r$../rtl/cache/mshr.sv:170$1863_EN[511:0]$2060 [0] $0$memwr$\filldata_r$../rtl/cache/mshr.sv:170$1863_EN[511:0]$2060 [0] $0$memwr$\filldata_r$../rtl/cache/mshr.sv:170$1863_EN[511:0]$2060 [0] $0$memwr$\filldata_r$../rtl/cache/mshr.sv:170$1863_EN[511:0]$2060 [0] $0$memwr$\filldata_r$../rtl/cache/mshr.sv:170$1863_EN[511:0]$2060 [0] $0$memwr$\filldata_r$../rtl/cache/mshr.sv:170$1863_EN[511:0]$2060 [0] $0$memwr$\filldata_r$../rtl/cache/mshr.sv:170$1863_EN[511:0]$2060 [0] $0$memwr$\filldata_r$../rtl/cache/mshr.sv:170$1863_EN[511:0]$2060 [0] $0$memwr$\filldata_r$../rtl/cache/mshr.sv:170$1863_EN[511:0]$2060 [0] $0$memwr$\filldata_r$../rtl/cache/mshr.sv:170$1863_EN[511:0]$2060 [0] $0$memwr$\filldata_r$../rtl/cache/mshr.sv:170$1863_EN[511:0]$2060 [0] $0$memwr$\filldata_r$../rtl/cache/mshr.sv:170$1863_EN[511:0]$2060 [0] $0$memwr$\filldata_r$../rtl/cache/mshr.sv:170$1863_EN[511:0]$2060 [0] $0$memwr$\filldata_r$../rtl/cache/mshr.sv:170$1863_EN[511:0]$2060 [0] $0$memwr$\filldata_r$../rtl/cache/mshr.sv:170$1863_EN[511:0]$2060 [0] $0$memwr$\filldata_r$../rtl/cache/mshr.sv:170$1863_EN[511:0]$2060 [0] $0$memwr$\filldata_r$../rtl/cache/mshr.sv:170$1863_EN[511:0]$2060 [0] $0$memwr$\filldata_r$../rtl/cache/mshr.sv:170$1863_EN[511:0]$2060 [0] $0$memwr$\filldata_r$../rtl/cache/mshr.sv:170$1863_EN[511:0]$2060 [0] $0$memwr$\filldata_r$../rtl/cache/mshr.sv:170$1863_EN[511:0]$2060 [0] $0$memwr$\filldata_r$../rtl/cache/mshr.sv:170$1863_EN[511:0]$2060 [0] $0$memwr$\filldata_r$../rtl/cache/mshr.sv:170$1863_EN[511:0]$2060 [0] $0$memwr$\filldata_r$../rtl/cache/mshr.sv:170$1863_EN[511:0]$2060 [0] $0$memwr$\filldata_r$../rtl/cache/mshr.sv:170$1863_EN[511:0]$2060 [0] $0$memwr$\filldata_r$../rtl/cache/mshr.sv:170$1863_EN[511:0]$2060 [0] $0$memwr$\filldata_r$../rtl/cache/mshr.sv:170$1863_EN[511:0]$2060 [0] $0$memwr$\filldata_r$../rtl/cache/mshr.sv:170$1863_EN[511:0]$2060 [0] $0$memwr$\filldata_r$../rtl/cache/mshr.sv:170$1863_EN[511:0]$2060 [0] $0$memwr$\filldata_r$../rtl/cache/mshr.sv:170$1863_EN[511:0]$2060 [0] $0$memwr$\filldata_r$../rtl/cache/mshr.sv:170$1863_EN[511:0]$2060 [0] $0$memwr$\filldata_r$../rtl/cache/mshr.sv:170$1863_EN[511:0]$2060 [0] $0$memwr$\filldata_r$../rtl/cache/mshr.sv:170$1863_EN[511:0]$2060 [0] $0$memwr$\filldata_r$../rtl/cache/mshr.sv:170$1863_EN[511:0]$2060 [0] $0$memwr$\filldata_r$../rtl/cache/mshr.sv:170$1863_EN[511:0]$2060 [0] $0$memwr$\filldata_r$../rtl/cache/mshr.sv:170$1863_EN[511:0]$2060 [0] $0$memwr$\filldata_r$../rtl/cache/mshr.sv:170$1863_EN[511:0]$2060 [0] $0$memwr$\filldata_r$../rtl/cache/mshr.sv:170$1863_EN[511:0]$2060 [0] $0$memwr$\filldata_r$../rtl/cache/mshr.sv:170$1863_EN[511:0]$2060 [0] $0$memwr$\filldata_r$../rtl/cache/mshr.sv:170$1863_EN[511:0]$2060 [0] $0$memwr$\filldata_r$../rtl/cache/mshr.sv:170$1863_EN[511:0]$2060 [0] $0$memwr$\filldata_r$../rtl/cache/mshr.sv:170$1863_EN[511:0]$2060 [0] $0$memwr$\filldata_r$../rtl/cache/mshr.sv:170$1863_EN[511:0]$2060 [0] $0$memwr$\filldata_r$../rtl/cache/mshr.sv:170$1863_EN[511:0]$2060 [0] $0$memwr$\filldata_r$../rtl/cache/mshr.sv:170$1863_EN[511:0]$2060 [0] $0$memwr$\filldata_r$../rtl/cache/mshr.sv:170$1863_EN[511:0]$2060 [0] $0$memwr$\filldata_r$../rtl/cache/mshr.sv:170$1863_EN[511:0]$2060 [0] $0$memwr$\filldata_r$../rtl/cache/mshr.sv:170$1863_EN[511:0]$2060 [0] $0$memwr$\filldata_r$../rtl/cache/mshr.sv:170$1863_EN[511:0]$2060 [0] $0$memwr$\filldata_r$../rtl/cache/mshr.sv:170$1863_EN[511:0]$2060 [0] $0$memwr$\filldata_r$../rtl/cache/mshr.sv:170$1863_EN[511:0]$2060 [0] $0$memwr$\filldata_r$../rtl/cache/mshr.sv:170$1863_EN[511:0]$2060 [0] $0$memwr$\filldata_r$../rtl/cache/mshr.sv:170$1863_EN[511:0]$2060 [0] $0$memwr$\filldata_r$../rtl/cache/mshr.sv:170$1863_EN[511:0]$2060 [0] $0$memwr$\filldata_r$../rtl/cache/mshr.sv:170$1863_EN[511:0]$2060 [0] $0$memwr$\filldata_r$../rtl/cache/mshr.sv:170$1863_EN[511:0]$2060 [0] $0$memwr$\filldata_r$../rtl/cache/mshr.sv:170$1863_EN[511:0]$2060 [0] $0$memwr$\filldata_r$../rtl/cache/mshr.sv:170$1863_EN[511:0]$2060 [0] $0$memwr$\filldata_r$../rtl/cache/mshr.sv:170$1863_EN[511:0]$2060 [0] $0$memwr$\filldata_r$../rtl/cache/mshr.sv:170$1863_EN[511:0]$2060 [0] $0$memwr$\filldata_r$../rtl/cache/mshr.sv:170$1863_EN[511:0]$2060 [0] $0$memwr$\filldata_r$../rtl/cache/mshr.sv:170$1863_EN[511:0]$2060 [0] $0$memwr$\filldata_r$../rtl/cache/mshr.sv:170$1863_EN[511:0]$2060 [0] $0$memwr$\filldata_r$../rtl/cache/mshr.sv:170$1863_EN[511:0]$2060 [0] $0$memwr$\filldata_r$../rtl/cache/mshr.sv:170$1863_EN[511:0]$2060 [0] $0$memwr$\filldata_r$../rtl/cache/mshr.sv:170$1863_EN[511:0]$2060 [0] $0$memwr$\filldata_r$../rtl/cache/mshr.sv:170$1863_EN[511:0]$2060 [0] $0$memwr$\filldata_r$../rtl/cache/mshr.sv:170$1863_EN[511:0]$2060 [0] $0$memwr$\filldata_r$../rtl/cache/mshr.sv:170$1863_EN[511:0]$2060 [0] $0$memwr$\filldata_r$../rtl/cache/mshr.sv:170$1863_EN[511:0]$2060 [0] $0$memwr$\filldata_r$../rtl/cache/mshr.sv:170$1863_EN[511:0]$2060 [0] $0$memwr$\filldata_r$../rtl/cache/mshr.sv:170$1863_EN[511:0]$2060 [0] $0$memwr$\filldata_r$../rtl/cache/mshr.sv:170$1863_EN[511:0]$2060 [0] $0$memwr$\filldata_r$../rtl/cache/mshr.sv:170$1863_EN[511:0]$2060 [0] $0$memwr$\filldata_r$../rtl/cache/mshr.sv:170$1863_EN[511:0]$2060 [0] $0$memwr$\filldata_r$../rtl/cache/mshr.sv:170$1863_EN[511:0]$2060 [0] $0$memwr$\filldata_r$../rtl/cache/mshr.sv:170$1863_EN[511:0]$2060 [0] $0$memwr$\filldata_r$../rtl/cache/mshr.sv:170$1863_EN[511:0]$2060 [0] $0$memwr$\filldata_r$../rtl/cache/mshr.sv:170$1863_EN[511:0]$2060 [0] $0$memwr$\filldata_r$../rtl/cache/mshr.sv:170$1863_EN[511:0]$2060 [0] $0$memwr$\filldata_r$../rtl/cache/mshr.sv:170$1863_EN[511:0]$2060 [0] $0$memwr$\filldata_r$../rtl/cache/mshr.sv:170$1863_EN[511:0]$2060 [0] $0$memwr$\filldata_r$../rtl/cache/mshr.sv:170$1863_EN[511:0]$2060 [0] $0$memwr$\filldata_r$../rtl/cache/mshr.sv:170$1863_EN[511:0]$2060 [0] $0$memwr$\filldata_r$../rtl/cache/mshr.sv:170$1863_EN[511:0]$2060 [0] $0$memwr$\filldata_r$../rtl/cache/mshr.sv:170$1863_EN[511:0]$2060 [0] $0$memwr$\filldata_r$../rtl/cache/mshr.sv:170$1863_EN[511:0]$2060 [0] $0$memwr$\filldata_r$../rtl/cache/mshr.sv:170$1863_EN[511:0]$2060 [0] $0$memwr$\filldata_r$../rtl/cache/mshr.sv:170$1863_EN[511:0]$2060 [0] $0$memwr$\filldata_r$../rtl/cache/mshr.sv:170$1863_EN[511:0]$2060 [0] $0$memwr$\filldata_r$../rtl/cache/mshr.sv:170$1863_EN[511:0]$2060 [0] $0$memwr$\filldata_r$../rtl/cache/mshr.sv:170$1863_EN[511:0]$2060 [0] $0$memwr$\filldata_r$../rtl/cache/mshr.sv:170$1863_EN[511:0]$2060 [0] $0$memwr$\filldata_r$../rtl/cache/mshr.sv:170$1863_EN[511:0]$2060 [0] $0$memwr$\filldata_r$../rtl/cache/mshr.sv:170$1863_EN[511:0]$2060 [0] $0$memwr$\filldata_r$../rtl/cache/mshr.sv:170$1863_EN[511:0]$2060 [0] $0$memwr$\filldata_r$../rtl/cache/mshr.sv:170$1863_EN[511:0]$2060 [0] $0$memwr$\filldata_r$../rtl/cache/mshr.sv:170$1863_EN[511:0]$2060 [0] $0$memwr$\filldata_r$../rtl/cache/mshr.sv:170$1863_EN[511:0]$2060 [0] $0$memwr$\filldata_r$../rtl/cache/mshr.sv:170$1863_EN[511:0]$2060 [0] $0$memwr$\filldata_r$../rtl/cache/mshr.sv:170$1863_EN[511:0]$2060 [0] $0$memwr$\filldata_r$../rtl/cache/mshr.sv:170$1863_EN[511:0]$2060 [0] $0$memwr$\filldata_r$../rtl/cache/mshr.sv:170$1863_EN[511:0]$2060 [0] $0$memwr$\filldata_r$../rtl/cache/mshr.sv:170$1863_EN[511:0]$2060 [0] $0$memwr$\filldata_r$../rtl/cache/mshr.sv:170$1863_EN[511:0]$2060 [0] $0$memwr$\filldata_r$../rtl/cache/mshr.sv:170$1863_EN[511:0]$2060 [0] $0$memwr$\filldata_r$../rtl/cache/mshr.sv:170$1863_EN[511:0]$2060 [0] $0$memwr$\filldata_r$../rtl/cache/mshr.sv:170$1863_EN[511:0]$2060 [0] $0$memwr$\filldata_r$../rtl/cache/mshr.sv:170$1863_EN[511:0]$2060 [0] $0$memwr$\filldata_r$../rtl/cache/mshr.sv:170$1863_EN[511:0]$2060 [0] $0$memwr$\filldata_r$../rtl/cache/mshr.sv:170$1863_EN[511:0]$2060 [0] $0$memwr$\filldata_r$../rtl/cache/mshr.sv:170$1863_EN[511:0]$2060 [0] $0$memwr$\filldata_r$../rtl/cache/mshr.sv:170$1863_EN[511:0]$2060 [0] $0$memwr$\filldata_r$../rtl/cache/mshr.sv:170$1863_EN[511:0]$2060 [0] $0$memwr$\filldata_r$../rtl/cache/mshr.sv:170$1863_EN[511:0]$2060 [0] $0$memwr$\filldata_r$../rtl/cache/mshr.sv:170$1863_EN[511:0]$2060 [0] $0$memwr$\filldata_r$../rtl/cache/mshr.sv:170$1863_EN[511:0]$2060 [0] $0$memwr$\filldata_r$../rtl/cache/mshr.sv:170$1863_EN[511:0]$2060 [0] $0$memwr$\filldata_r$../rtl/cache/mshr.sv:170$1863_EN[511:0]$2060 [0] $0$memwr$\filldata_r$../rtl/cache/mshr.sv:170$1863_EN[511:0]$2060 [0] $0$memwr$\filldata_r$../rtl/cache/mshr.sv:170$1863_EN[511:0]$2060 [0] $0$memwr$\filldata_r$../rtl/cache/mshr.sv:170$1863_EN[511:0]$2060 [0] $0$memwr$\filldata_r$../rtl/cache/mshr.sv:170$1863_EN[511:0]$2060 [0] $0$memwr$\filldata_r$../rtl/cache/mshr.sv:170$1863_EN[511:0]$2060 [0] $0$memwr$\filldata_r$../rtl/cache/mshr.sv:170$1863_EN[511:0]$2060 [0] $0$memwr$\filldata_r$../rtl/cache/mshr.sv:170$1863_EN[511:0]$2060 [0] $0$memwr$\filldata_r$../rtl/cache/mshr.sv:170$1863_EN[511:0]$2060 [0] $0$memwr$\filldata_r$../rtl/cache/mshr.sv:170$1863_EN[511:0]$2060 [0] $0$memwr$\filldata_r$../rtl/cache/mshr.sv:170$1863_EN[511:0]$2060 [0] $0$memwr$\filldata_r$../rtl/cache/mshr.sv:170$1863_EN[511:0]$2060 [0] $0$memwr$\filldata_r$../rtl/cache/mshr.sv:170$1863_EN[511:0]$2060 [0] $0$memwr$\filldata_r$../rtl/cache/mshr.sv:170$1863_EN[511:0]$2060 [0] $0$memwr$\filldata_r$../rtl/cache/mshr.sv:170$1863_EN[511:0]$2060 [0] $0$memwr$\filldata_r$../rtl/cache/mshr.sv:170$1863_EN[511:0]$2060 [0] $0$memwr$\filldata_r$../rtl/cache/mshr.sv:170$1863_EN[511:0]$2060 [0] $0$memwr$\filldata_r$../rtl/cache/mshr.sv:170$1863_EN[511:0]$2060 [0] $0$memwr$\filldata_r$../rtl/cache/mshr.sv:170$1863_EN[511:0]$2060 [0] $0$memwr$\filldata_r$../rtl/cache/mshr.sv:170$1863_EN[511:0]$2060 [0] $0$memwr$\filldata_r$../rtl/cache/mshr.sv:170$1863_EN[511:0]$2060 [0] $0$memwr$\filldata_r$../rtl/cache/mshr.sv:170$1863_EN[511:0]$2060 [0] $0$memwr$\filldata_r$../rtl/cache/mshr.sv:170$1863_EN[511:0]$2060 [0] $0$memwr$\filldata_r$../rtl/cache/mshr.sv:170$1863_EN[511:0]$2060 [0] $0$memwr$\filldata_r$../rtl/cache/mshr.sv:170$1863_EN[511:0]$2060 [0] $0$memwr$\filldata_r$../rtl/cache/mshr.sv:170$1863_EN[511:0]$2060 [0] $0$memwr$\filldata_r$../rtl/cache/mshr.sv:170$1863_EN[511:0]$2060 [0] $0$memwr$\filldata_r$../rtl/cache/mshr.sv:170$1863_EN[511:0]$2060 [0] $0$memwr$\filldata_r$../rtl/cache/mshr.sv:170$1863_EN[511:0]$2060 [0] $0$memwr$\filldata_r$../rtl/cache/mshr.sv:170$1863_EN[511:0]$2060 [0] $0$memwr$\filldata_r$../rtl/cache/mshr.sv:170$1863_EN[511:0]$2060 [0] $0$memwr$\filldata_r$../rtl/cache/mshr.sv:170$1863_EN[511:0]$2060 [0] $0$memwr$\filldata_r$../rtl/cache/mshr.sv:170$1863_EN[511:0]$2060 [0] $0$memwr$\filldata_r$../rtl/cache/mshr.sv:170$1863_EN[511:0]$2060 [0] $0$memwr$\filldata_r$../rtl/cache/mshr.sv:170$1863_EN[511:0]$2060 [0] $0$memwr$\filldata_r$../rtl/cache/mshr.sv:170$1863_EN[511:0]$2060 [0] $0$memwr$\filldata_r$../rtl/cache/mshr.sv:170$1863_EN[511:0]$2060 [0] $0$memwr$\filldata_r$../rtl/cache/mshr.sv:170$1863_EN[511:0]$2060 [0] $0$memwr$\filldata_r$../rtl/cache/mshr.sv:170$1863_EN[511:0]$2060 [0] $0$memwr$\filldata_r$../rtl/cache/mshr.sv:170$1863_EN[511:0]$2060 [0] $0$memwr$\filldata_r$../rtl/cache/mshr.sv:170$1863_EN[511:0]$2060 [0] $0$memwr$\filldata_r$../rtl/cache/mshr.sv:170$1863_EN[511:0]$2060 [0] $0$memwr$\filldata_r$../rtl/cache/mshr.sv:170$1863_EN[511:0]$2060 [0] $0$memwr$\filldata_r$../rtl/cache/mshr.sv:170$1863_EN[511:0]$2060 [0] $0$memwr$\filldata_r$../rtl/cache/mshr.sv:170$1863_EN[511:0]$2060 [0] $0$memwr$\filldata_r$../rtl/cache/mshr.sv:170$1863_EN[511:0]$2060 [0] $0$memwr$\filldata_r$../rtl/cache/mshr.sv:170$1863_EN[511:0]$2060 [0] $0$memwr$\filldata_r$../rtl/cache/mshr.sv:170$1863_EN[511:0]$2060 [0] $0$memwr$\filldata_r$../rtl/cache/mshr.sv:170$1863_EN[511:0]$2060 [0] $0$memwr$\filldata_r$../rtl/cache/mshr.sv:170$1863_EN[511:0]$2060 [0] $0$memwr$\filldata_r$../rtl/cache/mshr.sv:170$1863_EN[511:0]$2060 [0] $0$memwr$\filldata_r$../rtl/cache/mshr.sv:170$1863_EN[511:0]$2060 [0] $0$memwr$\filldata_r$../rtl/cache/mshr.sv:170$1863_EN[511:0]$2060 [0] $0$memwr$\filldata_r$../rtl/cache/mshr.sv:170$1863_EN[511:0]$2060 [0] $0$memwr$\filldata_r$../rtl/cache/mshr.sv:170$1863_EN[511:0]$2060 [0] $0$memwr$\filldata_r$../rtl/cache/mshr.sv:170$1863_EN[511:0]$2060 [0] $0$memwr$\filldata_r$../rtl/cache/mshr.sv:170$1863_EN[511:0]$2060 [0] $0$memwr$\filldata_r$../rtl/cache/mshr.sv:170$1863_EN[511:0]$2060 [0] $0$memwr$\filldata_r$../rtl/cache/mshr.sv:170$1863_EN[511:0]$2060 [0] $0$memwr$\filldata_r$../rtl/cache/mshr.sv:170$1863_EN[511:0]$2060 [0] $0$memwr$\filldata_r$../rtl/cache/mshr.sv:170$1863_EN[511:0]$2060 [0] $0$memwr$\filldata_r$../rtl/cache/mshr.sv:170$1863_EN[511:0]$2060 [0] $0$memwr$\filldata_r$../rtl/cache/mshr.sv:170$1863_EN[511:0]$2060 [0] $0$memwr$\filldata_r$../rtl/cache/mshr.sv:170$1863_EN[511:0]$2060 [0] $0$memwr$\filldata_r$../rtl/cache/mshr.sv:170$1863_EN[511:0]$2060 [0] $0$memwr$\filldata_r$../rtl/cache/mshr.sv:170$1863_EN[511:0]$2060 [0] $0$memwr$\filldata_r$../rtl/cache/mshr.sv:170$1863_EN[511:0]$2060 [0] $0$memwr$\filldata_r$../rtl/cache/mshr.sv:170$1863_EN[511:0]$2060 [0] $0$memwr$\filldata_r$../rtl/cache/mshr.sv:170$1863_EN[511:0]$2060 [0] $0$memwr$\filldata_r$../rtl/cache/mshr.sv:170$1863_EN[511:0]$2060 [0] $0$memwr$\filldata_r$../rtl/cache/mshr.sv:170$1863_EN[511:0]$2060 [0] $0$memwr$\filldata_r$../rtl/cache/mshr.sv:170$1863_EN[511:0]$2060 [0] $0$memwr$\filldata_r$../rtl/cache/mshr.sv:170$1863_EN[511:0]$2060 [0] $0$memwr$\filldata_r$../rtl/cache/mshr.sv:170$1863_EN[511:0]$2060 [0] $0$memwr$\filldata_r$../rtl/cache/mshr.sv:170$1863_EN[511:0]$2060 [0] $0$memwr$\filldata_r$../rtl/cache/mshr.sv:170$1863_EN[511:0]$2060 [0] $0$memwr$\filldata_r$../rtl/cache/mshr.sv:170$1863_EN[511:0]$2060 [0] $0$memwr$\filldata_r$../rtl/cache/mshr.sv:170$1863_EN[511:0]$2060 [0] $0$memwr$\filldata_r$../rtl/cache/mshr.sv:170$1863_EN[511:0]$2060 [0] $0$memwr$\filldata_r$../rtl/cache/mshr.sv:170$1863_EN[511:0]$2060 [0] $0$memwr$\filldata_r$../rtl/cache/mshr.sv:170$1863_EN[511:0]$2060 [0] $0$memwr$\filldata_r$../rtl/cache/mshr.sv:170$1863_EN[511:0]$2060 [0] $0$memwr$\filldata_r$../rtl/cache/mshr.sv:170$1863_EN[511:0]$2060 [0] $0$memwr$\filldata_r$../rtl/cache/mshr.sv:170$1863_EN[511:0]$2060 [0] $0$memwr$\filldata_r$../rtl/cache/mshr.sv:170$1863_EN[511:0]$2060 [0] $0$memwr$\filldata_r$../rtl/cache/mshr.sv:170$1863_EN[511:0]$2060 [0] $0$memwr$\filldata_r$../rtl/cache/mshr.sv:170$1863_EN[511:0]$2060 [0] $0$memwr$\filldata_r$../rtl/cache/mshr.sv:170$1863_EN[511:0]$2060 [0] $0$memwr$\filldata_r$../rtl/cache/mshr.sv:170$1863_EN[511:0]$2060 [0] $0$memwr$\filldata_r$../rtl/cache/mshr.sv:170$1863_EN[511:0]$2060 [0] $0$memwr$\filldata_r$../rtl/cache/mshr.sv:170$1863_EN[511:0]$2060 [0] $0$memwr$\filldata_r$../rtl/cache/mshr.sv:170$1863_EN[511:0]$2060 [0] $0$memwr$\filldata_r$../rtl/cache/mshr.sv:170$1863_EN[511:0]$2060 [0] $0$memwr$\filldata_r$../rtl/cache/mshr.sv:170$1863_EN[511:0]$2060 [0] $0$memwr$\filldata_r$../rtl/cache/mshr.sv:170$1863_EN[511:0]$2060 [0] $0$memwr$\filldata_r$../rtl/cache/mshr.sv:170$1863_EN[511:0]$2060 [0] $0$memwr$\filldata_r$../rtl/cache/mshr.sv:170$1863_EN[511:0]$2060 [0] $0$memwr$\filldata_r$../rtl/cache/mshr.sv:170$1863_EN[511:0]$2060 [0] $0$memwr$\filldata_r$../rtl/cache/mshr.sv:170$1863_EN[511:0]$2060 [0] $0$memwr$\filldata_r$../rtl/cache/mshr.sv:170$1863_EN[511:0]$2060 [0] $0$memwr$\filldata_r$../rtl/cache/mshr.sv:170$1863_EN[511:0]$2060 [0] $0$memwr$\filldata_r$../rtl/cache/mshr.sv:170$1863_EN[511:0]$2060 [0] $0$memwr$\filldata_r$../rtl/cache/mshr.sv:170$1863_EN[511:0]$2060 [0] $0$memwr$\filldata_r$../rtl/cache/mshr.sv:170$1863_EN[511:0]$2060 [0] $0$memwr$\filldata_r$../rtl/cache/mshr.sv:170$1863_EN[511:0]$2060 [0] $0$memwr$\filldata_r$../rtl/cache/mshr.sv:170$1863_EN[511:0]$2060 [0] $0$memwr$\filldata_r$../rtl/cache/mshr.sv:170$1863_EN[511:0]$2060 [0] $0$memwr$\filldata_r$../rtl/cache/mshr.sv:170$1863_EN[511:0]$2060 [0] $0$memwr$\filldata_r$../rtl/cache/mshr.sv:170$1863_EN[511:0]$2060 [0] $0$memwr$\filldata_r$../rtl/cache/mshr.sv:170$1863_EN[511:0]$2060 [0] $0$memwr$\filldata_r$../rtl/cache/mshr.sv:170$1863_EN[511:0]$2060 [0] $0$memwr$\filldata_r$../rtl/cache/mshr.sv:170$1863_EN[511:0]$2060 [0] $0$memwr$\filldata_r$../rtl/cache/mshr.sv:170$1863_EN[511:0]$2060 [0] $0$memwr$\filldata_r$../rtl/cache/mshr.sv:170$1863_EN[511:0]$2060 [0] $0$memwr$\filldata_r$../rtl/cache/mshr.sv:170$1863_EN[511:0]$2060 [0] $0$memwr$\filldata_r$../rtl/cache/mshr.sv:170$1863_EN[511:0]$2060 [0] $0$memwr$\filldata_r$../rtl/cache/mshr.sv:170$1863_EN[511:0]$2060 [0] $0$memwr$\filldata_r$../rtl/cache/mshr.sv:170$1863_EN[511:0]$2060 [0] $0$memwr$\filldata_r$../rtl/cache/mshr.sv:170$1863_EN[511:0]$2060 [0] $0$memwr$\filldata_r$../rtl/cache/mshr.sv:170$1863_EN[511:0]$2060 [0] $0$memwr$\filldata_r$../rtl/cache/mshr.sv:170$1863_EN[511:0]$2060 [0] $0$memwr$\filldata_r$../rtl/cache/mshr.sv:170$1863_EN[511:0]$2060 [0] $0$memwr$\filldata_r$../rtl/cache/mshr.sv:170$1863_EN[511:0]$2060 [0] $0$memwr$\filldata_r$../rtl/cache/mshr.sv:170$1863_EN[511:0]$2060 [0] $0$memwr$\filldata_r$../rtl/cache/mshr.sv:170$1863_EN[511:0]$2060 [0] $0$memwr$\filldata_r$../rtl/cache/mshr.sv:170$1863_EN[511:0]$2060 [0] $0$memwr$\filldata_r$../rtl/cache/mshr.sv:170$1863_EN[511:0]$2060 [0] $0$memwr$\filldata_r$../rtl/cache/mshr.sv:170$1863_EN[511:0]$2060 [0] $0$memwr$\filldata_r$../rtl/cache/mshr.sv:170$1863_EN[511:0]$2060 [0] $0$memwr$\filldata_r$../rtl/cache/mshr.sv:170$1863_EN[511:0]$2060 [0] $0$memwr$\filldata_r$../rtl/cache/mshr.sv:170$1863_EN[511:0]$2060 [0] $0$memwr$\filldata_r$../rtl/cache/mshr.sv:170$1863_EN[511:0]$2060 [0] $0$memwr$\filldata_r$../rtl/cache/mshr.sv:170$1863_EN[511:0]$2060 [0] $0$memwr$\filldata_r$../rtl/cache/mshr.sv:170$1863_EN[511:0]$2060 [0] $0$memwr$\filldata_r$../rtl/cache/mshr.sv:170$1863_EN[511:0]$2060 [0] $0$memwr$\filldata_r$../rtl/cache/mshr.sv:170$1863_EN[511:0]$2060 [0] $0$memwr$\filldata_r$../rtl/cache/mshr.sv:170$1863_EN[511:0]$2060 [0] $0$memwr$\filldata_r$../rtl/cache/mshr.sv:170$1863_EN[511:0]$2060 [0] $0$memwr$\filldata_r$../rtl/cache/mshr.sv:170$1863_EN[511:0]$2060 [0] $0$memwr$\filldata_r$../rtl/cache/mshr.sv:170$1863_EN[511:0]$2060 [0] $0$memwr$\filldata_r$../rtl/cache/mshr.sv:170$1863_EN[511:0]$2060 [0] $0$memwr$\filldata_r$../rtl/cache/mshr.sv:170$1863_EN[511:0]$2060 [0] $0$memwr$\filldata_r$../rtl/cache/mshr.sv:170$1863_EN[511:0]$2060 [0] $0$memwr$\filldata_r$../rtl/cache/mshr.sv:170$1863_EN[511:0]$2060 [0] $0$memwr$\filldata_r$../rtl/cache/mshr.sv:170$1863_EN[511:0]$2060 [0] $0$memwr$\filldata_r$../rtl/cache/mshr.sv:170$1863_EN[511:0]$2060 [0] $0$memwr$\filldata_r$../rtl/cache/mshr.sv:170$1863_EN[511:0]$2060 [0] $0$memwr$\filldata_r$../rtl/cache/mshr.sv:170$1863_EN[511:0]$2060 [0] $0$memwr$\filldata_r$../rtl/cache/mshr.sv:170$1863_EN[511:0]$2060 [0] $0$memwr$\filldata_r$../rtl/cache/mshr.sv:170$1863_EN[511:0]$2060 [0] $0$memwr$\filldata_r$../rtl/cache/mshr.sv:170$1863_EN[511:0]$2060 [0] $0$memwr$\filldata_r$../rtl/cache/mshr.sv:170$1863_EN[511:0]$2060 [0] $0$memwr$\filldata_r$../rtl/cache/mshr.sv:170$1863_EN[511:0]$2060 [0] $0$memwr$\filldata_r$../rtl/cache/mshr.sv:170$1863_EN[511:0]$2060 [0] $0$memwr$\filldata_r$../rtl/cache/mshr.sv:170$1863_EN[511:0]$2060 [0] $0$memwr$\filldata_r$../rtl/cache/mshr.sv:170$1863_EN[511:0]$2060 [0] $0$memwr$\filldata_r$../rtl/cache/mshr.sv:170$1863_EN[511:0]$2060 [0] $0$memwr$\filldata_r$../rtl/cache/mshr.sv:170$1863_EN[511:0]$2060 [0] $0$memwr$\filldata_r$../rtl/cache/mshr.sv:170$1863_EN[511:0]$2060 [0] $0$memwr$\filldata_r$../rtl/cache/mshr.sv:170$1863_EN[511:0]$2060 [0] $0$memwr$\filldata_r$../rtl/cache/mshr.sv:170$1863_EN[511:0]$2060 [0] $0$memwr$\filldata_r$../rtl/cache/mshr.sv:170$1863_EN[511:0]$2060 [0] $0$memwr$\filldata_r$../rtl/cache/mshr.sv:170$1863_EN[511:0]$2060 [0] $0$memwr$\filldata_r$../rtl/cache/mshr.sv:170$1863_EN[511:0]$2060 [0] $0$memwr$\filldata_r$../rtl/cache/mshr.sv:170$1863_EN[511:0]$2060 [0] $0$memwr$\filldata_r$../rtl/cache/mshr.sv:170$1863_EN[511:0]$2060 [0] $0$memwr$\filldata_r$../rtl/cache/mshr.sv:170$1863_EN[511:0]$2060 [0] $0$memwr$\filldata_r$../rtl/cache/mshr.sv:170$1863_EN[511:0]$2060 [0] $0$memwr$\filldata_r$../rtl/cache/mshr.sv:170$1863_EN[511:0]$2060 [0] $0$memwr$\filldata_r$../rtl/cache/mshr.sv:170$1863_EN[511:0]$2060 [0] $0$memwr$\filldata_r$../rtl/cache/mshr.sv:170$1863_EN[511:0]$2060 [0] $0$memwr$\filldata_r$../rtl/cache/mshr.sv:170$1863_EN[511:0]$2060 [0] $0$memwr$\filldata_r$../rtl/cache/mshr.sv:170$1863_EN[511:0]$2060 [0] $0$memwr$\filldata_r$../rtl/cache/mshr.sv:170$1863_EN[511:0]$2060 [0] $0$memwr$\filldata_r$../rtl/cache/mshr.sv:170$1863_EN[511:0]$2060 [0] $0$memwr$\filldata_r$../rtl/cache/mshr.sv:170$1863_EN[511:0]$2060 [0] $0$memwr$\filldata_r$../rtl/cache/mshr.sv:170$1863_EN[511:0]$2060 [0] $0$memwr$\filldata_r$../rtl/cache/mshr.sv:170$1863_EN[511:0]$2060 [0] $0$memwr$\filldata_r$../rtl/cache/mshr.sv:170$1863_EN[511:0]$2060 [0] $0$memwr$\filldata_r$../rtl/cache/mshr.sv:170$1863_EN[511:0]$2060 [0] $0$memwr$\filldata_r$../rtl/cache/mshr.sv:170$1863_EN[511:0]$2060 [0] $0$memwr$\filldata_r$../rtl/cache/mshr.sv:170$1863_EN[511:0]$2060 [0] $0$memwr$\filldata_r$../rtl/cache/mshr.sv:170$1863_EN[511:0]$2060 [0] $0$memwr$\filldata_r$../rtl/cache/mshr.sv:170$1863_EN[511:0]$2060 [0] $0$memwr$\filldata_r$../rtl/cache/mshr.sv:170$1863_EN[511:0]$2060 [0] $0$memwr$\filldata_r$../rtl/cache/mshr.sv:170$1863_EN[511:0]$2060 [0] $0$memwr$\filldata_r$../rtl/cache/mshr.sv:170$1863_EN[511:0]$2060 [0] $0$memwr$\filldata_r$../rtl/cache/mshr.sv:170$1863_EN[511:0]$2060 [0] $0$memwr$\filldata_r$../rtl/cache/mshr.sv:170$1863_EN[511:0]$2060 [0] $0$memwr$\filldata_r$../rtl/cache/mshr.sv:170$1863_EN[511:0]$2060 [0] $0$memwr$\filldata_r$../rtl/cache/mshr.sv:170$1863_EN[511:0]$2060 [0] $0$memwr$\filldata_r$../rtl/cache/mshr.sv:170$1863_EN[511:0]$2060 [0] $0$memwr$\filldata_r$../rtl/cache/mshr.sv:170$1863_EN[511:0]$2060 [0] $0$memwr$\filldata_r$../rtl/cache/mshr.sv:170$1863_EN[511:0]$2060 [0] $0$memwr$\filldata_r$../rtl/cache/mshr.sv:170$1863_EN[511:0]$2060 [0] $0$memwr$\filldata_r$../rtl/cache/mshr.sv:170$1863_EN[511:0]$2060 [0] $0$memwr$\filldata_r$../rtl/cache/mshr.sv:170$1863_EN[511:0]$2060 [0] $0$memwr$\filldata_r$../rtl/cache/mshr.sv:170$1863_EN[511:0]$2060 [0] $0$memwr$\filldata_r$../rtl/cache/mshr.sv:170$1863_EN[511:0]$2060 [0] $0$memwr$\filldata_r$../rtl/cache/mshr.sv:170$1863_EN[511:0]$2060 [0] $0$memwr$\filldata_r$../rtl/cache/mshr.sv:170$1863_EN[511:0]$2060 [0] $0$memwr$\filldata_r$../rtl/cache/mshr.sv:170$1863_EN[511:0]$2060 [0] $0$memwr$\filldata_r$../rtl/cache/mshr.sv:170$1863_EN[511:0]$2060 [0] $0$memwr$\filldata_r$../rtl/cache/mshr.sv:170$1863_EN[511:0]$2060 [0] $0$memwr$\filldata_r$../rtl/cache/mshr.sv:170$1863_EN[511:0]$2060 [0] $0$memwr$\filldata_r$../rtl/cache/mshr.sv:170$1863_EN[511:0]$2060 [0] $0$memwr$\filldata_r$../rtl/cache/mshr.sv:170$1863_EN[511:0]$2060 [0] $0$memwr$\filldata_r$../rtl/cache/mshr.sv:170$1863_EN[511:0]$2060 [0] $0$memwr$\filldata_r$../rtl/cache/mshr.sv:170$1863_EN[511:0]$2060 [0] $0$memwr$\filldata_r$../rtl/cache/mshr.sv:170$1863_EN[511:0]$2060 [0] $0$memwr$\filldata_r$../rtl/cache/mshr.sv:170$1863_EN[511:0]$2060 [0] $0$memwr$\filldata_r$../rtl/cache/mshr.sv:170$1863_EN[511:0]$2060 [0] $0$memwr$\filldata_r$../rtl/cache/mshr.sv:170$1863_EN[511:0]$2060 [0] $0$memwr$\filldata_r$../rtl/cache/mshr.sv:170$1863_EN[511:0]$2060 [0] $0$memwr$\filldata_r$../rtl/cache/mshr.sv:170$1863_EN[511:0]$2060 [0] $0$memwr$\filldata_r$../rtl/cache/mshr.sv:170$1863_EN[511:0]$2060 [0] $0$memwr$\filldata_r$../rtl/cache/mshr.sv:170$1863_EN[511:0]$2060 [0] $0$memwr$\filldata_r$../rtl/cache/mshr.sv:170$1863_EN[511:0]$2060 [0] $0$memwr$\filldata_r$../rtl/cache/mshr.sv:170$1863_EN[511:0]$2060 [0] $0$memwr$\filldata_r$../rtl/cache/mshr.sv:170$1863_EN[511:0]$2060 [0] $0$memwr$\filldata_r$../rtl/cache/mshr.sv:170$1863_EN[511:0]$2060 [0] $0$memwr$\filldata_r$../rtl/cache/mshr.sv:170$1863_EN[511:0]$2060 [0] $0$memwr$\filldata_r$../rtl/cache/mshr.sv:170$1863_EN[511:0]$2060 [0] $0$memwr$\filldata_r$../rtl/cache/mshr.sv:170$1863_EN[511:0]$2060 [0] $0$memwr$\filldata_r$../rtl/cache/mshr.sv:170$1863_EN[511:0]$2060 [0] $0$memwr$\filldata_r$../rtl/cache/mshr.sv:170$1863_EN[511:0]$2060 [0] $0$memwr$\filldata_r$../rtl/cache/mshr.sv:170$1863_EN[511:0]$2060 [0] $0$memwr$\filldata_r$../rtl/cache/mshr.sv:170$1863_EN[511:0]$2060 [0] $0$memwr$\filldata_r$../rtl/cache/mshr.sv:170$1863_EN[511:0]$2060 [0] $0$memwr$\filldata_r$../rtl/cache/mshr.sv:170$1863_EN[511:0]$2060 [0] $0$memwr$\filldata_r$../rtl/cache/mshr.sv:170$1863_EN[511:0]$2060 [0] $0$memwr$\filldata_r$../rtl/cache/mshr.sv:170$1863_EN[511:0]$2060 [0] $0$memwr$\filldata_r$../rtl/cache/mshr.sv:170$1863_EN[511:0]$2060 [0] $0$memwr$\filldata_r$../rtl/cache/mshr.sv:170$1863_EN[511:0]$2060 [0] $0$memwr$\filldata_r$../rtl/cache/mshr.sv:170$1863_EN[511:0]$2060 [0] $0$memwr$\filldata_r$../rtl/cache/mshr.sv:170$1863_EN[511:0]$2060 [0] $0$memwr$\filldata_r$../rtl/cache/mshr.sv:170$1863_EN[511:0]$2060 [0] $0$memwr$\filldata_r$../rtl/cache/mshr.sv:170$1863_EN[511:0]$2060 [0] $0$memwr$\filldata_r$../rtl/cache/mshr.sv:170$1863_EN[511:0]$2060 [0] $0$memwr$\filldata_r$../rtl/cache/mshr.sv:170$1863_EN[511:0]$2060 [0] $0$memwr$\filldata_r$../rtl/cache/mshr.sv:170$1863_EN[511:0]$2060 [0] $0$memwr$\filldata_r$../rtl/cache/mshr.sv:170$1863_EN[511:0]$2060 [0] $0$memwr$\filldata_r$../rtl/cache/mshr.sv:170$1863_EN[511:0]$2060 [0] $0$memwr$\filldata_r$../rtl/cache/mshr.sv:170$1863_EN[511:0]$2060 [0] $0$memwr$\filldata_r$../rtl/cache/mshr.sv:170$1863_EN[511:0]$2060 [0] $0$memwr$\filldata_r$../rtl/cache/mshr.sv:170$1863_EN[511:0]$2060 [0] $0$memwr$\filldata_r$../rtl/cache/mshr.sv:170$1863_EN[511:0]$2060 [0] $0$memwr$\filldata_r$../rtl/cache/mshr.sv:170$1863_EN[511:0]$2060 [0] $0$memwr$\filldata_r$../rtl/cache/mshr.sv:170$1863_EN[511:0]$2060 [0] $0$memwr$\filldata_r$../rtl/cache/mshr.sv:170$1863_EN[511:0]$2060 [0] $0$memwr$\filldata_r$../rtl/cache/mshr.sv:170$1863_EN[511:0]$2060 [0] $0$memwr$\filldata_r$../rtl/cache/mshr.sv:170$1863_EN[511:0]$2060 [0] $0$memwr$\filldata_r$../rtl/cache/mshr.sv:170$1863_EN[511:0]$2060 [0] $0$memwr$\filldata_r$../rtl/cache/mshr.sv:170$1863_EN[511:0]$2060 [0] $0$memwr$\filldata_r$../rtl/cache/mshr.sv:170$1863_EN[511:0]$2060 [0] $0$memwr$\filldata_r$../rtl/cache/mshr.sv:170$1863_EN[511:0]$2060 [0] $0$memwr$\filldata_r$../rtl/cache/mshr.sv:170$1863_EN[511:0]$2060 [0] $0$memwr$\filldata_r$../rtl/cache/mshr.sv:170$1863_EN[511:0]$2060 [0] $0$memwr$\filldata_r$../rtl/cache/mshr.sv:170$1863_EN[511:0]$2060 [0] $0$memwr$\filldata_r$../rtl/cache/mshr.sv:170$1863_EN[511:0]$2060 [0] $0$memwr$\filldata_r$../rtl/cache/mshr.sv:170$1863_EN[511:0]$2060 [0] $0$memwr$\filldata_r$../rtl/cache/mshr.sv:170$1863_EN[511:0]$2060 [0] $0$memwr$\filldata_r$../rtl/cache/mshr.sv:170$1863_EN[511:0]$2060 [0] $0$memwr$\filldata_r$../rtl/cache/mshr.sv:170$1863_EN[511:0]$2060 [0] $0$memwr$\filldata_r$../rtl/cache/mshr.sv:170$1863_EN[511:0]$2060 [0] $0$memwr$\filldata_r$../rtl/cache/mshr.sv:170$1863_EN[511:0]$2060 [0] $0$memwr$\filldata_r$../rtl/cache/mshr.sv:170$1863_EN[511:0]$2060 [0] $0$memwr$\filldata_r$../rtl/cache/mshr.sv:170$1863_EN[511:0]$2060 [0] $0$memwr$\filldata_r$../rtl/cache/mshr.sv:170$1863_EN[511:0]$2060 [0] $0$memwr$\filldata_r$../rtl/cache/mshr.sv:170$1863_EN[511:0]$2060 [0] $0$memwr$\filldata_r$../rtl/cache/mshr.sv:170$1863_EN[511:0]$2060 [0] $0$memwr$\filldata_r$../rtl/cache/mshr.sv:170$1863_EN[511:0]$2060 [0] $0$memwr$\filldata_r$../rtl/cache/mshr.sv:170$1863_EN[511:0]$2060 [0] $0$memwr$\filldata_r$../rtl/cache/mshr.sv:170$1863_EN[511:0]$2060 [0] $0$memwr$\filldata_r$../rtl/cache/mshr.sv:170$1863_EN[511:0]$2060 [0] $0$memwr$\filldata_r$../rtl/cache/mshr.sv:170$1863_EN[511:0]$2060 [0] $0$memwr$\filldata_r$../rtl/cache/mshr.sv:170$1863_EN[511:0]$2060 [0] $0$memwr$\filldata_r$../rtl/cache/mshr.sv:170$1863_EN[511:0]$2060 [0] $0$memwr$\filldata_r$../rtl/cache/mshr.sv:170$1863_EN[511:0]$2060 [0] $0$memwr$\filldata_r$../rtl/cache/mshr.sv:170$1863_EN[511:0]$2060 [0] $0$memwr$\filldata_r$../rtl/cache/mshr.sv:170$1863_EN[511:0]$2060 [0] $0$memwr$\filldata_r$../rtl/cache/mshr.sv:170$1863_EN[511:0]$2060 [0] $0$memwr$\filldata_r$../rtl/cache/mshr.sv:170$1863_EN[511:0]$2060 [0] $0$memwr$\filldata_r$../rtl/cache/mshr.sv:170$1863_EN[511:0]$2060 [0] $0$memwr$\filldata_r$../rtl/cache/mshr.sv:170$1863_EN[511:0]$2060 [0] $0$memwr$\filldata_r$../rtl/cache/mshr.sv:170$1863_EN[511:0]$2060 [0] $0$memwr$\filldata_r$../rtl/cache/mshr.sv:170$1863_EN[511:0]$2060 [0] $0$memwr$\filldata_r$../rtl/cache/mshr.sv:170$1863_EN[511:0]$2060 [0] $0$memwr$\filldata_r$../rtl/cache/mshr.sv:170$1863_EN[511:0]$2060 [0] $0$memwr$\filldata_r$../rtl/cache/mshr.sv:170$1863_EN[511:0]$2060 [0] $0$memwr$\filldata_r$../rtl/cache/mshr.sv:170$1863_EN[511:0]$2060 [0] $0$memwr$\filldata_r$../rtl/cache/mshr.sv:170$1863_EN[511:0]$2060 [0] $0$memwr$\filldata_r$../rtl/cache/mshr.sv:170$1863_EN[511:0]$2060 [0] $0$memwr$\filldata_r$../rtl/cache/mshr.sv:170$1863_EN[511:0]$2060 [0] $0$memwr$\filldata_r$../rtl/cache/mshr.sv:170$1863_EN[511:0]$2060 [0] $0$memwr$\filldata_r$../rtl/cache/mshr.sv:170$1863_EN[511:0]$2060 [0] $0$memwr$\filldata_r$../rtl/cache/mshr.sv:170$1863_EN[511:0]$2060 [0] $0$memwr$\filldata_r$../rtl/cache/mshr.sv:170$1863_EN[511:0]$2060 [0] $0$memwr$\filldata_r$../rtl/cache/mshr.sv:170$1863_EN[511:0]$2060 [0] $0$memwr$\filldata_r$../rtl/cache/mshr.sv:170$1863_EN[511:0]$2060 [0] $0$memwr$\filldata_r$../rtl/cache/mshr.sv:170$1863_EN[511:0]$2060 [0] $0$memwr$\filldata_r$../rtl/cache/mshr.sv:170$1863_EN[511:0]$2060 [0] $0$memwr$\filldata_r$../rtl/cache/mshr.sv:170$1863_EN[511:0]$2060 [0] $0$memwr$\filldata_r$../rtl/cache/mshr.sv:170$1863_EN[511:0]$2060 [0] $0$memwr$\filldata_r$../rtl/cache/mshr.sv:170$1863_EN[511:0]$2060 [0] $0$memwr$\filldata_r$../rtl/cache/mshr.sv:170$1863_EN[511:0]$2060 [0] $0$memwr$\filldata_r$../rtl/cache/mshr.sv:170$1863_EN[511:0]$2060 [0] $0$memwr$\filldata_r$../rtl/cache/mshr.sv:170$1863_EN[511:0]$2060 [0] $0$memwr$\filldata_r$../rtl/cache/mshr.sv:170$1863_EN[511:0]$2060 [0] $0$memwr$\filldata_r$../rtl/cache/mshr.sv:170$1863_EN[511:0]$2060 [0] $0$memwr$\filldata_r$../rtl/cache/mshr.sv:170$1863_EN[511:0]$2060 [0] $0$memwr$\filldata_r$../rtl/cache/mshr.sv:170$1863_EN[511:0]$2060 [0] $0$memwr$\filldata_r$../rtl/cache/mshr.sv:170$1863_EN[511:0]$2060 [0] $0$memwr$\filldata_r$../rtl/cache/mshr.sv:170$1863_EN[511:0]$2060 [0] $0$memwr$\filldata_r$../rtl/cache/mshr.sv:170$1863_EN[511:0]$2060 [0] $0$memwr$\filldata_r$../rtl/cache/mshr.sv:170$1863_EN[511:0]$2060 [0] $0$memwr$\filldata_r$../rtl/cache/mshr.sv:170$1863_EN[511:0]$2060 [0] $0$memwr$\filldata_r$../rtl/cache/mshr.sv:170$1863_EN[511:0]$2060 [0] $0$memwr$\filldata_r$../rtl/cache/mshr.sv:170$1863_EN[511:0]$2060 [0] }
    Consolidated identical input bits for $mux cell $procmux$4681:
      Old ports: A=3'000, B=$2$memwr$\st$../rtl/cache/mshr.sv:171$1864_EN[2:0]$2159, Y=$0$memwr$\st$../rtl/cache/mshr.sv:171$1864_EN[2:0]$2062
      New ports: A=1'0, B=$procmux$4390_Y [0], Y=$0$memwr$\st$../rtl/cache/mshr.sv:171$1864_EN[2:0]$2062 [0]
      New connections: $0$memwr$\st$../rtl/cache/mshr.sv:171$1864_EN[2:0]$2062 [2:1] = { $0$memwr$\st$../rtl/cache/mshr.sv:171$1864_EN[2:0]$2062 [0] $0$memwr$\st$../rtl/cache/mshr.sv:171$1864_EN[2:0]$2062 [0] }
    Consolidated identical input bits for $mux cell $procmux$4675:
      Old ports: A=3'000, B=$2$memwr$\st$../rtl/cache/mshr.sv:175$1865_EN[2:0]$2162, Y=$0$memwr$\st$../rtl/cache/mshr.sv:175$1865_EN[2:0]$2064
      New ports: A=1'0, B=$procmux$4378_Y [0], Y=$0$memwr$\st$../rtl/cache/mshr.sv:175$1865_EN[2:0]$2064 [0]
      New connections: $0$memwr$\st$../rtl/cache/mshr.sv:175$1865_EN[2:0]$2064 [2:1] = { $0$memwr$\st$../rtl/cache/mshr.sv:175$1865_EN[2:0]$2064 [0] $0$memwr$\st$../rtl/cache/mshr.sv:175$1865_EN[2:0]$2064 [0] }
    Consolidated identical input bits for $mux cell $procmux$4468:
      Old ports: A=3'000, B=$3$memwr$\st$../rtl/cache/mshr.sv:161$1861_EN[2:0]$2152, Y=$procmux$4468_Y
      New ports: A=1'0, B=$procmux$4421_Y [0], Y=$procmux$4468_Y [0]
      New connections: $procmux$4468_Y [2:1] = { $procmux$4468_Y [0] $procmux$4468_Y [0] }
    Consolidated identical input bits for $mux cell $procmux$4456:
      Old ports: A=3'000, B=$3$memwr$\st$../rtl/cache/mshr.sv:163$1862_EN[2:0]$2154, Y=$procmux$4456_Y
      New ports: A=1'0, B=$procmux$4439_Y [0], Y=$procmux$4456_Y [0]
      New connections: $procmux$4456_Y [2:1] = { $procmux$4456_Y [0] $procmux$4456_Y [0] }
    Consolidated identical input bits for $mux cell $procmux$4789:
      Old ports: A=64'0000000000000000000000000000000000000000000000000000000000000000, B=$2$memwr$\addr_r$../rtl/cache/mshr.sv:147$1851_EN[63:0]$2115, Y=$0$memwr$\addr_r$../rtl/cache/mshr.sv:147$1851_EN[63:0]$2026
      New ports: A=1'0, B=$procmux$4642_Y [0], Y=$0$memwr$\addr_r$../rtl/cache/mshr.sv:147$1851_EN[63:0]$2026 [0]
      New connections: $0$memwr$\addr_r$../rtl/cache/mshr.sv:147$1851_EN[63:0]$2026 [63:1] = { $0$memwr$\addr_r$../rtl/cache/mshr.sv:147$1851_EN[63:0]$2026 [0] $0$memwr$\addr_r$../rtl/cache/mshr.sv:147$1851_EN[63:0]$2026 [0] $0$memwr$\addr_r$../rtl/cache/mshr.sv:147$1851_EN[63:0]$2026 [0] $0$memwr$\addr_r$../rtl/cache/mshr.sv:147$1851_EN[63:0]$2026 [0] $0$memwr$\addr_r$../rtl/cache/mshr.sv:147$1851_EN[63:0]$2026 [0] $0$memwr$\addr_r$../rtl/cache/mshr.sv:147$1851_EN[63:0]$2026 [0] $0$memwr$\addr_r$../rtl/cache/mshr.sv:147$1851_EN[63:0]$2026 [0] $0$memwr$\addr_r$../rtl/cache/mshr.sv:147$1851_EN[63:0]$2026 [0] $0$memwr$\addr_r$../rtl/cache/mshr.sv:147$1851_EN[63:0]$2026 [0] $0$memwr$\addr_r$../rtl/cache/mshr.sv:147$1851_EN[63:0]$2026 [0] $0$memwr$\addr_r$../rtl/cache/mshr.sv:147$1851_EN[63:0]$2026 [0] $0$memwr$\addr_r$../rtl/cache/mshr.sv:147$1851_EN[63:0]$2026 [0] $0$memwr$\addr_r$../rtl/cache/mshr.sv:147$1851_EN[63:0]$2026 [0] $0$memwr$\addr_r$../rtl/cache/mshr.sv:147$1851_EN[63:0]$2026 [0] $0$memwr$\addr_r$../rtl/cache/mshr.sv:147$1851_EN[63:0]$2026 [0] $0$memwr$\addr_r$../rtl/cache/mshr.sv:147$1851_EN[63:0]$2026 [0] $0$memwr$\addr_r$../rtl/cache/mshr.sv:147$1851_EN[63:0]$2026 [0] $0$memwr$\addr_r$../rtl/cache/mshr.sv:147$1851_EN[63:0]$2026 [0] $0$memwr$\addr_r$../rtl/cache/mshr.sv:147$1851_EN[63:0]$2026 [0] $0$memwr$\addr_r$../rtl/cache/mshr.sv:147$1851_EN[63:0]$2026 [0] $0$memwr$\addr_r$../rtl/cache/mshr.sv:147$1851_EN[63:0]$2026 [0] $0$memwr$\addr_r$../rtl/cache/mshr.sv:147$1851_EN[63:0]$2026 [0] $0$memwr$\addr_r$../rtl/cache/mshr.sv:147$1851_EN[63:0]$2026 [0] $0$memwr$\addr_r$../rtl/cache/mshr.sv:147$1851_EN[63:0]$2026 [0] $0$memwr$\addr_r$../rtl/cache/mshr.sv:147$1851_EN[63:0]$2026 [0] $0$memwr$\addr_r$../rtl/cache/mshr.sv:147$1851_EN[63:0]$2026 [0] $0$memwr$\addr_r$../rtl/cache/mshr.sv:147$1851_EN[63:0]$2026 [0] $0$memwr$\addr_r$../rtl/cache/mshr.sv:147$1851_EN[63:0]$2026 [0] $0$memwr$\addr_r$../rtl/cache/mshr.sv:147$1851_EN[63:0]$2026 [0] $0$memwr$\addr_r$../rtl/cache/mshr.sv:147$1851_EN[63:0]$2026 [0] $0$memwr$\addr_r$../rtl/cache/mshr.sv:147$1851_EN[63:0]$2026 [0] $0$memwr$\addr_r$../rtl/cache/mshr.sv:147$1851_EN[63:0]$2026 [0] $0$memwr$\addr_r$../rtl/cache/mshr.sv:147$1851_EN[63:0]$2026 [0] $0$memwr$\addr_r$../rtl/cache/mshr.sv:147$1851_EN[63:0]$2026 [0] $0$memwr$\addr_r$../rtl/cache/mshr.sv:147$1851_EN[63:0]$2026 [0] $0$memwr$\addr_r$../rtl/cache/mshr.sv:147$1851_EN[63:0]$2026 [0] $0$memwr$\addr_r$../rtl/cache/mshr.sv:147$1851_EN[63:0]$2026 [0] $0$memwr$\addr_r$../rtl/cache/mshr.sv:147$1851_EN[63:0]$2026 [0] $0$memwr$\addr_r$../rtl/cache/mshr.sv:147$1851_EN[63:0]$2026 [0] $0$memwr$\addr_r$../rtl/cache/mshr.sv:147$1851_EN[63:0]$2026 [0] $0$memwr$\addr_r$../rtl/cache/mshr.sv:147$1851_EN[63:0]$2026 [0] $0$memwr$\addr_r$../rtl/cache/mshr.sv:147$1851_EN[63:0]$2026 [0] $0$memwr$\addr_r$../rtl/cache/mshr.sv:147$1851_EN[63:0]$2026 [0] $0$memwr$\addr_r$../rtl/cache/mshr.sv:147$1851_EN[63:0]$2026 [0] $0$memwr$\addr_r$../rtl/cache/mshr.sv:147$1851_EN[63:0]$2026 [0] $0$memwr$\addr_r$../rtl/cache/mshr.sv:147$1851_EN[63:0]$2026 [0] $0$memwr$\addr_r$../rtl/cache/mshr.sv:147$1851_EN[63:0]$2026 [0] $0$memwr$\addr_r$../rtl/cache/mshr.sv:147$1851_EN[63:0]$2026 [0] $0$memwr$\addr_r$../rtl/cache/mshr.sv:147$1851_EN[63:0]$2026 [0] $0$memwr$\addr_r$../rtl/cache/mshr.sv:147$1851_EN[63:0]$2026 [0] $0$memwr$\addr_r$../rtl/cache/mshr.sv:147$1851_EN[63:0]$2026 [0] $0$memwr$\addr_r$../rtl/cache/mshr.sv:147$1851_EN[63:0]$2026 [0] $0$memwr$\addr_r$../rtl/cache/mshr.sv:147$1851_EN[63:0]$2026 [0] $0$memwr$\addr_r$../rtl/cache/mshr.sv:147$1851_EN[63:0]$2026 [0] $0$memwr$\addr_r$../rtl/cache/mshr.sv:147$1851_EN[63:0]$2026 [0] $0$memwr$\addr_r$../rtl/cache/mshr.sv:147$1851_EN[63:0]$2026 [0] $0$memwr$\addr_r$../rtl/cache/mshr.sv:147$1851_EN[63:0]$2026 [0] $0$memwr$\addr_r$../rtl/cache/mshr.sv:147$1851_EN[63:0]$2026 [0] $0$memwr$\addr_r$../rtl/cache/mshr.sv:147$1851_EN[63:0]$2026 [0] $0$memwr$\addr_r$../rtl/cache/mshr.sv:147$1851_EN[63:0]$2026 [0] $0$memwr$\addr_r$../rtl/cache/mshr.sv:147$1851_EN[63:0]$2026 [0] $0$memwr$\addr_r$../rtl/cache/mshr.sv:147$1851_EN[63:0]$2026 [0] $0$memwr$\addr_r$../rtl/cache/mshr.sv:147$1851_EN[63:0]$2026 [0] }
    Consolidated identical input bits for $mux cell $procmux$4780:
      Old ports: A=4'0000, B=$2$memwr$\tag_r$../rtl/cache/mshr.sv:148$1852_EN[3:0]$2118, Y=$0$memwr$\tag_r$../rtl/cache/mshr.sv:148$1852_EN[3:0]$2029
      New ports: A=1'0, B=$procmux$4624_Y [0], Y=$0$memwr$\tag_r$../rtl/cache/mshr.sv:148$1852_EN[3:0]$2029 [0]
      New connections: $0$memwr$\tag_r$../rtl/cache/mshr.sv:148$1852_EN[3:0]$2029 [3:1] = { $0$memwr$\tag_r$../rtl/cache/mshr.sv:148$1852_EN[3:0]$2029 [0] $0$memwr$\tag_r$../rtl/cache/mshr.sv:148$1852_EN[3:0]$2029 [0] $0$memwr$\tag_r$../rtl/cache/mshr.sv:148$1852_EN[3:0]$2029 [0] }
  Optimizing cells in module $paramod$3b3ebe2a805de999e571f1f6aa39b69c15a9144c\mshr.
    Consolidated identical input bits for $mux cell $procmux$4702:
      Old ports: A=3'000, B=$2$memwr$\st$../rtl/cache/mshr.sv:161$1861_EN[2:0]$2146, Y=$0$memwr$\st$../rtl/cache/mshr.sv:161$1861_EN[2:0]$2055
      New ports: A=1'0, B=$procmux$4468_Y [0], Y=$0$memwr$\st$../rtl/cache/mshr.sv:161$1861_EN[2:0]$2055 [0]
      New connections: $0$memwr$\st$../rtl/cache/mshr.sv:161$1861_EN[2:0]$2055 [2:1] = { $0$memwr$\st$../rtl/cache/mshr.sv:161$1861_EN[2:0]$2055 [0] $0$memwr$\st$../rtl/cache/mshr.sv:161$1861_EN[2:0]$2055 [0] }
    Consolidated identical input bits for $mux cell $procmux$4696:
      Old ports: A=3'000, B=$2$memwr$\st$../rtl/cache/mshr.sv:163$1862_EN[2:0]$2148, Y=$0$memwr$\st$../rtl/cache/mshr.sv:163$1862_EN[2:0]$2057
      New ports: A=1'0, B=$procmux$4456_Y [0], Y=$0$memwr$\st$../rtl/cache/mshr.sv:163$1862_EN[2:0]$2057 [0]
      New connections: $0$memwr$\st$../rtl/cache/mshr.sv:163$1862_EN[2:0]$2057 [2:1] = { $0$memwr$\st$../rtl/cache/mshr.sv:163$1862_EN[2:0]$2057 [0] $0$memwr$\st$../rtl/cache/mshr.sv:163$1862_EN[2:0]$2057 [0] }
  Optimizing cells in module $paramod$3b3ebe2a805de999e571f1f6aa39b69c15a9144c\mshr.
Performed a total of 49 changes.

4.6.5. Executing OPT_MERGE pass (detect identical cells).
Finding identical cells in module `\l1d'.
Computing hashes of 978 cells of `\l1d'.
Finding duplicate cells in `\l1d'.
Computing hashes of 642 cells of `\l1d'.
Finding duplicate cells in `\l1d'.
Computing hashes of 627 cells of `\l1d'.
Finding duplicate cells in `\l1d'.
Computing hashes of 620 cells of `\l1d'.
Finding duplicate cells in `\l1d'.
<suppressed ~1074 debug messages>
Finding identical cells in module `$paramod$3b3ebe2a805de999e571f1f6aa39b69c15a9144c\mshr'.
Computing hashes of 261 cells of `$paramod$3b3ebe2a805de999e571f1f6aa39b69c15a9144c\mshr'.
Finding duplicate cells in `$paramod$3b3ebe2a805de999e571f1f6aa39b69c15a9144c\mshr'.
Computing hashes of 238 cells of `$paramod$3b3ebe2a805de999e571f1f6aa39b69c15a9144c\mshr'.
Finding duplicate cells in `$paramod$3b3ebe2a805de999e571f1f6aa39b69c15a9144c\mshr'.
Computing hashes of 218 cells of `$paramod$3b3ebe2a805de999e571f1f6aa39b69c15a9144c\mshr'.
Finding duplicate cells in `$paramod$3b3ebe2a805de999e571f1f6aa39b69c15a9144c\mshr'.
<suppressed ~129 debug messages>
Removed a total of 401 cells.

4.6.6. Executing OPT_DFF pass (perform DFF optimizations).

4.6.7. Executing OPT_CLEAN pass (remove unused cells and wires).
Finding unused cells or wires in module \l1d..
Finding unused cells or wires in module $paramod$3b3ebe2a805de999e571f1f6aa39b69c15a9144c\mshr..
Removed 0 unused cells and 665 unused wires.
<suppressed ~2 debug messages>

4.6.8. Executing OPT_EXPR pass (perform const folding).
Optimizing module l1d.
Optimizing module $paramod$3b3ebe2a805de999e571f1f6aa39b69c15a9144c\mshr.

4.6.9. Rerunning OPT passes. (Maybe there is more to do..)

4.6.10. Executing OPT_MUXTREE pass (detect dead branches in mux trees).
Running muxtree optimizer on module \l1d..
  Creating internal representation of mux trees.
  Evaluating internal representation of mux trees.
  Analyzing evaluation results.
Running muxtree optimizer on module $paramod$3b3ebe2a805de999e571f1f6aa39b69c15a9144c\mshr..
  Creating internal representation of mux trees.
  Evaluating internal representation of mux trees.
  Analyzing evaluation results.
Removed 0 multiplexer ports.
<suppressed ~508 debug messages>

4.6.11. Executing OPT_REDUCE pass (consolidate $*mux and $reduce_* inputs).
  Optimizing cells in module \l1d.
  Optimizing cells in module $paramod$3b3ebe2a805de999e571f1f6aa39b69c15a9144c\mshr.
Performed a total of 0 changes.

4.6.12. Executing OPT_MERGE pass (detect identical cells).
Finding identical cells in module `\l1d'.
Computing hashes of 620 cells of `\l1d'.
Finding duplicate cells in `\l1d'.
Finding identical cells in module `$paramod$3b3ebe2a805de999e571f1f6aa39b69c15a9144c\mshr'.
Computing hashes of 218 cells of `$paramod$3b3ebe2a805de999e571f1f6aa39b69c15a9144c\mshr'.
Finding duplicate cells in `$paramod$3b3ebe2a805de999e571f1f6aa39b69c15a9144c\mshr'.
Removed a total of 0 cells.

4.6.13. Executing OPT_DFF pass (perform DFF optimizations).

4.6.14. Executing OPT_CLEAN pass (remove unused cells and wires).
Finding unused cells or wires in module \l1d..
Finding unused cells or wires in module $paramod$3b3ebe2a805de999e571f1f6aa39b69c15a9144c\mshr..

4.6.15. Executing OPT_EXPR pass (perform const folding).
Optimizing module l1d.
Optimizing module $paramod$3b3ebe2a805de999e571f1f6aa39b69c15a9144c\mshr.

4.6.16. Finished fast OPT passes. (There is nothing left to do.)

4.7. Executing FSM pass (extract and optimize FSM).

4.7.1. Executing FSM_DETECT pass (finding FSMs in design).
Not marking $paramod$3b3ebe2a805de999e571f1f6aa39b69c15a9144c\mshr.busy_idx as FSM state register:
    Users of register don't seem to benefit from recoding.

4.7.2. Executing FSM_EXTRACT pass (extracting FSM from design).

4.7.3. Executing FSM_OPT pass (simple optimizations of FSMs).

4.7.4. Executing OPT_CLEAN pass (remove unused cells and wires).
Finding unused cells or wires in module \l1d..
Finding unused cells or wires in module $paramod$3b3ebe2a805de999e571f1f6aa39b69c15a9144c\mshr..

4.7.5. Executing FSM_OPT pass (simple optimizations of FSMs).

4.7.6. Executing FSM_RECODE pass (re-assigning FSM state encoding).

4.7.7. Executing FSM_INFO pass (dumping all available information on FSM cells).

4.7.8. Executing FSM_MAP pass (mapping FSMs to basic logic).

4.8. Executing OPT pass (performing simple optimizations).

4.8.1. Executing OPT_EXPR pass (perform const folding).
Optimizing module l1d.
Optimizing module $paramod$3b3ebe2a805de999e571f1f6aa39b69c15a9144c\mshr.

4.8.2. Executing OPT_MERGE pass (detect identical cells).
Finding identical cells in module `\l1d'.
Computing hashes of 620 cells of `\l1d'.
Finding duplicate cells in `\l1d'.
Finding identical cells in module `$paramod$3b3ebe2a805de999e571f1f6aa39b69c15a9144c\mshr'.
Computing hashes of 218 cells of `$paramod$3b3ebe2a805de999e571f1f6aa39b69c15a9144c\mshr'.
Finding duplicate cells in `$paramod$3b3ebe2a805de999e571f1f6aa39b69c15a9144c\mshr'.
Removed a total of 0 cells.

4.8.3. Executing OPT_MUXTREE pass (detect dead branches in mux trees).
Running muxtree optimizer on module \l1d..
  Creating internal representation of mux trees.
  Evaluating internal representation of mux trees.
  Analyzing evaluation results.
Running muxtree optimizer on module $paramod$3b3ebe2a805de999e571f1f6aa39b69c15a9144c\mshr..
  Creating internal representation of mux trees.
  Evaluating internal representation of mux trees.
  Analyzing evaluation results.
Removed 0 multiplexer ports.
<suppressed ~508 debug messages>

4.8.4. Executing OPT_REDUCE pass (consolidate $*mux and $reduce_* inputs).
  Optimizing cells in module \l1d.
  Optimizing cells in module $paramod$3b3ebe2a805de999e571f1f6aa39b69c15a9144c\mshr.
Performed a total of 0 changes.

4.8.5. Executing OPT_MERGE pass (detect identical cells).
Finding identical cells in module `\l1d'.
Computing hashes of 620 cells of `\l1d'.
Finding duplicate cells in `\l1d'.
Finding identical cells in module `$paramod$3b3ebe2a805de999e571f1f6aa39b69c15a9144c\mshr'.
Computing hashes of 218 cells of `$paramod$3b3ebe2a805de999e571f1f6aa39b69c15a9144c\mshr'.
Finding duplicate cells in `$paramod$3b3ebe2a805de999e571f1f6aa39b69c15a9144c\mshr'.
Removed a total of 0 cells.

4.8.6. Executing OPT_DFF pass (perform DFF optimizations).
Adding SRST signal on $procdff$5433 ($dff) from module l1d (D = $procmux$4171_Y, Q = \fl_idx, rval = 7'0000000).
Adding EN signal on $auto$ff.cc:337:slice$5859 ($sdff) from module l1d (D = $procmux$4171_Y, Q = \fl_idx).
Adding EN signal on $procdff$5443 ($dff) from module l1d (D = $memrd$\fifo_data$../rtl/cache/l1d.sv:214$816_DATA, Q = \resp_data_r).
Adding EN signal on $procdff$5442 ($dff) from module l1d (D = $memrd$\fifo_tag$../rtl/cache/l1d.sv:213$815_DATA, Q = \resp_tag_r).
Adding SRST signal on $procdff$5441 ($dff) from module l1d (D = $sub$../rtl/cache/l1d.sv:209$814_Y, Q = \fifo_cnt, rval = 6'000000).
Adding SRST signal on $procdff$5440 ($dff) from module l1d (D = $add$../rtl/cache/l1d.sv:208$812_Y, Q = \fifo_tail, rval = 5'00000).
Adding SRST signal on $procdff$5439 ($dff) from module l1d (D = $procmux$4324_Y, Q = \fifo_head, rval = 5'00000).
Adding EN signal on $auto$ff.cc:337:slice$5877 ($sdff) from module l1d (D = $add$../rtl/cache/l1d.sv:215$817_Y, Q = \fifo_head).
Adding SRST signal on $procdff$5438 ($dff) from module l1d (D = $procmux$4264_Y, Q = \resp_valid, rval = 1'0).
Adding EN signal on $procdff$5432 ($dff) from module l1d (D = $add$../rtl/cache/l1d.sv:244$845_Y, Q = \cnt_writebacks).
Adding SRST signal on $procdff$5431 ($dff) from module l1d (D = $procmux$4105_Y, Q = \flush_done, rval = 1'0).
Adding SRST signal on $procdff$5435 ($dff) from module l1d (D = $procmux$4125_Y, Q = \fl_busy, rval = 1'0).
Adding SRST signal on $procdff$5434 ($dff) from module l1d (D = $procmux$4148_Y, Q = \fl_way, rval = 1'0).
Adding EN signal on $auto$ff.cc:337:slice$5889 ($sdff) from module l1d (D = $procmux$4148_Y, Q = \fl_way).
Adding SRST signal on $procdff$5058 ($dff) from module l1d (D = $procmux$4015_Y, Q = \cnt_hits, rval = 0).
Adding EN signal on $auto$ff.cc:337:slice$5899 ($sdff) from module l1d (D = $add$../rtl/cache/l1d.sv:281$1682_Y, Q = \cnt_hits).
Adding SRST signal on $procdff$5059 ($dff) from module l1d (D = $procmux$4009_Y, Q = \cnt_misses, rval = 0).
Adding EN signal on $auto$ff.cc:337:slice$5901 ($sdff) from module l1d (D = $add$../rtl/cache/l1d.sv:287$1689_Y, Q = \cnt_misses).
Adding SRST signal on $procdff$5060 ($dff) from module l1d (D = $procmux$4003_Y, Q = \cnt_hit_under_miss, rval = 0).
Adding EN signal on $auto$ff.cc:337:slice$5903 ($sdff) from module l1d (D = $add$../rtl/cache/l1d.sv:282$1684_Y, Q = \cnt_hit_under_miss).
Adding SRST signal on $procdff$5061 ($dff) from module l1d (D = $procmux$3995_Y, Q = \cnt_miss_under_miss, rval = 0).
Adding EN signal on $auto$ff.cc:337:slice$5907 ($sdff) from module l1d (D = $add$../rtl/cache/l1d.sv:288$1691_Y, Q = \cnt_miss_under_miss).
Adding SRST signal on $procdff$5062 ($dff) from module l1d (D = $procmux$3987_Y, Q = \cnt_writebacks, rval = 0).
Adding EN signal on $auto$ff.cc:337:slice$5911 ($sdff) from module l1d (D = $add$../rtl/cache/l1d.sv:244$845_Y, Q = \cnt_writebacks).
Adding SRST signal on $procdff$5456 ($dff) from module $paramod$3b3ebe2a805de999e571f1f6aa39b69c15a9144c\mshr (D = $procmux$4810_Y, Q = \mem_busy, rval = 1'0).
Adding EN signal on $auto$ff.cc:337:slice$5913 ($sdff) from module $paramod$3b3ebe2a805de999e571f1f6aa39b69c15a9144c\mshr (D = 1'1, Q = \mem_busy).
Adding EN signal on $procdff$5457 ($dff) from module $paramod$3b3ebe2a805de999e571f1f6aa39b69c15a9144c\mshr (D = \send_idx, Q = \busy_idx).

4.8.7. Executing OPT_CLEAN pass (remove unused cells and wires).
Finding unused cells or wires in module \l1d..
Finding unused cells or wires in module $paramod$3b3ebe2a805de999e571f1f6aa39b69c15a9144c\mshr..
Removed 38 unused cells and 38 unused wires.
<suppressed ~40 debug messages>

4.8.8. Executing OPT_EXPR pass (perform const folding).
Optimizing module l1d.
<suppressed ~2 debug messages>
Optimizing module $paramod$3b3ebe2a805de999e571f1f6aa39b69c15a9144c\mshr.

4.8.9. Rerunning OPT passes. (Maybe there is more to do..)

4.8.10. Executing OPT_MUXTREE pass (detect dead branches in mux trees).
Running muxtree optimizer on module \l1d..
  Creating internal representation of mux trees.
  Evaluating internal representation of mux trees.
  Analyzing evaluation results.
Running muxtree optimizer on module $paramod$3b3ebe2a805de999e571f1f6aa39b69c15a9144c\mshr..
  Creating internal representation of mux trees.
  Evaluating internal representation of mux trees.
  Analyzing evaluation results.
Removed 0 multiplexer ports.
<suppressed ~457 debug messages>

4.8.11. Executing OPT_REDUCE pass (consolidate $*mux and $reduce_* inputs).
  Optimizing cells in module \l1d.
  Optimizing cells in module $paramod$3b3ebe2a805de999e571f1f6aa39b69c15a9144c\mshr.
Performed a total of 0 changes.

4.8.12. Executing OPT_MERGE pass (detect identical cells).
Finding identical cells in module `\l1d'.
Computing hashes of 604 cells of `\l1d'.
Finding duplicate cells in `\l1d'.
Computing hashes of 600 cells of `\l1d'.
Finding duplicate cells in `\l1d'.
Computing hashes of 599 cells of `\l1d'.
Finding duplicate cells in `\l1d'.
<suppressed ~15 debug messages>
Finding identical cells in module `$paramod$3b3ebe2a805de999e571f1f6aa39b69c15a9144c\mshr'.
Computing hashes of 217 cells of `$paramod$3b3ebe2a805de999e571f1f6aa39b69c15a9144c\mshr'.
Finding duplicate cells in `$paramod$3b3ebe2a805de999e571f1f6aa39b69c15a9144c\mshr'.
Computing hashes of 216 cells of `$paramod$3b3ebe2a805de999e571f1f6aa39b69c15a9144c\mshr'.
Finding duplicate cells in `$paramod$3b3ebe2a805de999e571f1f6aa39b69c15a9144c\mshr'.
<suppressed ~3 debug messages>
Removed a total of 6 cells.

4.8.13. Executing OPT_DFF pass (perform DFF optimizations).

4.8.14. Executing OPT_CLEAN pass (remove unused cells and wires).
Finding unused cells or wires in module \l1d..
Finding unused cells or wires in module $paramod$3b3ebe2a805de999e571f1f6aa39b69c15a9144c\mshr..
Removed 0 unused cells and 6 unused wires.
<suppressed ~2 debug messages>

4.8.15. Executing OPT_EXPR pass (perform const folding).
Optimizing module l1d.
Optimizing module $paramod$3b3ebe2a805de999e571f1f6aa39b69c15a9144c\mshr.

4.8.16. Rerunning OPT passes. (Maybe there is more to do..)

4.8.17. Executing OPT_MUXTREE pass (detect dead branches in mux trees).
Running muxtree optimizer on module \l1d..
  Creating internal representation of mux trees.
  Evaluating internal representation of mux trees.
  Analyzing evaluation results.
Running muxtree optimizer on module $paramod$3b3ebe2a805de999e571f1f6aa39b69c15a9144c\mshr..
  Creating internal representation of mux trees.
  Evaluating internal representation of mux trees.
  Analyzing evaluation results.
Removed 0 multiplexer ports.
<suppressed ~457 debug messages>

4.8.18. Executing OPT_REDUCE pass (consolidate $*mux and $reduce_* inputs).
  Optimizing cells in module \l1d.
  Optimizing cells in module $paramod$3b3ebe2a805de999e571f1f6aa39b69c15a9144c\mshr.
Performed a total of 0 changes.

4.8.19. Executing OPT_MERGE pass (detect identical cells).
Finding identical cells in module `\l1d'.
Computing hashes of 599 cells of `\l1d'.
Finding duplicate cells in `\l1d'.
Finding identical cells in module `$paramod$3b3ebe2a805de999e571f1f6aa39b69c15a9144c\mshr'.
Computing hashes of 216 cells of `$paramod$3b3ebe2a805de999e571f1f6aa39b69c15a9144c\mshr'.
Finding duplicate cells in `$paramod$3b3ebe2a805de999e571f1f6aa39b69c15a9144c\mshr'.
Removed a total of 0 cells.

4.8.20. Executing OPT_DFF pass (perform DFF optimizations).

4.8.21. Executing OPT_CLEAN pass (remove unused cells and wires).
Finding unused cells or wires in module \l1d..
Finding unused cells or wires in module $paramod$3b3ebe2a805de999e571f1f6aa39b69c15a9144c\mshr..

4.8.22. Executing OPT_EXPR pass (perform const folding).
Optimizing module l1d.
Optimizing module $paramod$3b3ebe2a805de999e571f1f6aa39b69c15a9144c\mshr.

4.8.23. Finished fast OPT passes. (There is nothing left to do.)

4.9. Executing WREDUCE pass (reducing word size of cells).
Removed top 25 address bits (of 32) from memory init port l1d.$auto$proc_memwr.cc:45:proc_memwr$5616 (dirty_arr).
Removed top 25 address bits (of 32) from memory init port l1d.$auto$proc_memwr.cc:45:proc_memwr$5617 (valid_arr).
Removed top 25 address bits (of 32) from memory init port l1d.$auto$proc_memwr.cc:45:proc_memwr$5618 (dirty_arr).
Removed top 26 address bits (of 32) from memory init port l1d.$auto$proc_memwr.cc:45:proc_memwr$5619 (plru).
Removed top 25 address bits (of 32) from memory init port l1d.$auto$proc_memwr.cc:45:proc_memwr$5620 (valid_arr).
Removed top 25 address bits (of 32) from memory init port l1d.$auto$proc_memwr.cc:45:proc_memwr$5621 (dirty_arr).
Removed top 25 address bits (of 32) from memory init port l1d.$auto$proc_memwr.cc:45:proc_memwr$5622 (valid_arr).
Removed top 25 address bits (of 32) from memory init port l1d.$auto$proc_memwr.cc:45:proc_memwr$5623 (dirty_arr).
Removed top 26 address bits (of 32) from memory init port l1d.$auto$proc_memwr.cc:45:proc_memwr$5624 (plru).
Removed top 25 address bits (of 32) from memory init port l1d.$auto$proc_memwr.cc:45:proc_memwr$5625 (valid_arr).
Removed top 25 address bits (of 32) from memory init port l1d.$auto$proc_memwr.cc:45:proc_memwr$5626 (dirty_arr).
Removed top 25 address bits (of 32) from memory init port l1d.$auto$proc_memwr.cc:45:proc_memwr$5627 (valid_arr).
Removed top 25 address bits (of 32) from memory init port l1d.$auto$proc_memwr.cc:45:proc_memwr$5628 (dirty_arr).
Removed top 26 address bits (of 32) from memory init port l1d.$auto$proc_memwr.cc:45:proc_memwr$5629 (plru).
Removed top 25 address bits (of 32) from memory init port l1d.$auto$proc_memwr.cc:45:proc_memwr$5630 (valid_arr).
Removed top 25 address bits (of 32) from memory init port l1d.$auto$proc_memwr.cc:45:proc_memwr$5631 (dirty_arr).
Removed top 25 address bits (of 32) from memory init port l1d.$auto$proc_memwr.cc:45:proc_memwr$5632 (valid_arr).
Removed top 25 address bits (of 32) from memory init port l1d.$auto$proc_memwr.cc:45:proc_memwr$5633 (dirty_arr).
Removed top 25 address bits (of 32) from memory init port l1d.$auto$proc_memwr.cc:45:proc_memwr$5573 (dirty_arr).
Removed top 26 address bits (of 32) from memory init port l1d.$auto$proc_memwr.cc:45:proc_memwr$5574 (plru).
Removed top 25 address bits (of 32) from memory init port l1d.$auto$proc_memwr.cc:45:proc_memwr$5575 (valid_arr).
Removed top 25 address bits (of 32) from memory init port l1d.$auto$proc_memwr.cc:45:proc_memwr$5576 (dirty_arr).
Removed top 25 address bits (of 32) from memory init port l1d.$auto$proc_memwr.cc:45:proc_memwr$5577 (valid_arr).
Removed top 25 address bits (of 32) from memory init port l1d.$auto$proc_memwr.cc:45:proc_memwr$5557 (valid_arr).
Removed top 25 address bits (of 32) from memory init port l1d.$auto$proc_memwr.cc:45:proc_memwr$5558 (dirty_arr).
Removed top 26 address bits (of 32) from memory init port l1d.$auto$proc_memwr.cc:45:proc_memwr$5559 (plru).
Removed top 25 address bits (of 32) from memory init port l1d.$auto$proc_memwr.cc:45:proc_memwr$5560 (valid_arr).
Removed top 25 address bits (of 32) from memory init port l1d.$auto$proc_memwr.cc:45:proc_memwr$5561 (dirty_arr).
Removed top 25 address bits (of 32) from memory init port l1d.$auto$proc_memwr.cc:45:proc_memwr$5562 (valid_arr).
Removed top 25 address bits (of 32) from memory init port l1d.$auto$proc_memwr.cc:45:proc_memwr$5563 (dirty_arr).
Removed top 26 address bits (of 32) from memory init port l1d.$auto$proc_memwr.cc:45:proc_memwr$5564 (plru).
Removed top 25 address bits (of 32) from memory init port l1d.$auto$proc_memwr.cc:45:proc_memwr$5565 (valid_arr).
Removed top 25 address bits (of 32) from memory init port l1d.$auto$proc_memwr.cc:45:proc_memwr$5566 (dirty_arr).
Removed top 25 address bits (of 32) from memory init port l1d.$auto$proc_memwr.cc:45:proc_memwr$5567 (valid_arr).
Removed top 25 address bits (of 32) from memory init port l1d.$auto$proc_memwr.cc:45:proc_memwr$5568 (dirty_arr).
Removed top 25 address bits (of 32) from memory init port l1d.$auto$proc_memwr.cc:45:proc_memwr$5585 (valid_arr).
Removed top 25 address bits (of 32) from memory init port l1d.$auto$proc_memwr.cc:45:proc_memwr$5583 (dirty_arr).
Removed top 25 address bits (of 32) from memory init port l1d.$auto$proc_memwr.cc:45:proc_memwr$5582 (valid_arr).
Removed top 25 address bits (of 32) from memory init port l1d.$auto$proc_memwr.cc:45:proc_memwr$5581 (dirty_arr).
Removed top 25 address bits (of 32) from memory init port l1d.$auto$proc_memwr.cc:45:proc_memwr$5580 (valid_arr).
Removed top 26 address bits (of 32) from memory init port l1d.$auto$proc_memwr.cc:45:proc_memwr$5579 (plru).
Removed top 26 address bits (of 32) from memory init port l1d.$auto$proc_memwr.cc:45:proc_memwr$5634 (plru).
Removed top 25 address bits (of 32) from memory init port l1d.$auto$proc_memwr.cc:45:proc_memwr$5635 (valid_arr).
Removed top 26 address bits (of 32) from memory init port l1d.$auto$proc_memwr.cc:45:proc_memwr$5589 (plru).
Removed top 25 address bits (of 32) from memory init port l1d.$auto$proc_memwr.cc:45:proc_memwr$5590 (valid_arr).
Removed top 25 address bits (of 32) from memory init port l1d.$auto$proc_memwr.cc:45:proc_memwr$5591 (dirty_arr).
Removed top 25 address bits (of 32) from memory init port l1d.$auto$proc_memwr.cc:45:proc_memwr$5636 (dirty_arr).
Removed top 25 address bits (of 32) from memory init port l1d.$auto$proc_memwr.cc:45:proc_memwr$5637 (valid_arr).
Removed top 25 address bits (of 32) from memory init port l1d.$auto$proc_memwr.cc:45:proc_memwr$5638 (dirty_arr).
Removed top 26 address bits (of 32) from memory init port l1d.$auto$proc_memwr.cc:45:proc_memwr$5639 (plru).
Removed top 25 address bits (of 32) from memory init port l1d.$auto$proc_memwr.cc:45:proc_memwr$5640 (valid_arr).
Removed top 25 address bits (of 32) from memory init port l1d.$auto$proc_memwr.cc:45:proc_memwr$5641 (dirty_arr).
Removed top 25 address bits (of 32) from memory init port l1d.$auto$proc_memwr.cc:45:proc_memwr$5642 (valid_arr).
Removed top 25 address bits (of 32) from memory init port l1d.$auto$proc_memwr.cc:45:proc_memwr$5643 (dirty_arr).
Removed top 26 address bits (of 32) from memory init port l1d.$auto$proc_memwr.cc:45:proc_memwr$5644 (plru).
Removed top 25 address bits (of 32) from memory init port l1d.$auto$proc_memwr.cc:45:proc_memwr$5645 (valid_arr).
Removed top 25 address bits (of 32) from memory init port l1d.$auto$proc_memwr.cc:45:proc_memwr$5646 (dirty_arr).
Removed top 25 address bits (of 32) from memory init port l1d.$auto$proc_memwr.cc:45:proc_memwr$5647 (valid_arr).
Removed top 25 address bits (of 32) from memory init port l1d.$auto$proc_memwr.cc:45:proc_memwr$5648 (dirty_arr).
Removed top 26 address bits (of 32) from memory init port l1d.$auto$proc_memwr.cc:45:proc_memwr$5649 (plru).
Removed top 25 address bits (of 32) from memory init port l1d.$auto$proc_memwr.cc:45:proc_memwr$5650 (valid_arr).
Removed top 25 address bits (of 32) from memory init port l1d.$auto$proc_memwr.cc:45:proc_memwr$5651 (dirty_arr).
Removed top 25 address bits (of 32) from memory init port l1d.$auto$proc_memwr.cc:45:proc_memwr$5652 (valid_arr).
Removed top 25 address bits (of 32) from memory init port l1d.$auto$proc_memwr.cc:45:proc_memwr$5653 (dirty_arr).
Removed top 25 address bits (of 32) from memory init port l1d.$auto$proc_memwr.cc:45:proc_memwr$5592 (valid_arr).
Removed top 25 address bits (of 32) from memory init port l1d.$auto$proc_memwr.cc:45:proc_memwr$5593 (dirty_arr).
Removed top 26 address bits (of 32) from memory init port l1d.$auto$proc_memwr.cc:45:proc_memwr$5594 (plru).
Removed top 25 address bits (of 32) from memory init port l1d.$auto$proc_memwr.cc:45:proc_memwr$5595 (valid_arr).
Removed top 25 address bits (of 32) from memory init port l1d.$auto$proc_memwr.cc:45:proc_memwr$5596 (dirty_arr).
Removed top 26 address bits (of 32) from memory init port l1d.$auto$proc_memwr.cc:45:proc_memwr$5654 (plru).
Removed top 25 address bits (of 32) from memory init port l1d.$auto$proc_memwr.cc:45:proc_memwr$5655 (valid_arr).
Removed top 25 address bits (of 32) from memory init port l1d.$auto$proc_memwr.cc:45:proc_memwr$5656 (dirty_arr).
Removed top 25 address bits (of 32) from memory init port l1d.$auto$proc_memwr.cc:45:proc_memwr$5657 (valid_arr).
Removed top 25 address bits (of 32) from memory init port l1d.$auto$proc_memwr.cc:45:proc_memwr$5658 (dirty_arr).
Removed top 26 address bits (of 32) from memory init port l1d.$auto$proc_memwr.cc:45:proc_memwr$5659 (plru).
Removed top 25 address bits (of 32) from memory init port l1d.$auto$proc_memwr.cc:45:proc_memwr$5660 (valid_arr).
Removed top 25 address bits (of 32) from memory init port l1d.$auto$proc_memwr.cc:45:proc_memwr$5661 (dirty_arr).
Removed top 25 address bits (of 32) from memory init port l1d.$auto$proc_memwr.cc:45:proc_memwr$5662 (valid_arr).
Removed top 25 address bits (of 32) from memory init port l1d.$auto$proc_memwr.cc:45:proc_memwr$5663 (dirty_arr).
Removed top 26 address bits (of 32) from memory init port l1d.$auto$proc_memwr.cc:45:proc_memwr$5664 (plru).
Removed top 25 address bits (of 32) from memory init port l1d.$auto$proc_memwr.cc:45:proc_memwr$5665 (valid_arr).
Removed top 25 address bits (of 32) from memory init port l1d.$auto$proc_memwr.cc:45:proc_memwr$5666 (dirty_arr).
Removed top 25 address bits (of 32) from memory init port l1d.$auto$proc_memwr.cc:45:proc_memwr$5667 (valid_arr).
Removed top 25 address bits (of 32) from memory init port l1d.$auto$proc_memwr.cc:45:proc_memwr$5668 (dirty_arr).
Removed top 26 address bits (of 32) from memory init port l1d.$auto$proc_memwr.cc:45:proc_memwr$5669 (plru).
Removed top 25 address bits (of 32) from memory init port l1d.$auto$proc_memwr.cc:45:proc_memwr$5670 (valid_arr).
Removed top 25 address bits (of 32) from memory init port l1d.$auto$proc_memwr.cc:45:proc_memwr$5671 (dirty_arr).
Removed top 25 address bits (of 32) from memory init port l1d.$auto$proc_memwr.cc:45:proc_memwr$5672 (valid_arr).
Removed top 25 address bits (of 32) from memory init port l1d.$auto$proc_memwr.cc:45:proc_memwr$5673 (dirty_arr).
Removed top 26 address bits (of 32) from memory init port l1d.$auto$proc_memwr.cc:45:proc_memwr$5674 (plru).
Removed top 25 address bits (of 32) from memory init port l1d.$auto$proc_memwr.cc:45:proc_memwr$5675 (valid_arr).
Removed top 25 address bits (of 32) from memory init port l1d.$auto$proc_memwr.cc:45:proc_memwr$5676 (dirty_arr).
Removed top 25 address bits (of 32) from memory init port l1d.$auto$proc_memwr.cc:45:proc_memwr$5677 (valid_arr).
Removed top 25 address bits (of 32) from memory init port l1d.$auto$proc_memwr.cc:45:proc_memwr$5678 (dirty_arr).
Removed top 26 address bits (of 32) from memory init port l1d.$auto$proc_memwr.cc:45:proc_memwr$5679 (plru).
Removed top 25 address bits (of 32) from memory init port l1d.$auto$proc_memwr.cc:45:proc_memwr$5680 (valid_arr).
Removed top 25 address bits (of 32) from memory init port l1d.$auto$proc_memwr.cc:45:proc_memwr$5597 (valid_arr).
Removed top 25 address bits (of 32) from memory init port l1d.$auto$proc_memwr.cc:45:proc_memwr$5598 (dirty_arr).
Removed top 26 address bits (of 32) from memory init port l1d.$auto$proc_memwr.cc:45:proc_memwr$5599 (plru).
Removed top 25 address bits (of 32) from memory init port l1d.$auto$proc_memwr.cc:45:proc_memwr$5600 (valid_arr).
Removed top 25 address bits (of 32) from memory init port l1d.$auto$proc_memwr.cc:45:proc_memwr$5601 (dirty_arr).
Removed top 25 address bits (of 32) from memory init port l1d.$auto$proc_memwr.cc:45:proc_memwr$5602 (valid_arr).
Removed top 25 address bits (of 32) from memory init port l1d.$auto$proc_memwr.cc:45:proc_memwr$5603 (dirty_arr).
Removed top 26 address bits (of 32) from memory init port l1d.$auto$proc_memwr.cc:45:proc_memwr$5604 (plru).
Removed top 25 address bits (of 32) from memory init port l1d.$auto$proc_memwr.cc:45:proc_memwr$5605 (valid_arr).
Removed top 25 address bits (of 32) from memory init port l1d.$auto$proc_memwr.cc:45:proc_memwr$5606 (dirty_arr).
Removed top 25 address bits (of 32) from memory init port l1d.$auto$proc_memwr.cc:45:proc_memwr$5681 (dirty_arr).
Removed top 25 address bits (of 32) from memory init port l1d.$auto$proc_memwr.cc:45:proc_memwr$5682 (valid_arr).
Removed top 25 address bits (of 32) from memory init port l1d.$auto$proc_memwr.cc:45:proc_memwr$5683 (dirty_arr).
Removed top 26 address bits (of 32) from memory init port l1d.$auto$proc_memwr.cc:45:proc_memwr$5684 (plru).
Removed top 25 address bits (of 32) from memory init port l1d.$auto$proc_memwr.cc:45:proc_memwr$5685 (valid_arr).
Removed top 25 address bits (of 32) from memory init port l1d.$auto$proc_memwr.cc:45:proc_memwr$5686 (dirty_arr).
Removed top 25 address bits (of 32) from memory init port l1d.$auto$proc_memwr.cc:45:proc_memwr$5687 (valid_arr).
Removed top 25 address bits (of 32) from memory init port l1d.$auto$proc_memwr.cc:45:proc_memwr$5688 (dirty_arr).
Removed top 26 address bits (of 32) from memory init port l1d.$auto$proc_memwr.cc:45:proc_memwr$5689 (plru).
Removed top 25 address bits (of 32) from memory init port l1d.$auto$proc_memwr.cc:45:proc_memwr$5690 (valid_arr).
Removed top 25 address bits (of 32) from memory init port l1d.$auto$proc_memwr.cc:45:proc_memwr$5691 (dirty_arr).
Removed top 25 address bits (of 32) from memory init port l1d.$auto$proc_memwr.cc:45:proc_memwr$5692 (valid_arr).
Removed top 25 address bits (of 32) from memory init port l1d.$auto$proc_memwr.cc:45:proc_memwr$5693 (dirty_arr).
Removed top 26 address bits (of 32) from memory init port l1d.$auto$proc_memwr.cc:45:proc_memwr$5694 (plru).
Removed top 25 address bits (of 32) from memory init port l1d.$auto$proc_memwr.cc:45:proc_memwr$5695 (valid_arr).
Removed top 25 address bits (of 32) from memory init port l1d.$auto$proc_memwr.cc:45:proc_memwr$5696 (dirty_arr).
Removed top 25 address bits (of 32) from memory init port l1d.$auto$proc_memwr.cc:45:proc_memwr$5697 (valid_arr).
Removed top 25 address bits (of 32) from memory init port l1d.$auto$proc_memwr.cc:45:proc_memwr$5698 (dirty_arr).
Removed top 26 address bits (of 32) from memory init port l1d.$auto$proc_memwr.cc:45:proc_memwr$5699 (plru).
Removed top 25 address bits (of 32) from memory init port l1d.$auto$proc_memwr.cc:45:proc_memwr$5700 (valid_arr).
Removed top 25 address bits (of 32) from memory init port l1d.$auto$proc_memwr.cc:45:proc_memwr$5701 (dirty_arr).
Removed top 25 address bits (of 32) from memory init port l1d.$auto$proc_memwr.cc:45:proc_memwr$5702 (valid_arr).
Removed top 25 address bits (of 32) from memory init port l1d.$auto$proc_memwr.cc:45:proc_memwr$5607 (valid_arr).
Removed top 25 address bits (of 32) from memory init port l1d.$auto$proc_memwr.cc:45:proc_memwr$5608 (dirty_arr).
Removed top 26 address bits (of 32) from memory init port l1d.$auto$proc_memwr.cc:45:proc_memwr$5609 (plru).
Removed top 25 address bits (of 32) from memory init port l1d.$auto$proc_memwr.cc:45:proc_memwr$5610 (valid_arr).
Removed top 25 address bits (of 32) from memory init port l1d.$auto$proc_memwr.cc:45:proc_memwr$5611 (dirty_arr).
Removed top 25 address bits (of 32) from memory init port l1d.$auto$proc_memwr.cc:45:proc_memwr$5612 (valid_arr).
Removed top 25 address bits (of 32) from memory init port l1d.$auto$proc_memwr.cc:45:proc_memwr$5613 (dirty_arr).
Removed top 26 address bits (of 32) from memory init port l1d.$auto$proc_memwr.cc:45:proc_memwr$5614 (plru).
Removed top 25 address bits (of 32) from memory init port l1d.$auto$proc_memwr.cc:45:proc_memwr$5578 (dirty_arr).
Removed top 25 address bits (of 32) from memory init port l1d.$auto$proc_memwr.cc:45:proc_memwr$5615 (valid_arr).
Removed top 25 address bits (of 32) from memory init port l1d.$auto$proc_memwr.cc:45:proc_memwr$5703 (dirty_arr).
Removed top 26 address bits (of 32) from memory init port l1d.$auto$proc_memwr.cc:45:proc_memwr$5704 (plru).
Removed top 25 address bits (of 32) from memory init port l1d.$auto$proc_memwr.cc:45:proc_memwr$5705 (valid_arr).
Removed top 25 address bits (of 32) from memory init port l1d.$auto$proc_memwr.cc:45:proc_memwr$5706 (dirty_arr).
Removed top 25 address bits (of 32) from memory init port l1d.$auto$proc_memwr.cc:45:proc_memwr$5707 (valid_arr).
Removed top 25 address bits (of 32) from memory init port l1d.$auto$proc_memwr.cc:45:proc_memwr$5708 (dirty_arr).
Removed top 26 address bits (of 32) from memory init port l1d.$auto$proc_memwr.cc:45:proc_memwr$5709 (plru).
Removed top 25 address bits (of 32) from memory init port l1d.$auto$proc_memwr.cc:45:proc_memwr$5710 (valid_arr).
Removed top 25 address bits (of 32) from memory init port l1d.$auto$proc_memwr.cc:45:proc_memwr$5711 (dirty_arr).
Removed top 25 address bits (of 32) from memory init port l1d.$auto$proc_memwr.cc:45:proc_memwr$5712 (valid_arr).
Removed top 25 address bits (of 32) from memory init port l1d.$auto$proc_memwr.cc:45:proc_memwr$5713 (dirty_arr).
Removed top 26 address bits (of 32) from memory init port l1d.$auto$proc_memwr.cc:45:proc_memwr$5714 (plru).
Removed top 25 address bits (of 32) from memory init port l1d.$auto$proc_memwr.cc:45:proc_memwr$5715 (valid_arr).
Removed top 25 address bits (of 32) from memory init port l1d.$auto$proc_memwr.cc:45:proc_memwr$5716 (dirty_arr).
Removed top 25 address bits (of 32) from memory init port l1d.$auto$proc_memwr.cc:45:proc_memwr$5717 (valid_arr).
Removed top 25 address bits (of 32) from memory init port l1d.$auto$proc_memwr.cc:45:proc_memwr$5718 (dirty_arr).
Removed top 26 address bits (of 32) from memory init port l1d.$auto$proc_memwr.cc:45:proc_memwr$5719 (plru).
Removed top 25 address bits (of 32) from memory init port l1d.$auto$proc_memwr.cc:45:proc_memwr$5720 (valid_arr).
Removed top 25 address bits (of 32) from memory init port l1d.$auto$proc_memwr.cc:45:proc_memwr$5547 (valid_arr).
Removed top 26 address bits (of 32) from memory init port l1d.$auto$proc_memwr.cc:45:proc_memwr$5569 (plru).
Removed top 25 address bits (of 32) from memory init port l1d.$auto$proc_memwr.cc:45:proc_memwr$5548 (dirty_arr).
Removed top 26 address bits (of 32) from memory init port l1d.$auto$proc_memwr.cc:45:proc_memwr$5549 (plru).
Removed top 25 address bits (of 32) from memory init port l1d.$auto$proc_memwr.cc:45:proc_memwr$5550 (valid_arr).
Removed top 25 address bits (of 32) from memory init port l1d.$auto$proc_memwr.cc:45:proc_memwr$5551 (dirty_arr).
Removed top 25 address bits (of 32) from memory init port l1d.$auto$proc_memwr.cc:45:proc_memwr$5570 (valid_arr).
Removed top 25 address bits (of 32) from memory init port l1d.$auto$proc_memwr.cc:45:proc_memwr$5552 (valid_arr).
Removed top 25 address bits (of 32) from memory init port l1d.$auto$proc_memwr.cc:45:proc_memwr$5553 (dirty_arr).
Removed top 26 address bits (of 32) from memory init port l1d.$auto$proc_memwr.cc:45:proc_memwr$5554 (plru).
Removed top 25 address bits (of 32) from memory init port l1d.$auto$proc_memwr.cc:45:proc_memwr$5555 (valid_arr).
Removed top 25 address bits (of 32) from memory init port l1d.$auto$proc_memwr.cc:45:proc_memwr$5556 (dirty_arr).
Removed top 25 address bits (of 32) from memory init port l1d.$auto$proc_memwr.cc:45:proc_memwr$5721 (dirty_arr).
Removed top 25 address bits (of 32) from memory init port l1d.$auto$proc_memwr.cc:45:proc_memwr$5722 (valid_arr).
Removed top 25 address bits (of 32) from memory init port l1d.$auto$proc_memwr.cc:45:proc_memwr$5723 (dirty_arr).
Removed top 26 address bits (of 32) from memory init port l1d.$auto$proc_memwr.cc:45:proc_memwr$5724 (plru).
Removed top 25 address bits (of 32) from memory init port l1d.$auto$proc_memwr.cc:45:proc_memwr$5725 (valid_arr).
Removed top 25 address bits (of 32) from memory init port l1d.$auto$proc_memwr.cc:45:proc_memwr$5726 (dirty_arr).
Removed top 25 address bits (of 32) from memory init port l1d.$auto$proc_memwr.cc:45:proc_memwr$5727 (valid_arr).
Removed top 25 address bits (of 32) from memory init port l1d.$auto$proc_memwr.cc:45:proc_memwr$5728 (dirty_arr).
Removed top 26 address bits (of 32) from memory init port l1d.$auto$proc_memwr.cc:45:proc_memwr$5729 (plru).
Removed top 25 address bits (of 32) from memory init port l1d.$auto$proc_memwr.cc:45:proc_memwr$5730 (valid_arr).
Removed top 25 address bits (of 32) from memory init port l1d.$auto$proc_memwr.cc:45:proc_memwr$5731 (dirty_arr).
Removed top 25 address bits (of 32) from memory init port l1d.$auto$proc_memwr.cc:45:proc_memwr$5732 (valid_arr).
Removed top 25 address bits (of 32) from memory init port l1d.$auto$proc_memwr.cc:45:proc_memwr$5733 (dirty_arr).
Removed top 26 address bits (of 32) from memory init port l1d.$auto$proc_memwr.cc:45:proc_memwr$5734 (plru).
Removed top 25 address bits (of 32) from memory init port l1d.$auto$proc_memwr.cc:45:proc_memwr$5735 (valid_arr).
Removed top 25 address bits (of 32) from memory init port l1d.$auto$proc_memwr.cc:45:proc_memwr$5736 (dirty_arr).
Removed top 25 address bits (of 32) from memory init port l1d.$auto$proc_memwr.cc:45:proc_memwr$5737 (valid_arr).
Removed top 25 address bits (of 32) from memory init port l1d.$auto$proc_memwr.cc:45:proc_memwr$5738 (dirty_arr).
Removed top 26 address bits (of 32) from memory init port l1d.$auto$proc_memwr.cc:45:proc_memwr$5739 (plru).
Removed top 25 address bits (of 32) from memory init port l1d.$auto$proc_memwr.cc:45:proc_memwr$5740 (valid_arr).
Removed top 25 address bits (of 32) from memory init port l1d.$auto$proc_memwr.cc:45:proc_memwr$5741 (dirty_arr).
Removed top 25 address bits (of 32) from memory init port l1d.$auto$proc_memwr.cc:45:proc_memwr$5742 (valid_arr).
Removed top 25 address bits (of 32) from memory init port l1d.$auto$proc_memwr.cc:45:proc_memwr$5743 (dirty_arr).
Removed top 26 address bits (of 32) from memory init port l1d.$auto$proc_memwr.cc:45:proc_memwr$5744 (plru).
Removed top 25 address bits (of 32) from memory init port l1d.$auto$proc_memwr.cc:45:proc_memwr$5745 (valid_arr).
Removed top 25 address bits (of 32) from memory init port l1d.$auto$proc_memwr.cc:45:proc_memwr$5746 (dirty_arr).
Removed top 25 address bits (of 32) from memory init port l1d.$auto$proc_memwr.cc:45:proc_memwr$5747 (valid_arr).
Removed top 25 address bits (of 32) from memory init port l1d.$auto$proc_memwr.cc:45:proc_memwr$5588 (dirty_arr).
Removed top 25 address bits (of 32) from memory init port l1d.$auto$proc_memwr.cc:45:proc_memwr$5587 (valid_arr).
Removed top 25 address bits (of 32) from memory init port l1d.$auto$proc_memwr.cc:45:proc_memwr$5586 (dirty_arr).
Removed top 25 address bits (of 32) from memory init port l1d.$auto$proc_memwr.cc:45:proc_memwr$5571 (dirty_arr).
Removed top 25 address bits (of 32) from memory init port l1d.$auto$proc_memwr.cc:45:proc_memwr$5572 (valid_arr).
Removed top 26 address bits (of 32) from memory init port l1d.$auto$proc_memwr.cc:45:proc_memwr$5584 (plru).
Removed top 25 address bits (of 32) from memory init port l1d.$auto$proc_memwr.cc:45:proc_memwr$5748 (dirty_arr).
Removed top 26 address bits (of 32) from memory init port l1d.$auto$proc_memwr.cc:45:proc_memwr$5749 (plru).
Removed top 25 address bits (of 32) from memory init port l1d.$auto$proc_memwr.cc:45:proc_memwr$5750 (valid_arr).
Removed top 25 address bits (of 32) from memory init port l1d.$auto$proc_memwr.cc:45:proc_memwr$5751 (dirty_arr).
Removed top 25 address bits (of 32) from memory init port l1d.$auto$proc_memwr.cc:45:proc_memwr$5752 (valid_arr).
Removed top 25 address bits (of 32) from memory init port l1d.$auto$proc_memwr.cc:45:proc_memwr$5753 (dirty_arr).
Removed top 26 address bits (of 32) from memory init port l1d.$auto$proc_memwr.cc:45:proc_memwr$5754 (plru).
Removed top 25 address bits (of 32) from memory init port l1d.$auto$proc_memwr.cc:45:proc_memwr$5755 (valid_arr).
Removed top 25 address bits (of 32) from memory init port l1d.$auto$proc_memwr.cc:45:proc_memwr$5756 (dirty_arr).
Removed top 25 address bits (of 32) from memory init port l1d.$auto$proc_memwr.cc:45:proc_memwr$5757 (valid_arr).
Removed top 25 address bits (of 32) from memory init port l1d.$auto$proc_memwr.cc:45:proc_memwr$5758 (dirty_arr).
Removed top 26 address bits (of 32) from memory init port l1d.$auto$proc_memwr.cc:45:proc_memwr$5759 (plru).
Removed top 25 address bits (of 32) from memory init port l1d.$auto$proc_memwr.cc:45:proc_memwr$5760 (valid_arr).
Removed top 25 address bits (of 32) from memory init port l1d.$auto$proc_memwr.cc:45:proc_memwr$5761 (dirty_arr).
Removed top 25 address bits (of 32) from memory init port l1d.$auto$proc_memwr.cc:45:proc_memwr$5762 (valid_arr).
Removed top 25 address bits (of 32) from memory init port l1d.$auto$proc_memwr.cc:45:proc_memwr$5763 (dirty_arr).
Removed top 26 address bits (of 32) from memory init port l1d.$auto$proc_memwr.cc:45:proc_memwr$5764 (plru).
Removed top 25 address bits (of 32) from memory init port l1d.$auto$proc_memwr.cc:45:proc_memwr$5765 (valid_arr).
Removed top 25 address bits (of 32) from memory init port l1d.$auto$proc_memwr.cc:45:proc_memwr$5766 (dirty_arr).
Removed top 25 address bits (of 32) from memory init port l1d.$auto$proc_memwr.cc:45:proc_memwr$5767 (valid_arr).
Removed top 25 address bits (of 32) from memory init port l1d.$auto$proc_memwr.cc:45:proc_memwr$5768 (dirty_arr).
Removed top 26 address bits (of 32) from memory init port l1d.$auto$proc_memwr.cc:45:proc_memwr$5769 (plru).
Removed top 25 address bits (of 32) from memory init port l1d.$auto$proc_memwr.cc:45:proc_memwr$5792 (valid_arr).
Removed top 26 address bits (of 32) from memory init port l1d.$auto$proc_memwr.cc:45:proc_memwr$5819 (plru).
Removed top 25 address bits (of 32) from memory init port l1d.$auto$proc_memwr.cc:45:proc_memwr$5791 (dirty_arr).
Removed top 25 address bits (of 32) from memory init port l1d.$auto$proc_memwr.cc:45:proc_memwr$5820 (valid_arr).
Removed top 25 address bits (of 32) from memory init port l1d.$auto$proc_memwr.cc:45:proc_memwr$5790 (valid_arr).
Removed top 25 address bits (of 32) from memory init port l1d.$auto$proc_memwr.cc:45:proc_memwr$5821 (dirty_arr).
Removed top 26 address bits (of 32) from memory init port l1d.$auto$proc_memwr.cc:45:proc_memwr$5789 (plru).
Removed top 25 address bits (of 32) from memory init port l1d.$auto$proc_memwr.cc:45:proc_memwr$5822 (valid_arr).
Removed top 25 address bits (of 32) from memory init port l1d.$auto$proc_memwr.cc:45:proc_memwr$5788 (dirty_arr).
Removed top 25 address bits (of 32) from memory init port l1d.$auto$proc_memwr.cc:45:proc_memwr$5823 (dirty_arr).
Removed top 25 address bits (of 32) from memory init port l1d.$auto$proc_memwr.cc:45:proc_memwr$5787 (valid_arr).
Removed top 25 address bits (of 32) from memory init port l1d.$auto$proc_memwr.cc:45:proc_memwr$5786 (dirty_arr).
Removed top 25 address bits (of 32) from memory init port l1d.$auto$proc_memwr.cc:45:proc_memwr$5825 (data_arr).
Removed top 25 address bits (of 32) from memory init port l1d.$auto$proc_memwr.cc:45:proc_memwr$5785 (valid_arr).
Removed top 25 address bits (of 32) from memory init port l1d.$auto$proc_memwr.cc:45:proc_memwr$5826 (dirty_arr).
Removed top 25 address bits (of 32) from memory init port l1d.$auto$proc_memwr.cc:45:proc_memwr$5793 (dirty_arr).
Removed top 25 address bits (of 32) from memory read port l1d.$memrd$\data_arr$../rtl/cache/l1d.sv:181$1799 (data_arr).
Removed top 26 address bits (of 32) from memory init port l1d.$auto$proc_memwr.cc:45:proc_memwr$5794 (plru).
Removed top 25 address bits (of 32) from memory init port l1d.$auto$proc_memwr.cc:45:proc_memwr$5795 (valid_arr).
Removed top 25 address bits (of 32) from memory init port l1d.$auto$proc_memwr.cc:45:proc_memwr$5796 (dirty_arr).
Removed top 25 address bits (of 32) from memory init port l1d.$auto$proc_memwr.cc:45:proc_memwr$5797 (valid_arr).
Removed top 26 address bits (of 32) from memory init port l1d.$auto$proc_memwr.cc:45:proc_memwr$5784 (plru).
Removed top 25 address bits (of 32) from memory init port l1d.$auto$proc_memwr.cc:45:proc_memwr$5798 (dirty_arr).
Removed top 26 address bits (of 32) from memory init port l1d.$auto$proc_memwr.cc:45:proc_memwr$5504 (plru).
Removed top 25 address bits (of 32) from memory init port l1d.$auto$proc_memwr.cc:45:proc_memwr$5783 (dirty_arr).
Removed top 26 address bits (of 32) from memory init port l1d.$auto$proc_memwr.cc:45:proc_memwr$5799 (plru).
Removed top 25 address bits (of 32) from memory init port l1d.$auto$proc_memwr.cc:45:proc_memwr$5505 (valid_arr).
Removed top 25 address bits (of 32) from memory init port l1d.$auto$proc_memwr.cc:45:proc_memwr$5506 (dirty_arr).
Removed top 25 address bits (of 32) from memory init port l1d.$auto$proc_memwr.cc:45:proc_memwr$5782 (valid_arr).
Removed top 25 address bits (of 32) from memory init port l1d.$auto$proc_memwr.cc:45:proc_memwr$5800 (valid_arr).
Removed top 25 address bits (of 32) from memory init port l1d.$auto$proc_memwr.cc:45:proc_memwr$5507 (valid_arr).
Removed top 25 address bits (of 32) from memory init port l1d.$auto$proc_memwr.cc:45:proc_memwr$5508 (dirty_arr).
Removed top 25 address bits (of 32) from memory init port l1d.$auto$proc_memwr.cc:45:proc_memwr$5781 (dirty_arr).
Removed top 25 address bits (of 32) from memory init port l1d.$auto$proc_memwr.cc:45:proc_memwr$5801 (dirty_arr).
Removed top 26 address bits (of 32) from memory init port l1d.$auto$proc_memwr.cc:45:proc_memwr$5509 (plru).
Removed top 25 address bits (of 32) from memory init port l1d.$auto$proc_memwr.cc:45:proc_memwr$5802 (valid_arr).
Removed top 25 address bits (of 32) from memory init port l1d.$auto$proc_memwr.cc:45:proc_memwr$5510 (valid_arr).
Removed top 25 address bits (of 32) from memory init port l1d.$auto$proc_memwr.cc:45:proc_memwr$5803 (dirty_arr).
Removed top 26 address bits (of 32) from memory init port l1d.$auto$proc_memwr.cc:45:proc_memwr$5804 (plru).
Removed top 25 address bits (of 32) from memory init port l1d.$auto$proc_memwr.cc:45:proc_memwr$5511 (dirty_arr).
Removed top 25 address bits (of 32) from memory init port l1d.$auto$proc_memwr.cc:45:proc_memwr$5512 (valid_arr).
Removed top 25 address bits (of 32) from memory init port l1d.$auto$proc_memwr.cc:45:proc_memwr$5805 (valid_arr).
Removed top 25 address bits (of 32) from memory init port l1d.$auto$proc_memwr.cc:45:proc_memwr$5513 (dirty_arr).
Removed top 25 address bits (of 32) from memory init port l1d.$auto$proc_memwr.cc:45:proc_memwr$5806 (dirty_arr).
Removed top 26 address bits (of 32) from memory init port l1d.$auto$proc_memwr.cc:45:proc_memwr$5514 (plru).
Removed top 25 address bits (of 32) from memory init port l1d.$auto$proc_memwr.cc:45:proc_memwr$5780 (valid_arr).
Removed top 25 address bits (of 32) from memory init port l1d.$auto$proc_memwr.cc:45:proc_memwr$5807 (valid_arr).
Removed top 25 address bits (of 32) from memory init port l1d.$auto$proc_memwr.cc:45:proc_memwr$5515 (valid_arr).
Removed top 25 address bits (of 32) from memory init port l1d.$auto$proc_memwr.cc:45:proc_memwr$5516 (dirty_arr).
Removed top 26 address bits (of 32) from memory init port l1d.$auto$proc_memwr.cc:45:proc_memwr$5779 (plru).
Removed top 25 address bits (of 32) from memory init port l1d.$auto$proc_memwr.cc:45:proc_memwr$5808 (dirty_arr).
Removed top 25 address bits (of 32) from memory init port l1d.$auto$proc_memwr.cc:45:proc_memwr$5517 (valid_arr).
Removed top 25 address bits (of 32) from memory init port l1d.$auto$proc_memwr.cc:45:proc_memwr$5518 (dirty_arr).
Removed top 25 address bits (of 32) from memory init port l1d.$auto$proc_memwr.cc:45:proc_memwr$5778 (dirty_arr).
Removed top 26 address bits (of 32) from memory init port l1d.$auto$proc_memwr.cc:45:proc_memwr$5809 (plru).
Removed top 26 address bits (of 32) from memory init port l1d.$auto$proc_memwr.cc:45:proc_memwr$5519 (plru).
Removed top 25 address bits (of 32) from memory init port l1d.$auto$proc_memwr.cc:45:proc_memwr$5520 (valid_arr).
Removed top 25 address bits (of 32) from memory init port l1d.$auto$proc_memwr.cc:45:proc_memwr$5777 (valid_arr).
Removed top 25 address bits (of 32) from memory init port l1d.$auto$proc_memwr.cc:45:proc_memwr$5810 (valid_arr).
Removed top 25 address bits (of 32) from memory init port l1d.$auto$proc_memwr.cc:45:proc_memwr$5521 (dirty_arr).
Removed top 25 address bits (of 32) from memory init port l1d.$auto$proc_memwr.cc:45:proc_memwr$5811 (dirty_arr).
Removed top 25 address bits (of 32) from memory init port l1d.$auto$proc_memwr.cc:45:proc_memwr$5542 (valid_arr).
Removed top 25 address bits (of 32) from memory init port l1d.$auto$proc_memwr.cc:45:proc_memwr$5770 (valid_arr).
Removed top 25 address bits (of 32) from memory init port l1d.$auto$proc_memwr.cc:45:proc_memwr$5812 (valid_arr).
Removed top 25 address bits (of 32) from memory read port l1d.$memrd$\data_arr$../rtl/cache/l1d.sv:260$865 (data_arr).
Removed top 25 address bits (of 32) from memory init port l1d.$auto$proc_memwr.cc:45:proc_memwr$5522 (valid_arr).
Removed top 25 address bits (of 32) from memory init port l1d.$auto$proc_memwr.cc:45:proc_memwr$5813 (dirty_arr).
Removed top 25 address bits (of 32) from memory read port l1d.$memrd$\tag_arr$../rtl/cache/l1d.sv:258$860 (tag_arr).
Removed top 25 address bits (of 32) from memory init port l1d.$auto$proc_memwr.cc:45:proc_memwr$5523 (dirty_arr).
Removed top 26 address bits (of 32) from memory init port l1d.$auto$proc_memwr.cc:45:proc_memwr$5814 (plru).
Removed top 25 address bits (of 32) from memory read port l1d.$memrd$\dirty_arr$../rtl/cache/l1d.sv:256$855 (dirty_arr).
Removed top 26 address bits (of 32) from memory init port l1d.$auto$proc_memwr.cc:45:proc_memwr$5524 (plru).
Removed top 25 address bits (of 32) from memory init port l1d.$auto$proc_memwr.cc:45:proc_memwr$5815 (valid_arr).
Removed top 25 address bits (of 32) from memory read port l1d.$memrd$\valid_arr$../rtl/cache/l1d.sv:256$851 (valid_arr).
Removed top 25 address bits (of 32) from memory init port l1d.$auto$proc_memwr.cc:45:proc_memwr$5525 (valid_arr).
Removed top 25 address bits (of 32) from memory init port l1d.$auto$proc_memwr.cc:45:proc_memwr$5526 (dirty_arr).
Removed top 25 address bits (of 32) from memory init port l1d.$auto$proc_memwr.cc:45:proc_memwr$5527 (valid_arr).
Removed top 25 address bits (of 32) from memory init port l1d.$auto$proc_memwr.cc:45:proc_memwr$5816 (dirty_arr).
Removed top 25 address bits (of 32) from memory init port l1d.$auto$proc_memwr.cc:45:proc_memwr$5528 (dirty_arr).
Removed top 25 address bits (of 32) from memory init port l1d.$auto$proc_memwr.cc:45:proc_memwr$5817 (valid_arr).
Removed top 25 address bits (of 32) from memory init port l1d.$auto$proc_memwr.cc:45:proc_memwr$5543 (dirty_arr).
Removed top 26 address bits (of 32) from memory init port l1d.$auto$proc_memwr.cc:45:proc_memwr$5529 (plru).
Removed top 25 address bits (of 32) from memory init port l1d.$auto$proc_memwr.cc:45:proc_memwr$5818 (dirty_arr).
Removed top 26 address bits (of 32) from memory init port l1d.$auto$proc_memwr.cc:45:proc_memwr$5544 (plru).
Removed top 25 address bits (of 32) from memory init port l1d.$auto$proc_memwr.cc:45:proc_memwr$5771 (dirty_arr).
Removed top 25 address bits (of 32) from memory init port l1d.$auto$proc_memwr.cc:45:proc_memwr$5772 (valid_arr).
Removed top 25 address bits (of 32) from memory init port l1d.$auto$proc_memwr.cc:45:proc_memwr$5530 (valid_arr).
Removed top 25 address bits (of 32) from memory init port l1d.$auto$proc_memwr.cc:45:proc_memwr$5773 (dirty_arr).
Removed top 25 address bits (of 32) from memory init port l1d.$auto$proc_memwr.cc:45:proc_memwr$5531 (dirty_arr).
Removed top 25 address bits (of 32) from memory init port l1d.$auto$proc_memwr.cc:45:proc_memwr$5545 (valid_arr).
Removed top 25 address bits (of 32) from memory init port l1d.$auto$proc_memwr.cc:45:proc_memwr$5532 (valid_arr).
Removed top 25 address bits (of 32) from memory init port l1d.$auto$proc_memwr.cc:45:proc_memwr$5533 (dirty_arr).
Removed top 26 address bits (of 32) from memory init port l1d.$auto$proc_memwr.cc:45:proc_memwr$5534 (plru).
Removed top 25 address bits (of 32) from memory init port l1d.$auto$proc_memwr.cc:45:proc_memwr$5535 (valid_arr).
Removed top 25 address bits (of 32) from memory init port l1d.$auto$proc_memwr.cc:45:proc_memwr$5536 (dirty_arr).
Removed top 25 address bits (of 32) from memory init port l1d.$auto$proc_memwr.cc:45:proc_memwr$5827 (valid_arr).
Removed top 25 address bits (of 32) from memory read port l1d.$memrd$\data_arr$../rtl/cache/l1d.sv:107$740 (data_arr).
Removed top 25 address bits (of 32) from memory init port l1d.$auto$proc_memwr.cc:45:proc_memwr$5537 (valid_arr).
Removed top 25 address bits (of 32) from memory init port l1d.$auto$proc_memwr.cc:45:proc_memwr$5828 (tag_arr).
Removed top 25 address bits (of 32) from memory read port l1d.$memrd$\tag_arr$../rtl/cache/l1d.sv:106$737 (tag_arr).
Removed top 25 address bits (of 32) from memory init port l1d.$auto$proc_memwr.cc:45:proc_memwr$5538 (dirty_arr).
Removed top 25 address bits (of 32) from memory init port l1d.$auto$proc_memwr.cc:45:proc_memwr$5829 (valid_arr).
Removed top 25 address bits (of 32) from memory read port l1d.$memrd$\dirty_arr$../rtl/cache/l1d.sv:105$733 (dirty_arr).
Removed top 25 address bits (of 32) from memory read port l1d.$memrd$\valid_arr$../rtl/cache/l1d.sv:85$716 (valid_arr).
Removed top 25 address bits (of 32) from memory init port l1d.$auto$proc_memwr.cc:45:proc_memwr$5776 (dirty_arr).
Removed top 25 address bits (of 32) from memory init port l1d.$auto$proc_memwr.cc:45:proc_memwr$5831 (data_arr).
Removed top 25 address bits (of 32) from memory read port l1d.$memrd$\valid_arr$../rtl/cache/l1d.sv:84$712 (valid_arr).
Removed top 26 address bits (of 32) from memory init port l1d.$auto$proc_memwr.cc:45:proc_memwr$5539 (plru).
Removed top 25 address bits (of 32) from memory init port l1d.$auto$proc_memwr.cc:45:proc_memwr$5832 (dirty_arr).
Removed top 25 address bits (of 32) from memory read port l1d.$memrd$\tag_arr$../rtl/cache/l1d.sv:80$706 (tag_arr).
Removed top 25 address bits (of 32) from memory init port l1d.$auto$proc_memwr.cc:45:proc_memwr$5540 (valid_arr).
Removed top 25 address bits (of 32) from memory init port l1d.$auto$proc_memwr.cc:45:proc_memwr$5833 (data_arr).
Removed top 25 address bits (of 32) from memory init port l1d.$auto$proc_memwr.cc:45:proc_memwr$5546 (dirty_arr).
Removed top 25 address bits (of 32) from memory init port l1d.$auto$proc_memwr.cc:45:proc_memwr$5775 (valid_arr).
Removed top 25 address bits (of 32) from memory init port l1d.$auto$proc_memwr.cc:45:proc_memwr$5834 (dirty_arr).
Removed top 25 address bits (of 32) from memory read port l1d.$memrd$\tag_arr$../rtl/cache/l1d.sv:79$698 (tag_arr).
Removed top 26 address bits (of 32) from memory init port l1d.$auto$proc_memwr.cc:45:proc_memwr$5774 (plru).
Removed top 25 address bits (of 32) from memory init port l1d.$auto$proc_memwr.cc:45:proc_memwr$5835 (dirty_arr).
Removed top 25 address bits (of 32) from memory init port l1d.$auto$proc_memwr.cc:45:proc_memwr$5541 (dirty_arr).
Removed top 25 bits (of 32) from port A of cell l1d.$add$../rtl/cache/l1d.sv:85$718 ($add).
Removed top 31 bits (of 32) from port B of cell l1d.$add$../rtl/cache/l1d.sv:85$718 ($add).
Removed top 25 bits (of 32) from port Y of cell l1d.$add$../rtl/cache/l1d.sv:85$718 ($add).
Removed top 27 bits (of 32) from port B of cell l1d.$le$../rtl/cache/l1d.sv:169$747 ($le).
Removed top 31 bits (of 32) from port B of cell l1d.$gt$../rtl/cache/l1d.sv:192$769 ($gt).
Removed top 25 bits (of 32) from port A of cell l1d.$add$../rtl/cache/l1d.sv:260$867 ($add).
Removed top 24 bits (of 32) from port Y of cell l1d.$add$../rtl/cache/l1d.sv:260$867 ($add).
Removed top 23 bits (of 33) from port A of cell l1d.$neg$../rtl/cache/l1d.sv:125$1675 ($neg).
Converting cell l1d.$neg$../rtl/cache/l1d.sv:125$1675 ($neg) from signed to unsigned.
Removed top 1 bits (of 10) from port A of cell l1d.$neg$../rtl/cache/l1d.sv:125$1675 ($neg).
Removed top 25 bits (of 32) from port A of cell l1d.$add$../rtl/cache/l1d.sv:286$1688 ($add).
Removed top 24 bits (of 32) from port Y of cell l1d.$add$../rtl/cache/l1d.sv:286$1688 ($add).
Removed top 23 bits (of 33) from port A of cell l1d.$neg$../rtl/cache/l1d.sv:125$1782 ($neg).
Converting cell l1d.$neg$../rtl/cache/l1d.sv:125$1782 ($neg) from signed to unsigned.
Removed top 1 bits (of 10) from port A of cell l1d.$neg$../rtl/cache/l1d.sv:125$1782 ($neg).
Removed top 25 bits (of 32) from port A of cell l1d.$add$../rtl/cache/l1d.sv:302$1792 ($add).
Removed top 24 bits (of 32) from port Y of cell l1d.$add$../rtl/cache/l1d.sv:302$1792 ($add).
Removed top 25 bits (of 32) from port A of cell l1d.$add$../rtl/cache/l1d.sv:181$1801 ($add).
Removed top 24 bits (of 32) from port Y of cell l1d.$add$../rtl/cache/l1d.sv:181$1801 ($add).
Removed top 22 bits (of 32) from port B of cell l1d.$shiftx$../rtl/cache/l1d.sv:112$1805 ($shiftx).
Removed top 22 bits (of 32) from port B of cell l1d.$shiftx$../rtl/cache/l1d.sv:113$1808 ($shiftx).
Removed top 22 bits (of 32) from port B of cell l1d.$shiftx$../rtl/cache/l1d.sv:114$1811 ($shiftx).
Removed top 22 bits (of 32) from port B of cell l1d.$shiftx$../rtl/cache/l1d.sv:115$1814 ($shiftx).
Removed top 22 bits (of 32) from port B of cell l1d.$shiftx$../rtl/cache/l1d.sv:112$1824 ($shiftx).
Removed top 22 bits (of 32) from port B of cell l1d.$shiftx$../rtl/cache/l1d.sv:113$1827 ($shiftx).
Removed top 22 bits (of 32) from port B of cell l1d.$shiftx$../rtl/cache/l1d.sv:114$1830 ($shiftx).
Removed top 22 bits (of 32) from port B of cell l1d.$shiftx$../rtl/cache/l1d.sv:115$1833 ($shiftx).
Removed top 1 bits (of 2) from port B of cell l1d.$procmux$2181_CMP0 ($eq).
Removed top 1 bits (of 2) from port B of cell l1d.$procmux$2593_CMP0 ($eq).
Removed top 25 bits (of 32) from mux cell l1d.$procmux$3862 ($mux).
Removed top 25 bits (of 32) from mux cell l1d.$procmux$3877 ($mux).
Removed top 25 bits (of 32) from mux cell l1d.$procmux$3901 ($mux).
Removed top 25 bits (of 32) from mux cell l1d.$procmux$3907 ($mux).
Removed top 25 bits (of 32) from mux cell l1d.$procmux$3922 ($mux).
Removed top 25 bits (of 32) from mux cell l1d.$procmux$4117 ($mux).
Removed top 25 bits (of 32) from mux cell l1d.$procmux$2439 ($mux).
Removed top 25 bits (of 32) from mux cell l1d.$procmux$2469 ($mux).
Removed top 25 bits (of 32) from mux cell l1d.$procmux$2571 ($mux).
Removed top 25 bits (of 32) from mux cell l1d.$procmux$2583 ($mux).
Removed top 25 bits (of 32) from mux cell l1d.$procmux$2806 ($mux).
Removed top 25 bits (of 32) from mux cell l1d.$procmux$4099 ($mux).
Removed top 1 bits (of 8) from port Y of cell l1d.$add$../rtl/cache/l1d.sv:286$1688 ($add).
Removed top 25 bits (of 32) from mux cell l1d.$procmux$2281 ($mux).
Removed top 25 bits (of 32) from mux cell l1d.$procmux$2407 ($mux).
Removed top 25 bits (of 32) from mux cell l1d.$procmux$2693 ($mux).
Removed top 25 bits (of 32) from mux cell l1d.$procmux$4084 ($mux).
Removed top 1 bits (of 8) from port Y of cell l1d.$add$../rtl/cache/l1d.sv:302$1792 ($add).
Removed top 1 bits (of 8) from port Y of cell l1d.$add$../rtl/cache/l1d.sv:181$1801 ($add).
Removed top 25 bits (of 32) from mux cell l1d.$procmux$4063 ($mux).
Removed top 25 bits (of 32) from mux cell l1d.$procmux$4037 ($mux).
Removed top 1 bits (of 8) from port Y of cell l1d.$add$../rtl/cache/l1d.sv:260$867 ($add).
Removed top 25 bits (of 32) from wire l1d.$0$memwr$\data_arr$../rtl/cache/l1d.sv:278$685_ADDR[31:0]$1211.
Removed top 25 bits (of 32) from wire l1d.$3$memwr$\data_arr$../rtl/cache/l1d.sv:278$685_ADDR[31:0]$1629.
Removed top 25 bits (of 32) from wire l1d.$add$../rtl/cache/l1d.sv:80$705_Y.
Removed top 25 bits (of 32) from wire l1d.$3$memwr$\data_arr$../rtl/cache/l1d.sv:301$693_ADDR[31:0]$1739.
Removed top 25 bits (of 32) from wire l1d.$2$memwr$\data_arr$../rtl/cache/l1d.sv:278$685_ADDR[31:0]$1615.
Removed top 25 bits (of 32) from wire l1d.$3$memwr$\data_arr$../rtl/cache/l1d.sv:298$691_ADDR[31:0]$1734.
Removed top 25 bits (of 32) from wire l1d.$add$../rtl/cache/l1d.sv:105$735_Y.
Removed top 25 bits (of 32) from wire l1d.$add$../rtl/cache/l1d.sv:294$1722_Y.
Removed top 25 bits (of 32) from wire l1d.$add$../rtl/cache/l1d.sv:181$1801_Y.
Removed top 25 bits (of 32) from wire l1d.$2$memwr$\data_arr$../rtl/cache/l1d.sv:301$693_ADDR[31:0]$1716.
Removed top 25 bits (of 32) from wire l1d.$2$memwr$\data_arr$../rtl/cache/l1d.sv:298$691_ADDR[31:0]$1711.
Removed top 25 bits (of 32) from wire l1d.$2$memwr$\tag_arr$../rtl/cache/l1d.sv:294$688_ADDR[31:0]$1703.
Removed top 25 bits (of 32) from wire l1d.$0$memwr$\dirty_arr$../rtl/cache/l1d.sv:243$363_ADDR[31:0]$819.
Removed top 25 bits (of 32) from wire l1d.$2$memwr$\valid_arr$../rtl/cache/l1d.sv:286$687_ADDR[31:0]$1685.
Removed top 25 bits (of 32) from wire l1d.$2$memwr$\dirty_arr$../rtl/cache/l1d.sv:243$363_ADDR[31:0]$825.
Removed top 25 bits (of 32) from wire l1d.$3$memwr$\dirty_arr$../rtl/cache/l1d.sv:243$363_ADDR[31:0]$830.
Removed top 25 bits (of 32) from wire l1d.$add$../rtl/cache/l1d.sv:241$834_Y.
Removed top 25 bits (of 32) from wire l1d.$0$memwr$\data_arr$../rtl/cache/l1d.sv:301$693_ADDR[31:0]$1231.
Removed top 25 bits (of 32) from wire l1d.$0$memwr$\data_arr$../rtl/cache/l1d.sv:298$691_ADDR[31:0]$1226.
Removed top 25 bits (of 32) from wire l1d.$4$memwr$\dirty_arr$../rtl/cache/l1d.sv:243$363_ADDR[31:0]$839.
Removed top 25 bits (of 32) from wire l1d.$0$memwr$\tag_arr$../rtl/cache/l1d.sv:294$688_ADDR[31:0]$1218.
Removed top 25 bits (of 32) from wire l1d.$0$memwr$\valid_arr$../rtl/cache/l1d.sv:286$687_ADDR[31:0]$1216.
Removed top 25 bits (of 32) from wire l1d.$5$memwr$\dirty_arr$../rtl/cache/l1d.sv:243$363_ADDR[31:0]$841.
Removed top 30 address bits (of 32) from memory init port $paramod$3b3ebe2a805de999e571f1f6aa39b69c15a9144c\mshr.$auto$proc_memwr.cc:45:proc_memwr$5840 (st).
Removed top 30 address bits (of 32) from memory init port $paramod$3b3ebe2a805de999e571f1f6aa39b69c15a9144c\mshr.$auto$proc_memwr.cc:45:proc_memwr$5841 (st).
Removed top 30 address bits (of 32) from memory read port $paramod$3b3ebe2a805de999e571f1f6aa39b69c15a9144c\mshr.$memrd$\st$../rtl/cache/mshr.sv:120$1999 (st).
Removed top 30 address bits (of 32) from memory read port $paramod$3b3ebe2a805de999e571f1f6aa39b69c15a9144c\mshr.$memrd$\st$../rtl/cache/mshr.sv:120$1996 (st).
Removed top 30 address bits (of 32) from memory read port $paramod$3b3ebe2a805de999e571f1f6aa39b69c15a9144c\mshr.$memrd$\st$../rtl/cache/mshr.sv:120$1993 (st).
Removed top 30 address bits (of 32) from memory read port $paramod$3b3ebe2a805de999e571f1f6aa39b69c15a9144c\mshr.$memrd$\st$../rtl/cache/mshr.sv:120$1990 (st).
Removed top 30 address bits (of 32) from memory read port $paramod$3b3ebe2a805de999e571f1f6aa39b69c15a9144c\mshr.$memrd$\way_r$../rtl/cache/mshr.sv:112$1986 (way_r).
Removed top 30 address bits (of 32) from memory init port $paramod$3b3ebe2a805de999e571f1f6aa39b69c15a9144c\mshr.$auto$proc_memwr.cc:45:proc_memwr$5842 (st).
Removed top 30 address bits (of 32) from memory read port $paramod$3b3ebe2a805de999e571f1f6aa39b69c15a9144c\mshr.$memrd$\addr_r$../rtl/cache/mshr.sv:111$1981 (addr_r).
Removed top 30 address bits (of 32) from memory read port $paramod$3b3ebe2a805de999e571f1f6aa39b69c15a9144c\mshr.$memrd$\way_r$../rtl/cache/mshr.sv:112$1979 (way_r).
Removed top 30 address bits (of 32) from memory init port $paramod$3b3ebe2a805de999e571f1f6aa39b69c15a9144c\mshr.$auto$proc_memwr.cc:45:proc_memwr$5843 (st).
Removed top 30 address bits (of 32) from memory read port $paramod$3b3ebe2a805de999e571f1f6aa39b69c15a9144c\mshr.$memrd$\addr_r$../rtl/cache/mshr.sv:111$1974 (addr_r).
Removed top 30 address bits (of 32) from memory read port $paramod$3b3ebe2a805de999e571f1f6aa39b69c15a9144c\mshr.$memrd$\way_r$../rtl/cache/mshr.sv:112$1972 (way_r).
Removed top 30 address bits (of 32) from memory read port $paramod$3b3ebe2a805de999e571f1f6aa39b69c15a9144c\mshr.$memrd$\addr_r$../rtl/cache/mshr.sv:111$1967 (addr_r).
Removed top 30 address bits (of 32) from memory read port $paramod$3b3ebe2a805de999e571f1f6aa39b69c15a9144c\mshr.$memrd$\way_r$../rtl/cache/mshr.sv:112$1965 (way_r).
Removed top 30 address bits (of 32) from memory read port $paramod$3b3ebe2a805de999e571f1f6aa39b69c15a9144c\mshr.$memrd$\addr_r$../rtl/cache/mshr.sv:111$1960 (addr_r).
Removed top 30 address bits (of 32) from memory read port $paramod$3b3ebe2a805de999e571f1f6aa39b69c15a9144c\mshr.$memrd$\vdirty_r$../rtl/cache/mshr.sv:102$1951 (vdirty_r).
Removed top 30 address bits (of 32) from memory read port $paramod$3b3ebe2a805de999e571f1f6aa39b69c15a9144c\mshr.$memrd$\vaddr_r$../rtl/cache/mshr.sv:102$1950 (vaddr_r).
Removed top 30 address bits (of 32) from memory read port $paramod$3b3ebe2a805de999e571f1f6aa39b69c15a9144c\mshr.$memrd$\vdirty_r$../rtl/cache/mshr.sv:102$1941 (vdirty_r).
Removed top 30 address bits (of 32) from memory read port $paramod$3b3ebe2a805de999e571f1f6aa39b69c15a9144c\mshr.$memrd$\vaddr_r$../rtl/cache/mshr.sv:102$1940 (vaddr_r).
Removed top 30 address bits (of 32) from memory read port $paramod$3b3ebe2a805de999e571f1f6aa39b69c15a9144c\mshr.$memrd$\vdirty_r$../rtl/cache/mshr.sv:102$1931 (vdirty_r).
Removed top 30 address bits (of 32) from memory read port $paramod$3b3ebe2a805de999e571f1f6aa39b69c15a9144c\mshr.$memrd$\vaddr_r$../rtl/cache/mshr.sv:102$1930 (vaddr_r).
Removed top 30 address bits (of 32) from memory read port $paramod$3b3ebe2a805de999e571f1f6aa39b69c15a9144c\mshr.$memrd$\vdirty_r$../rtl/cache/mshr.sv:102$1921 (vdirty_r).
Removed top 30 address bits (of 32) from memory read port $paramod$3b3ebe2a805de999e571f1f6aa39b69c15a9144c\mshr.$memrd$\vaddr_r$../rtl/cache/mshr.sv:102$1920 (vaddr_r).
Removed top 2 bits (of 3) from port B of cell $paramod$3b3ebe2a805de999e571f1f6aa39b69c15a9144c\mshr.$eq$../rtl/cache/mshr.sv:91$1873 ($eq).
Removed top 1 bits (of 3) from port B of cell $paramod$3b3ebe2a805de999e571f1f6aa39b69c15a9144c\mshr.$eq$../rtl/cache/mshr.sv:91$1875 ($eq).
Removed top 2 bits (of 3) from port B of cell $paramod$3b3ebe2a805de999e571f1f6aa39b69c15a9144c\mshr.$eq$../rtl/cache/mshr.sv:91$1882 ($eq).
Removed top 1 bits (of 3) from port B of cell $paramod$3b3ebe2a805de999e571f1f6aa39b69c15a9144c\mshr.$eq$../rtl/cache/mshr.sv:91$1884 ($eq).
Removed top 2 bits (of 3) from port B of cell $paramod$3b3ebe2a805de999e571f1f6aa39b69c15a9144c\mshr.$eq$../rtl/cache/mshr.sv:91$1891 ($eq).
Removed top 1 bits (of 3) from port B of cell $paramod$3b3ebe2a805de999e571f1f6aa39b69c15a9144c\mshr.$eq$../rtl/cache/mshr.sv:91$1893 ($eq).
Removed top 2 bits (of 3) from port B of cell $paramod$3b3ebe2a805de999e571f1f6aa39b69c15a9144c\mshr.$eq$../rtl/cache/mshr.sv:91$1900 ($eq).
Removed top 1 bits (of 3) from port B of cell $paramod$3b3ebe2a805de999e571f1f6aa39b69c15a9144c\mshr.$eq$../rtl/cache/mshr.sv:91$1902 ($eq).
Removed top 1 bits (of 3) from mux cell $paramod$3b3ebe2a805de999e571f1f6aa39b69c15a9144c\mshr.$ternary$../rtl/cache/mshr.sv:156$2143 ($mux).
Removed top 2 bits (of 3) from port B of cell $paramod$3b3ebe2a805de999e571f1f6aa39b69c15a9144c\mshr.$eq$../rtl/cache/mshr.sv:160$2150 ($eq).
Removed top 2 bits (of 3) from mux cell $paramod$3b3ebe2a805de999e571f1f6aa39b69c15a9144c\mshr.$procmux$4828 ($mux).
Removed top 1 bits (of 3) from wire $paramod$3b3ebe2a805de999e571f1f6aa39b69c15a9144c\mshr.$ternary$../rtl/cache/mshr.sv:156$2143_Y.
Removed top 2 bits (of 3) from wire $paramod$3b3ebe2a805de999e571f1f6aa39b69c15a9144c\mshr.$1\busy_cnt[2:0].

4.10. Executing PEEPOPT pass (run peephole optimizers).
shiftpow2 pattern in l1d: shift=$shiftx$../rtl/cache/l1d.sv:112$1824, index=\commit_addr [5:0], stride=8, width=8, ways=64
shiftpow2 pattern in l1d: shift=$shiftx$../rtl/cache/l1d.sv:112$1805, index=\req_addr [5:0], stride=8, width=8, ways=64

4.11. Executing OPT_CLEAN pass (remove unused cells and wires).
Finding unused cells or wires in module \l1d..
Finding unused cells or wires in module $paramod$3b3ebe2a805de999e571f1f6aa39b69c15a9144c\mshr..
Removed 0 unused cells and 25 unused wires.
<suppressed ~2 debug messages>

4.12. Executing ALUMACC pass (create $alu and $macc cells).
Extracting $alu and $macc cells in module l1d:
  creating $macc model for $add$../rtl/cache/l1d.sv:181$1801 ($add).
  creating $macc model for $add$../rtl/cache/l1d.sv:302$1792 ($add).
  creating $macc model for $neg$../rtl/cache/l1d.sv:125$1782 ($neg).
  creating $macc model for $add$../rtl/cache/l1d.sv:291$1692 ($add).
  creating $macc model for $add$../rtl/cache/l1d.sv:288$1691 ($add).
  creating $macc model for $add$../rtl/cache/l1d.sv:287$1689 ($add).
  creating $macc model for $add$../rtl/cache/l1d.sv:286$1688 ($add).
  creating $macc model for $add$../rtl/cache/l1d.sv:282$1684 ($add).
  creating $macc model for $add$../rtl/cache/l1d.sv:281$1682 ($add).
  creating $macc model for $neg$../rtl/cache/l1d.sv:125$1675 ($neg).
  creating $macc model for $add$../rtl/cache/l1d.sv:260$867 ($add).
  creating $macc model for $add$../rtl/cache/l1d.sv:249$849 ($add).
  creating $macc model for $add$../rtl/cache/l1d.sv:215$817 ($add).
  creating $macc model for $sub$../rtl/cache/l1d.sv:209$814 ($sub).
  creating $macc model for $add$../rtl/cache/l1d.sv:209$813 ($add).
  creating $macc model for $add$../rtl/cache/l1d.sv:208$812 ($add).
  creating $macc model for $add$../rtl/cache/l1d.sv:206$810 ($add).
  creating $macc model for $add$../rtl/cache/l1d.sv:191$768 ($add).
  creating $macc model for $add$../rtl/cache/l1d.sv:85$718 ($add).
  merging $macc model for $add$../rtl/cache/l1d.sv:209$813 into $sub$../rtl/cache/l1d.sv:209$814.
  creating $alu model for $macc $add$../rtl/cache/l1d.sv:191$768.
  creating $alu model for $macc $add$../rtl/cache/l1d.sv:206$810.
  creating $alu model for $macc $add$../rtl/cache/l1d.sv:208$812.
  creating $alu model for $macc $add$../rtl/cache/l1d.sv:85$718.
  creating $alu model for $macc $add$../rtl/cache/l1d.sv:215$817.
  creating $alu model for $macc $add$../rtl/cache/l1d.sv:249$849.
  creating $alu model for $macc $add$../rtl/cache/l1d.sv:260$867.
  creating $alu model for $macc $neg$../rtl/cache/l1d.sv:125$1675.
  creating $alu model for $macc $add$../rtl/cache/l1d.sv:281$1682.
  creating $alu model for $macc $add$../rtl/cache/l1d.sv:282$1684.
  creating $alu model for $macc $add$../rtl/cache/l1d.sv:286$1688.
  creating $alu model for $macc $add$../rtl/cache/l1d.sv:287$1689.
  creating $alu model for $macc $add$../rtl/cache/l1d.sv:288$1691.
  creating $alu model for $macc $add$../rtl/cache/l1d.sv:291$1692.
  creating $alu model for $macc $neg$../rtl/cache/l1d.sv:125$1782.
  creating $alu model for $macc $add$../rtl/cache/l1d.sv:302$1792.
  creating $alu model for $macc $add$../rtl/cache/l1d.sv:181$1801.
  creating $macc cell for $sub$../rtl/cache/l1d.sv:209$814: $auto$alumacc.cc:399:replace_macc$5955
  creating $alu model for $gt$../rtl/cache/l1d.sv:192$769 ($gt): new $alu
  creating $alu model for $le$../rtl/cache/l1d.sv:169$747 ($le): new $alu
  creating $alu cell for $le$../rtl/cache/l1d.sv:169$747: $auto$alumacc.cc:548:replace_alu$5958
  creating $alu cell for $gt$../rtl/cache/l1d.sv:192$769: $auto$alumacc.cc:548:replace_alu$5967
  creating $alu cell for $add$../rtl/cache/l1d.sv:181$1801: $auto$alumacc.cc:548:replace_alu$5978
  creating $alu cell for $add$../rtl/cache/l1d.sv:302$1792: $auto$alumacc.cc:548:replace_alu$5981
  creating $alu cell for $neg$../rtl/cache/l1d.sv:125$1782: $auto$alumacc.cc:548:replace_alu$5984
  creating $alu cell for $add$../rtl/cache/l1d.sv:291$1692: $auto$alumacc.cc:548:replace_alu$5987
  creating $alu cell for $add$../rtl/cache/l1d.sv:288$1691: $auto$alumacc.cc:548:replace_alu$5990
  creating $alu cell for $add$../rtl/cache/l1d.sv:287$1689: $auto$alumacc.cc:548:replace_alu$5993
  creating $alu cell for $add$../rtl/cache/l1d.sv:286$1688: $auto$alumacc.cc:548:replace_alu$5996
  creating $alu cell for $add$../rtl/cache/l1d.sv:282$1684: $auto$alumacc.cc:548:replace_alu$5999
  creating $alu cell for $add$../rtl/cache/l1d.sv:281$1682: $auto$alumacc.cc:548:replace_alu$6002
  creating $alu cell for $neg$../rtl/cache/l1d.sv:125$1675: $auto$alumacc.cc:548:replace_alu$6005
  creating $alu cell for $add$../rtl/cache/l1d.sv:260$867: $auto$alumacc.cc:548:replace_alu$6008
  creating $alu cell for $add$../rtl/cache/l1d.sv:249$849: $auto$alumacc.cc:548:replace_alu$6011
  creating $alu cell for $add$../rtl/cache/l1d.sv:215$817: $auto$alumacc.cc:548:replace_alu$6014
  creating $alu cell for $add$../rtl/cache/l1d.sv:85$718: $auto$alumacc.cc:548:replace_alu$6017
  creating $alu cell for $add$../rtl/cache/l1d.sv:208$812: $auto$alumacc.cc:548:replace_alu$6020
  creating $alu cell for $add$../rtl/cache/l1d.sv:206$810: $auto$alumacc.cc:548:replace_alu$6023
  creating $alu cell for $add$../rtl/cache/l1d.sv:191$768: $auto$alumacc.cc:548:replace_alu$6026
  created 19 $alu and 1 $macc cells.
Extracting $alu and $macc cells in module $paramod$3b3ebe2a805de999e571f1f6aa39b69c15a9144c\mshr:
  creating $macc model for $add$../rtl/cache/mshr.sv:120$2001 ($add).
  creating $macc model for $add$../rtl/cache/mshr.sv:120$1998 ($add).
  creating $macc model for $add$../rtl/cache/mshr.sv:120$1995 ($add).
  creating $alu model for $macc $add$../rtl/cache/mshr.sv:120$1995.
  creating $alu model for $macc $add$../rtl/cache/mshr.sv:120$1998.
  creating $alu model for $macc $add$../rtl/cache/mshr.sv:120$2001.
  creating $alu cell for $add$../rtl/cache/mshr.sv:120$2001: $auto$alumacc.cc:548:replace_alu$6029
  creating $alu cell for $add$../rtl/cache/mshr.sv:120$1998: $auto$alumacc.cc:548:replace_alu$6032
  creating $alu cell for $add$../rtl/cache/mshr.sv:120$1995: $auto$alumacc.cc:548:replace_alu$6035
  created 3 $alu and 0 $macc cells.

4.13. Executing SHARE pass (SAT-based resource sharing).
Found 4 cells in module l1d that may be considered for resource sharing.
  Analyzing resource sharing options for $memrd$\plru$../rtl/cache/l1d.sv:99$729 ($memrd):
    Found 1 activation_patterns using ctrl signal { $logic_and$../rtl/cache/l1d.sv:99$728_Y $logic_and$../rtl/cache/l1d.sv:98$727_Y $logic_and$../rtl/cache/l1d.sv:97$726_Y $logic_and$../rtl/cache/l1d.sv:96$725_Y }.
    No candidates found.
  Analyzing resource sharing options for $memrd$\tag_arr$../rtl/cache/l1d.sv:258$860 ($memrd):
    Found 1 activation_patterns using ctrl signal \fl_busy.
    No candidates found.
  Analyzing resource sharing options for $memrd$\data_arr$../rtl/cache/l1d.sv:260$865 ($memrd):
    Found 1 activation_patterns using ctrl signal \fl_busy.
    Found 1 candidates: $memrd$\data_arr$../rtl/cache/l1d.sv:181$1799
    Analyzing resource sharing with $memrd$\data_arr$../rtl/cache/l1d.sv:181$1799 ($memrd):
      Found 4 activation_patterns using ctrl signal { $procmux$2175_CMP $procmux$2174_CMP $procmux$2173_CMP \hit_accept \rst_n }.
      Activation pattern for cell $memrd$\data_arr$../rtl/cache/l1d.sv:260$865: \fl_busy = 1'1
      Activation pattern for cell $memrd$\data_arr$../rtl/cache/l1d.sv:181$1799: { $procmux$2175_CMP $procmux$2174_CMP $procmux$2173_CMP \hit_accept \rst_n } = 5'00011
      Activation pattern for cell $memrd$\data_arr$../rtl/cache/l1d.sv:181$1799: { $procmux$2173_CMP \hit_accept \rst_n } = 3'111
      Activation pattern for cell $memrd$\data_arr$../rtl/cache/l1d.sv:181$1799: { $procmux$2174_CMP \hit_accept \rst_n } = 3'111
      Activation pattern for cell $memrd$\data_arr$../rtl/cache/l1d.sv:181$1799: { $procmux$2175_CMP \hit_accept \rst_n } = 3'111
      Size of SAT problem: 25 cells, 760 variables, 1799 clauses
      According to the SAT solver this pair of cells can not be shared.
      Model from SAT solver: { $procmux$2175_CMP $procmux$2174_CMP $procmux$2173_CMP \fl_busy \hit_accept \rst_n } = 6'100111
  Analyzing resource sharing options for $memrd$\data_arr$../rtl/cache/l1d.sv:181$1799 ($memrd):
    Found 4 activation_patterns using ctrl signal { $procmux$2175_CMP $procmux$2174_CMP $procmux$2173_CMP \hit_accept \rst_n }.
    No candidates found.
Found 2 cells in module $paramod$3b3ebe2a805de999e571f1f6aa39b69c15a9144c\mshr that may be considered for resource sharing.
  Analyzing resource sharing options for $memrd$\vaddr_r$../rtl/cache/mshr.sv:128$2006 ($memrd):
    Found 1 activation_patterns using ctrl signal \mem_req_we.
    No candidates found.
  Analyzing resource sharing options for $memrd$\addr_r$../rtl/cache/mshr.sv:128$2165 ($memrd):
    Found 1 activation_patterns using ctrl signal \mem_req_we.
    No candidates found.

4.14. Executing OPT pass (performing simple optimizations).

4.14.1. Executing OPT_EXPR pass (perform const folding).
Optimizing module l1d.
<suppressed ~5 debug messages>
Optimizing module $paramod$3b3ebe2a805de999e571f1f6aa39b69c15a9144c\mshr.

4.14.2. Executing OPT_MERGE pass (detect identical cells).
Finding identical cells in module `\l1d'.
Computing hashes of 605 cells of `\l1d'.
Finding duplicate cells in `\l1d'.
Finding identical cells in module `$paramod$3b3ebe2a805de999e571f1f6aa39b69c15a9144c\mshr'.
Computing hashes of 216 cells of `$paramod$3b3ebe2a805de999e571f1f6aa39b69c15a9144c\mshr'.
Finding duplicate cells in `$paramod$3b3ebe2a805de999e571f1f6aa39b69c15a9144c\mshr'.
Removed a total of 0 cells.

4.14.3. Executing OPT_MUXTREE pass (detect dead branches in mux trees).
Running muxtree optimizer on module \l1d..
  Creating internal representation of mux trees.
  Evaluating internal representation of mux trees.
  Analyzing evaluation results.
Running muxtree optimizer on module $paramod$3b3ebe2a805de999e571f1f6aa39b69c15a9144c\mshr..
  Creating internal representation of mux trees.
  Evaluating internal representation of mux trees.
  Analyzing evaluation results.
Removed 0 multiplexer ports.
<suppressed ~457 debug messages>

4.14.4. Executing OPT_REDUCE pass (consolidate $*mux and $reduce_* inputs).
  Optimizing cells in module \l1d.
  Optimizing cells in module $paramod$3b3ebe2a805de999e571f1f6aa39b69c15a9144c\mshr.
Performed a total of 0 changes.

4.14.5. Executing OPT_MERGE pass (detect identical cells).
Finding identical cells in module `\l1d'.
Computing hashes of 605 cells of `\l1d'.
Finding duplicate cells in `\l1d'.
Finding identical cells in module `$paramod$3b3ebe2a805de999e571f1f6aa39b69c15a9144c\mshr'.
Computing hashes of 216 cells of `$paramod$3b3ebe2a805de999e571f1f6aa39b69c15a9144c\mshr'.
Finding duplicate cells in `$paramod$3b3ebe2a805de999e571f1f6aa39b69c15a9144c\mshr'.
Removed a total of 0 cells.

4.14.6. Executing OPT_DFF pass (perform DFF optimizations).

4.14.7. Executing OPT_CLEAN pass (remove unused cells and wires).
Finding unused cells or wires in module \l1d..
Finding unused cells or wires in module $paramod$3b3ebe2a805de999e571f1f6aa39b69c15a9144c\mshr..
Removed 1 unused cells and 8 unused wires.
<suppressed ~3 debug messages>

4.14.8. Executing OPT_EXPR pass (perform const folding).
Optimizing module l1d.
Optimizing module $paramod$3b3ebe2a805de999e571f1f6aa39b69c15a9144c\mshr.

4.14.9. Rerunning OPT passes. (Maybe there is more to do..)

4.14.10. Executing OPT_MUXTREE pass (detect dead branches in mux trees).
Running muxtree optimizer on module \l1d..
  Creating internal representation of mux trees.
  Evaluating internal representation of mux trees.
  Analyzing evaluation results.
Running muxtree optimizer on module $paramod$3b3ebe2a805de999e571f1f6aa39b69c15a9144c\mshr..
  Creating internal representation of mux trees.
  Evaluating internal representation of mux trees.
  Analyzing evaluation results.
Removed 0 multiplexer ports.
<suppressed ~457 debug messages>

4.14.11. Executing OPT_REDUCE pass (consolidate $*mux and $reduce_* inputs).
  Optimizing cells in module \l1d.
  Optimizing cells in module $paramod$3b3ebe2a805de999e571f1f6aa39b69c15a9144c\mshr.
Performed a total of 0 changes.

4.14.12. Executing OPT_MERGE pass (detect identical cells).
Finding identical cells in module `\l1d'.
Computing hashes of 603 cells of `\l1d'.
Finding duplicate cells in `\l1d'.
Finding identical cells in module `$paramod$3b3ebe2a805de999e571f1f6aa39b69c15a9144c\mshr'.
Computing hashes of 216 cells of `$paramod$3b3ebe2a805de999e571f1f6aa39b69c15a9144c\mshr'.
Finding duplicate cells in `$paramod$3b3ebe2a805de999e571f1f6aa39b69c15a9144c\mshr'.
Removed a total of 0 cells.

4.14.13. Executing OPT_DFF pass (perform DFF optimizations).

4.14.14. Executing OPT_CLEAN pass (remove unused cells and wires).
Finding unused cells or wires in module \l1d..
Finding unused cells or wires in module $paramod$3b3ebe2a805de999e571f1f6aa39b69c15a9144c\mshr..

4.14.15. Executing OPT_EXPR pass (perform const folding).
Optimizing module l1d.
Optimizing module $paramod$3b3ebe2a805de999e571f1f6aa39b69c15a9144c\mshr.

4.14.16. Finished fast OPT passes. (There is nothing left to do.)

4.15. Executing MEMORY pass.

4.15.1. Executing OPT_MEM pass (optimize memories).
Performed a total of 0 transformations.

4.15.2. Executing OPT_MEM_PRIORITY pass (removing unnecessary memory write priority relations).
Performed a total of 18285 transformations.

4.15.3. Executing OPT_MEM_FEEDBACK pass (finding memory read-to-write feedback paths).
  Analyzing l1d.fifo_data write port 0.
  Analyzing l1d.fifo_data write port 1.
  Analyzing l1d.fifo_tag write port 0.
  Analyzing l1d.fifo_tag write port 1.
  Analyzing l1d.plru write port 0.
  Analyzing l1d.plru write port 1.
  Analyzing l1d.plru write port 2.
  Analyzing l1d.plru write port 3.
  Analyzing l1d.plru write port 4.
  Analyzing l1d.plru write port 5.
  Analyzing l1d.plru write port 6.
  Analyzing l1d.plru write port 7.
  Analyzing l1d.plru write port 8.
  Analyzing l1d.plru write port 9.
  Analyzing l1d.plru write port 10.
  Analyzing l1d.plru write port 11.
  Analyzing l1d.plru write port 12.
  Analyzing l1d.plru write port 13.
  Analyzing l1d.plru write port 14.
  Analyzing l1d.plru write port 15.
  Analyzing l1d.plru write port 16.
  Analyzing l1d.plru write port 17.
  Analyzing l1d.plru write port 18.
  Analyzing l1d.plru write port 19.
  Analyzing l1d.plru write port 20.
  Analyzing l1d.plru write port 21.
  Analyzing l1d.plru write port 22.
  Analyzing l1d.plru write port 23.
  Analyzing l1d.plru write port 24.
  Analyzing l1d.plru write port 25.
  Analyzing l1d.plru write port 26.
  Analyzing l1d.plru write port 27.
  Analyzing l1d.plru write port 28.
  Analyzing l1d.plru write port 29.
  Analyzing l1d.plru write port 30.
  Analyzing l1d.plru write port 31.
  Analyzing l1d.plru write port 32.
  Analyzing l1d.plru write port 33.
  Analyzing l1d.plru write port 34.
  Analyzing l1d.plru write port 35.
  Analyzing l1d.plru write port 36.
  Analyzing l1d.plru write port 37.
  Analyzing l1d.plru write port 38.
  Analyzing l1d.plru write port 39.
  Analyzing l1d.plru write port 40.
  Analyzing l1d.plru write port 41.
  Analyzing l1d.plru write port 42.
  Analyzing l1d.plru write port 43.
  Analyzing l1d.plru write port 44.
  Analyzing l1d.plru write port 45.
  Analyzing l1d.plru write port 46.
  Analyzing l1d.plru write port 47.
  Analyzing l1d.plru write port 48.
  Analyzing l1d.plru write port 49.
  Analyzing l1d.plru write port 50.
  Analyzing l1d.plru write port 51.
  Analyzing l1d.plru write port 52.
  Analyzing l1d.plru write port 53.
  Analyzing l1d.plru write port 54.
  Analyzing l1d.plru write port 55.
  Analyzing l1d.plru write port 56.
  Analyzing l1d.plru write port 57.
  Analyzing l1d.plru write port 58.
  Analyzing l1d.plru write port 59.
  Analyzing l1d.plru write port 60.
  Analyzing l1d.plru write port 61.
  Analyzing l1d.plru write port 62.
  Analyzing l1d.plru write port 63.
  Analyzing l1d.plru write port 64.
  Analyzing l1d.plru write port 65.
  Analyzing l1d.data_arr write port 0.
  Analyzing l1d.data_arr write port 1.
  Analyzing l1d.data_arr write port 2.
  Analyzing l1d.dirty_arr write port 0.
  Analyzing l1d.dirty_arr write port 1.
  Analyzing l1d.dirty_arr write port 2.
  Analyzing l1d.dirty_arr write port 3.
  Analyzing l1d.dirty_arr write port 4.
  Analyzing l1d.dirty_arr write port 5.
  Analyzing l1d.dirty_arr write port 6.
  Analyzing l1d.dirty_arr write port 7.
  Analyzing l1d.dirty_arr write port 8.
  Analyzing l1d.dirty_arr write port 9.
  Analyzing l1d.dirty_arr write port 10.
  Analyzing l1d.dirty_arr write port 11.
  Analyzing l1d.dirty_arr write port 12.
  Analyzing l1d.dirty_arr write port 13.
  Analyzing l1d.dirty_arr write port 14.
  Analyzing l1d.dirty_arr write port 15.
  Analyzing l1d.dirty_arr write port 16.
  Analyzing l1d.dirty_arr write port 17.
  Analyzing l1d.dirty_arr write port 18.
  Analyzing l1d.dirty_arr write port 19.
  Analyzing l1d.dirty_arr write port 20.
  Analyzing l1d.dirty_arr write port 21.
  Analyzing l1d.dirty_arr write port 22.
  Analyzing l1d.dirty_arr write port 23.
  Analyzing l1d.dirty_arr write port 24.
  Analyzing l1d.dirty_arr write port 25.
  Analyzing l1d.dirty_arr write port 26.
  Analyzing l1d.dirty_arr write port 27.
  Analyzing l1d.dirty_arr write port 28.
  Analyzing l1d.dirty_arr write port 29.
  Analyzing l1d.dirty_arr write port 30.
  Analyzing l1d.dirty_arr write port 31.
  Analyzing l1d.dirty_arr write port 32.
  Analyzing l1d.dirty_arr write port 33.
  Analyzing l1d.dirty_arr write port 34.
  Analyzing l1d.dirty_arr write port 35.
  Analyzing l1d.dirty_arr write port 36.
  Analyzing l1d.dirty_arr write port 37.
  Analyzing l1d.dirty_arr write port 38.
  Analyzing l1d.dirty_arr write port 39.
  Analyzing l1d.dirty_arr write port 40.
  Analyzing l1d.dirty_arr write port 41.
  Analyzing l1d.dirty_arr write port 42.
  Analyzing l1d.dirty_arr write port 43.
  Analyzing l1d.dirty_arr write port 44.
  Analyzing l1d.dirty_arr write port 45.
  Analyzing l1d.dirty_arr write port 46.
  Analyzing l1d.dirty_arr write port 47.
  Analyzing l1d.dirty_arr write port 48.
  Analyzing l1d.dirty_arr write port 49.
  Analyzing l1d.dirty_arr write port 50.
  Analyzing l1d.dirty_arr write port 51.
  Analyzing l1d.dirty_arr write port 52.
  Analyzing l1d.dirty_arr write port 53.
  Analyzing l1d.dirty_arr write port 54.
  Analyzing l1d.dirty_arr write port 55.
  Analyzing l1d.dirty_arr write port 56.
  Analyzing l1d.dirty_arr write port 57.
  Analyzing l1d.dirty_arr write port 58.
  Analyzing l1d.dirty_arr write port 59.
  Analyzing l1d.dirty_arr write port 60.
  Analyzing l1d.dirty_arr write port 61.
  Analyzing l1d.dirty_arr write port 62.
  Analyzing l1d.dirty_arr write port 63.
  Analyzing l1d.dirty_arr write port 64.
  Analyzing l1d.dirty_arr write port 65.
  Analyzing l1d.dirty_arr write port 66.
  Analyzing l1d.dirty_arr write port 67.
  Analyzing l1d.dirty_arr write port 68.
  Analyzing l1d.dirty_arr write port 69.
  Analyzing l1d.dirty_arr write port 70.
  Analyzing l1d.dirty_arr write port 71.
  Analyzing l1d.dirty_arr write port 72.
  Analyzing l1d.dirty_arr write port 73.
  Analyzing l1d.dirty_arr write port 74.
  Analyzing l1d.dirty_arr write port 75.
  Analyzing l1d.dirty_arr write port 76.
  Analyzing l1d.dirty_arr write port 77.
  Analyzing l1d.dirty_arr write port 78.
  Analyzing l1d.dirty_arr write port 79.
  Analyzing l1d.dirty_arr write port 80.
  Analyzing l1d.dirty_arr write port 81.
  Analyzing l1d.dirty_arr write port 82.
  Analyzing l1d.dirty_arr write port 83.
  Analyzing l1d.dirty_arr write port 84.
  Analyzing l1d.dirty_arr write port 85.
  Analyzing l1d.dirty_arr write port 86.
  Analyzing l1d.dirty_arr write port 87.
  Analyzing l1d.dirty_arr write port 88.
  Analyzing l1d.dirty_arr write port 89.
  Analyzing l1d.dirty_arr write port 90.
  Analyzing l1d.dirty_arr write port 91.
  Analyzing l1d.dirty_arr write port 92.
  Analyzing l1d.dirty_arr write port 93.
  Analyzing l1d.dirty_arr write port 94.
  Analyzing l1d.dirty_arr write port 95.
  Analyzing l1d.dirty_arr write port 96.
  Analyzing l1d.dirty_arr write port 97.
  Analyzing l1d.dirty_arr write port 98.
  Analyzing l1d.dirty_arr write port 99.
  Analyzing l1d.dirty_arr write port 100.
  Analyzing l1d.dirty_arr write port 101.
  Analyzing l1d.dirty_arr write port 102.
  Analyzing l1d.dirty_arr write port 103.
  Analyzing l1d.dirty_arr write port 104.
  Analyzing l1d.dirty_arr write port 105.
  Analyzing l1d.dirty_arr write port 106.
  Analyzing l1d.dirty_arr write port 107.
  Analyzing l1d.dirty_arr write port 108.
  Analyzing l1d.dirty_arr write port 109.
  Analyzing l1d.dirty_arr write port 110.
  Analyzing l1d.dirty_arr write port 111.
  Analyzing l1d.dirty_arr write port 112.
  Analyzing l1d.dirty_arr write port 113.
  Analyzing l1d.dirty_arr write port 114.
  Analyzing l1d.dirty_arr write port 115.
  Analyzing l1d.dirty_arr write port 116.
  Analyzing l1d.dirty_arr write port 117.
  Analyzing l1d.dirty_arr write port 118.
  Analyzing l1d.dirty_arr write port 119.
  Analyzing l1d.dirty_arr write port 120.
  Analyzing l1d.dirty_arr write port 121.
  Analyzing l1d.dirty_arr write port 122.
  Analyzing l1d.dirty_arr write port 123.
  Analyzing l1d.dirty_arr write port 124.
  Analyzing l1d.dirty_arr write port 125.
  Analyzing l1d.dirty_arr write port 126.
  Analyzing l1d.dirty_arr write port 127.
  Analyzing l1d.dirty_arr write port 128.
  Analyzing l1d.dirty_arr write port 129.
  Analyzing l1d.dirty_arr write port 130.
  Analyzing l1d.dirty_arr write port 131.
  Analyzing l1d.valid_arr write port 0.
  Analyzing l1d.valid_arr write port 1.
  Analyzing l1d.valid_arr write port 2.
  Analyzing l1d.valid_arr write port 3.
  Analyzing l1d.valid_arr write port 4.
  Analyzing l1d.valid_arr write port 5.
  Analyzing l1d.valid_arr write port 6.
  Analyzing l1d.valid_arr write port 7.
  Analyzing l1d.valid_arr write port 8.
  Analyzing l1d.valid_arr write port 9.
  Analyzing l1d.valid_arr write port 10.
  Analyzing l1d.valid_arr write port 11.
  Analyzing l1d.valid_arr write port 12.
  Analyzing l1d.valid_arr write port 13.
  Analyzing l1d.valid_arr write port 14.
  Analyzing l1d.valid_arr write port 15.
  Analyzing l1d.valid_arr write port 16.
  Analyzing l1d.valid_arr write port 17.
  Analyzing l1d.valid_arr write port 18.
  Analyzing l1d.valid_arr write port 19.
  Analyzing l1d.valid_arr write port 20.
  Analyzing l1d.valid_arr write port 21.
  Analyzing l1d.valid_arr write port 22.
  Analyzing l1d.valid_arr write port 23.
  Analyzing l1d.valid_arr write port 24.
  Analyzing l1d.valid_arr write port 25.
  Analyzing l1d.valid_arr write port 26.
  Analyzing l1d.valid_arr write port 27.
  Analyzing l1d.valid_arr write port 28.
  Analyzing l1d.valid_arr write port 29.
  Analyzing l1d.valid_arr write port 30.
  Analyzing l1d.valid_arr write port 31.
  Analyzing l1d.valid_arr write port 32.
  Analyzing l1d.valid_arr write port 33.
  Analyzing l1d.valid_arr write port 34.
  Analyzing l1d.valid_arr write port 35.
  Analyzing l1d.valid_arr write port 36.
  Analyzing l1d.valid_arr write port 37.
  Analyzing l1d.valid_arr write port 38.
  Analyzing l1d.valid_arr write port 39.
  Analyzing l1d.valid_arr write port 40.
  Analyzing l1d.valid_arr write port 41.
  Analyzing l1d.valid_arr write port 42.
  Analyzing l1d.valid_arr write port 43.
  Analyzing l1d.valid_arr write port 44.
  Analyzing l1d.valid_arr write port 45.
  Analyzing l1d.valid_arr write port 46.
  Analyzing l1d.valid_arr write port 47.
  Analyzing l1d.valid_arr write port 48.
  Analyzing l1d.valid_arr write port 49.
  Analyzing l1d.valid_arr write port 50.
  Analyzing l1d.valid_arr write port 51.
  Analyzing l1d.valid_arr write port 52.
  Analyzing l1d.valid_arr write port 53.
  Analyzing l1d.valid_arr write port 54.
  Analyzing l1d.valid_arr write port 55.
  Analyzing l1d.valid_arr write port 56.
  Analyzing l1d.valid_arr write port 57.
  Analyzing l1d.valid_arr write port 58.
  Analyzing l1d.valid_arr write port 59.
  Analyzing l1d.valid_arr write port 60.
  Analyzing l1d.valid_arr write port 61.
  Analyzing l1d.valid_arr write port 62.
  Analyzing l1d.valid_arr write port 63.
  Analyzing l1d.valid_arr write port 64.
  Analyzing l1d.valid_arr write port 65.
  Analyzing l1d.valid_arr write port 66.
  Analyzing l1d.valid_arr write port 67.
  Analyzing l1d.valid_arr write port 68.
  Analyzing l1d.valid_arr write port 69.
  Analyzing l1d.valid_arr write port 70.
  Analyzing l1d.valid_arr write port 71.
  Analyzing l1d.valid_arr write port 72.
  Analyzing l1d.valid_arr write port 73.
  Analyzing l1d.valid_arr write port 74.
  Analyzing l1d.valid_arr write port 75.
  Analyzing l1d.valid_arr write port 76.
  Analyzing l1d.valid_arr write port 77.
  Analyzing l1d.valid_arr write port 78.
  Analyzing l1d.valid_arr write port 79.
  Analyzing l1d.valid_arr write port 80.
  Analyzing l1d.valid_arr write port 81.
  Analyzing l1d.valid_arr write port 82.
  Analyzing l1d.valid_arr write port 83.
  Analyzing l1d.valid_arr write port 84.
  Analyzing l1d.valid_arr write port 85.
  Analyzing l1d.valid_arr write port 86.
  Analyzing l1d.valid_arr write port 87.
  Analyzing l1d.valid_arr write port 88.
  Analyzing l1d.valid_arr write port 89.
  Analyzing l1d.valid_arr write port 90.
  Analyzing l1d.valid_arr write port 91.
  Analyzing l1d.valid_arr write port 92.
  Analyzing l1d.valid_arr write port 93.
  Analyzing l1d.valid_arr write port 94.
  Analyzing l1d.valid_arr write port 95.
  Analyzing l1d.valid_arr write port 96.
  Analyzing l1d.valid_arr write port 97.
  Analyzing l1d.valid_arr write port 98.
  Analyzing l1d.valid_arr write port 99.
  Analyzing l1d.valid_arr write port 100.
  Analyzing l1d.valid_arr write port 101.
  Analyzing l1d.valid_arr write port 102.
  Analyzing l1d.valid_arr write port 103.
  Analyzing l1d.valid_arr write port 104.
  Analyzing l1d.valid_arr write port 105.
  Analyzing l1d.valid_arr write port 106.
  Analyzing l1d.valid_arr write port 107.
  Analyzing l1d.valid_arr write port 108.
  Analyzing l1d.valid_arr write port 109.
  Analyzing l1d.valid_arr write port 110.
  Analyzing l1d.valid_arr write port 111.
  Analyzing l1d.valid_arr write port 112.
  Analyzing l1d.valid_arr write port 113.
  Analyzing l1d.valid_arr write port 114.
  Analyzing l1d.valid_arr write port 115.
  Analyzing l1d.valid_arr write port 116.
  Analyzing l1d.valid_arr write port 117.
  Analyzing l1d.valid_arr write port 118.
  Analyzing l1d.valid_arr write port 119.
  Analyzing l1d.valid_arr write port 120.
  Analyzing l1d.valid_arr write port 121.
  Analyzing l1d.valid_arr write port 122.
  Analyzing l1d.valid_arr write port 123.
  Analyzing l1d.valid_arr write port 124.
  Analyzing l1d.valid_arr write port 125.
  Analyzing l1d.valid_arr write port 126.
  Analyzing l1d.valid_arr write port 127.
  Analyzing l1d.valid_arr write port 128.
  Analyzing l1d.valid_arr write port 129.
  Analyzing l1d.tag_arr write port 0.
  Analyzing $paramod$3b3ebe2a805de999e571f1f6aa39b69c15a9144c\mshr.filldata_r write port 0.
  Analyzing $paramod$3b3ebe2a805de999e571f1f6aa39b69c15a9144c\mshr.vdata_r write port 0.
  Analyzing $paramod$3b3ebe2a805de999e571f1f6aa39b69c15a9144c\mshr.vaddr_r write port 0.
  Analyzing $paramod$3b3ebe2a805de999e571f1f6aa39b69c15a9144c\mshr.vdirty_r write port 0.
  Analyzing $paramod$3b3ebe2a805de999e571f1f6aa39b69c15a9144c\mshr.way_r write port 0.
  Analyzing $paramod$3b3ebe2a805de999e571f1f6aa39b69c15a9144c\mshr.wdata_r write port 0.
  Analyzing $paramod$3b3ebe2a805de999e571f1f6aa39b69c15a9144c\mshr.size_r write port 0.
  Analyzing $paramod$3b3ebe2a805de999e571f1f6aa39b69c15a9144c\mshr.we_r write port 0.
  Analyzing $paramod$3b3ebe2a805de999e571f1f6aa39b69c15a9144c\mshr.tag_r write port 0.
  Analyzing $paramod$3b3ebe2a805de999e571f1f6aa39b69c15a9144c\mshr.addr_r write port 0.
  Analyzing $paramod$3b3ebe2a805de999e571f1f6aa39b69c15a9144c\mshr.st write port 0.
  Analyzing $paramod$3b3ebe2a805de999e571f1f6aa39b69c15a9144c\mshr.st write port 1.
  Analyzing $paramod$3b3ebe2a805de999e571f1f6aa39b69c15a9144c\mshr.st write port 2.
  Analyzing $paramod$3b3ebe2a805de999e571f1f6aa39b69c15a9144c\mshr.st write port 3.
  Analyzing $paramod$3b3ebe2a805de999e571f1f6aa39b69c15a9144c\mshr.st write port 4.
  Analyzing $paramod$3b3ebe2a805de999e571f1f6aa39b69c15a9144c\mshr.st write port 5.
  Analyzing $paramod$3b3ebe2a805de999e571f1f6aa39b69c15a9144c\mshr.st write port 6.
  Analyzing $paramod$3b3ebe2a805de999e571f1f6aa39b69c15a9144c\mshr.st write port 7.
  Analyzing $paramod$3b3ebe2a805de999e571f1f6aa39b69c15a9144c\mshr.st write port 8.

4.15.4. Executing MEMORY_BMUX2ROM pass (converting muxes to ROMs).

4.15.5. Executing MEMORY_DFF pass (merging $dff cells to $memrd).
Checking read port `\fifo_data'[0] in module `\l1d': merging output FF to cell.
    Write port 0: non-transparent.
    Write port 1: non-transparent.
Checking read port `\fifo_tag'[0] in module `\l1d': merging output FF to cell.
    Write port 0: non-transparent.
    Write port 1: non-transparent.
Checking read port `\plru'[0] in module `\l1d': no output FF found.
Checking read port `\data_arr'[0] in module `\l1d': no output FF found.
Checking read port `\data_arr'[1] in module `\l1d': no output FF found.
Checking read port `\data_arr'[2] in module `\l1d': no output FF found.
Checking read port `\dirty_arr'[0] in module `\l1d': no output FF found.
Checking read port `\dirty_arr'[1] in module `\l1d': no output FF found.
Checking read port `\valid_arr'[0] in module `\l1d': no output FF found.
Checking read port `\valid_arr'[1] in module `\l1d': no output FF found.
Checking read port `\valid_arr'[2] in module `\l1d': no output FF found.
Checking read port `\tag_arr'[0] in module `\l1d': no output FF found.
Checking read port `\tag_arr'[1] in module `\l1d': no output FF found.
Checking read port `\tag_arr'[2] in module `\l1d': no output FF found.
Checking read port `\tag_arr'[3] in module `\l1d': no output FF found.
Checking read port address `\plru'[0] in module `\l1d': no address FF found.
Checking read port address `\data_arr'[0] in module `\l1d': no address FF found.
Checking read port address `\data_arr'[1] in module `\l1d': no address FF found.
Checking read port address `\data_arr'[2] in module `\l1d': no address FF found.
Checking read port address `\dirty_arr'[0] in module `\l1d': no address FF found.
Checking read port address `\dirty_arr'[1] in module `\l1d': no address FF found.
Checking read port address `\valid_arr'[0] in module `\l1d': no address FF found.
Checking read port address `\valid_arr'[1] in module `\l1d': no address FF found.
Checking read port address `\valid_arr'[2] in module `\l1d': no address FF found.
Checking read port address `\tag_arr'[0] in module `\l1d': no address FF found.
Checking read port address `\tag_arr'[1] in module `\l1d': no address FF found.
Checking read port address `\tag_arr'[2] in module `\l1d': no address FF found.
Checking read port address `\tag_arr'[3] in module `\l1d': no address FF found.
Checking read port `\filldata_r'[0] in module `$paramod$3b3ebe2a805de999e571f1f6aa39b69c15a9144c\mshr': no output FF found.
Checking read port `\vdata_r'[0] in module `$paramod$3b3ebe2a805de999e571f1f6aa39b69c15a9144c\mshr': no output FF found.
Checking read port `\vaddr_r'[0] in module `$paramod$3b3ebe2a805de999e571f1f6aa39b69c15a9144c\mshr': no output FF found.
Checking read port `\vaddr_r'[1] in module `$paramod$3b3ebe2a805de999e571f1f6aa39b69c15a9144c\mshr': no output FF found.
Checking read port `\vaddr_r'[2] in module `$paramod$3b3ebe2a805de999e571f1f6aa39b69c15a9144c\mshr': no output FF found.
Checking read port `\vaddr_r'[3] in module `$paramod$3b3ebe2a805de999e571f1f6aa39b69c15a9144c\mshr': no output FF found.
Checking read port `\vaddr_r'[4] in module `$paramod$3b3ebe2a805de999e571f1f6aa39b69c15a9144c\mshr': no output FF found.
Checking read port `\vdirty_r'[0] in module `$paramod$3b3ebe2a805de999e571f1f6aa39b69c15a9144c\mshr': no output FF found.
Checking read port `\vdirty_r'[1] in module `$paramod$3b3ebe2a805de999e571f1f6aa39b69c15a9144c\mshr': no output FF found.
Checking read port `\vdirty_r'[2] in module `$paramod$3b3ebe2a805de999e571f1f6aa39b69c15a9144c\mshr': no output FF found.
Checking read port `\vdirty_r'[3] in module `$paramod$3b3ebe2a805de999e571f1f6aa39b69c15a9144c\mshr': no output FF found.
Checking read port `\way_r'[0] in module `$paramod$3b3ebe2a805de999e571f1f6aa39b69c15a9144c\mshr': no output FF found.
Checking read port `\way_r'[1] in module `$paramod$3b3ebe2a805de999e571f1f6aa39b69c15a9144c\mshr': no output FF found.
Checking read port `\way_r'[2] in module `$paramod$3b3ebe2a805de999e571f1f6aa39b69c15a9144c\mshr': no output FF found.
Checking read port `\way_r'[3] in module `$paramod$3b3ebe2a805de999e571f1f6aa39b69c15a9144c\mshr': no output FF found.
Checking read port `\way_r'[4] in module `$paramod$3b3ebe2a805de999e571f1f6aa39b69c15a9144c\mshr': no output FF found.
Checking read port `\wdata_r'[0] in module `$paramod$3b3ebe2a805de999e571f1f6aa39b69c15a9144c\mshr': no output FF found.
Checking read port `\size_r'[0] in module `$paramod$3b3ebe2a805de999e571f1f6aa39b69c15a9144c\mshr': no output FF found.
Checking read port `\we_r'[0] in module `$paramod$3b3ebe2a805de999e571f1f6aa39b69c15a9144c\mshr': no output FF found.
Checking read port `\tag_r'[0] in module `$paramod$3b3ebe2a805de999e571f1f6aa39b69c15a9144c\mshr': no output FF found.
Checking read port `\addr_r'[0] in module `$paramod$3b3ebe2a805de999e571f1f6aa39b69c15a9144c\mshr': no output FF found.
Checking read port `\addr_r'[1] in module `$paramod$3b3ebe2a805de999e571f1f6aa39b69c15a9144c\mshr': no output FF found.
Checking read port `\addr_r'[2] in module `$paramod$3b3ebe2a805de999e571f1f6aa39b69c15a9144c\mshr': no output FF found.
Checking read port `\addr_r'[3] in module `$paramod$3b3ebe2a805de999e571f1f6aa39b69c15a9144c\mshr': no output FF found.
Checking read port `\addr_r'[4] in module `$paramod$3b3ebe2a805de999e571f1f6aa39b69c15a9144c\mshr': no output FF found.
Checking read port `\addr_r'[5] in module `$paramod$3b3ebe2a805de999e571f1f6aa39b69c15a9144c\mshr': no output FF found.
Checking read port `\st'[0] in module `$paramod$3b3ebe2a805de999e571f1f6aa39b69c15a9144c\mshr': no output FF found.
Checking read port `\st'[1] in module `$paramod$3b3ebe2a805de999e571f1f6aa39b69c15a9144c\mshr': no output FF found.
Checking read port `\st'[2] in module `$paramod$3b3ebe2a805de999e571f1f6aa39b69c15a9144c\mshr': no output FF found.
Checking read port `\st'[3] in module `$paramod$3b3ebe2a805de999e571f1f6aa39b69c15a9144c\mshr': no output FF found.
Checking read port `\st'[4] in module `$paramod$3b3ebe2a805de999e571f1f6aa39b69c15a9144c\mshr': no output FF found.
Checking read port address `\filldata_r'[0] in module `$paramod$3b3ebe2a805de999e571f1f6aa39b69c15a9144c\mshr': no address FF found.
Checking read port address `\vdata_r'[0] in module `$paramod$3b3ebe2a805de999e571f1f6aa39b69c15a9144c\mshr': no address FF found.
Checking read port address `\vaddr_r'[0] in module `$paramod$3b3ebe2a805de999e571f1f6aa39b69c15a9144c\mshr': no address FF found.
Checking read port address `\vaddr_r'[1] in module `$paramod$3b3ebe2a805de999e571f1f6aa39b69c15a9144c\mshr': no address FF found.
Checking read port address `\vaddr_r'[2] in module `$paramod$3b3ebe2a805de999e571f1f6aa39b69c15a9144c\mshr': no address FF found.
Checking read port address `\vaddr_r'[3] in module `$paramod$3b3ebe2a805de999e571f1f6aa39b69c15a9144c\mshr': no address FF found.
Checking read port address `\vaddr_r'[4] in module `$paramod$3b3ebe2a805de999e571f1f6aa39b69c15a9144c\mshr': no address FF found.
Checking read port address `\vdirty_r'[0] in module `$paramod$3b3ebe2a805de999e571f1f6aa39b69c15a9144c\mshr': no address FF found.
Checking read port address `\vdirty_r'[1] in module `$paramod$3b3ebe2a805de999e571f1f6aa39b69c15a9144c\mshr': no address FF found.
Checking read port address `\vdirty_r'[2] in module `$paramod$3b3ebe2a805de999e571f1f6aa39b69c15a9144c\mshr': no address FF found.
Checking read port address `\vdirty_r'[3] in module `$paramod$3b3ebe2a805de999e571f1f6aa39b69c15a9144c\mshr': no address FF found.
Checking read port address `\way_r'[0] in module `$paramod$3b3ebe2a805de999e571f1f6aa39b69c15a9144c\mshr': no address FF found.
Checking read port address `\way_r'[1] in module `$paramod$3b3ebe2a805de999e571f1f6aa39b69c15a9144c\mshr': no address FF found.
Checking read port address `\way_r'[2] in module `$paramod$3b3ebe2a805de999e571f1f6aa39b69c15a9144c\mshr': no address FF found.
Checking read port address `\way_r'[3] in module `$paramod$3b3ebe2a805de999e571f1f6aa39b69c15a9144c\mshr': no address FF found.
Checking read port address `\way_r'[4] in module `$paramod$3b3ebe2a805de999e571f1f6aa39b69c15a9144c\mshr': no address FF found.
Checking read port address `\wdata_r'[0] in module `$paramod$3b3ebe2a805de999e571f1f6aa39b69c15a9144c\mshr': no address FF found.
Checking read port address `\size_r'[0] in module `$paramod$3b3ebe2a805de999e571f1f6aa39b69c15a9144c\mshr': no address FF found.
Checking read port address `\we_r'[0] in module `$paramod$3b3ebe2a805de999e571f1f6aa39b69c15a9144c\mshr': no address FF found.
Checking read port address `\tag_r'[0] in module `$paramod$3b3ebe2a805de999e571f1f6aa39b69c15a9144c\mshr': no address FF found.
Checking read port address `\addr_r'[0] in module `$paramod$3b3ebe2a805de999e571f1f6aa39b69c15a9144c\mshr': no address FF found.
Checking read port address `\addr_r'[1] in module `$paramod$3b3ebe2a805de999e571f1f6aa39b69c15a9144c\mshr': no address FF found.
Checking read port address `\addr_r'[2] in module `$paramod$3b3ebe2a805de999e571f1f6aa39b69c15a9144c\mshr': no address FF found.
Checking read port address `\addr_r'[3] in module `$paramod$3b3ebe2a805de999e571f1f6aa39b69c15a9144c\mshr': no address FF found.
Checking read port address `\addr_r'[4] in module `$paramod$3b3ebe2a805de999e571f1f6aa39b69c15a9144c\mshr': no address FF found.
Checking read port address `\addr_r'[5] in module `$paramod$3b3ebe2a805de999e571f1f6aa39b69c15a9144c\mshr': no address FF found.
Checking read port address `\st'[0] in module `$paramod$3b3ebe2a805de999e571f1f6aa39b69c15a9144c\mshr': no address FF found.
Checking read port address `\st'[1] in module `$paramod$3b3ebe2a805de999e571f1f6aa39b69c15a9144c\mshr': no address FF found.
Checking read port address `\st'[2] in module `$paramod$3b3ebe2a805de999e571f1f6aa39b69c15a9144c\mshr': no address FF found.
Checking read port address `\st'[3] in module `$paramod$3b3ebe2a805de999e571f1f6aa39b69c15a9144c\mshr': no address FF found.
Checking read port address `\st'[4] in module `$paramod$3b3ebe2a805de999e571f1f6aa39b69c15a9144c\mshr': no address FF found.

4.15.6. Executing OPT_CLEAN pass (remove unused cells and wires).
Finding unused cells or wires in module \l1d..
Finding unused cells or wires in module $paramod$3b3ebe2a805de999e571f1f6aa39b69c15a9144c\mshr..
Removed 2 unused cells and 70 unused wires.
<suppressed ~3 debug messages>

4.15.7. Executing MEMORY_SHARE pass (consolidating $memrd/$memwr cells).
Consolidating write ports of memory l1d.fifo_data by address:
Consolidating write ports of memory l1d.fifo_tag by address:
Consolidating write ports of memory l1d.plru by address:
  Merging ports 0, 1 (address 6'000000).
  Merging ports 0, 2 (address 6'000000).
  Merging ports 0, 3 (address 6'000000).
  Merging ports 0, 4 (address 6'000000).
  Merging ports 0, 5 (address 6'000000).
  Merging ports 0, 6 (address 6'000000).
  Merging ports 0, 7 (address 6'000000).
  Merging ports 0, 8 (address 6'000000).
  Merging ports 0, 9 (address 6'000000).
  Merging ports 0, 10 (address 6'000000).
  Merging ports 0, 11 (address 6'000000).
  Merging ports 0, 12 (address 6'000000).
  Merging ports 0, 13 (address 6'000000).
  Merging ports 0, 14 (address 6'000000).
  Merging ports 0, 15 (address 6'000000).
  Merging ports 0, 16 (address 6'000000).
  Merging ports 0, 17 (address 6'000000).
  Merging ports 0, 18 (address 6'000000).
  Merging ports 0, 19 (address 6'000000).
  Merging ports 0, 20 (address 6'000000).
  Merging ports 0, 21 (address 6'000000).
  Merging ports 0, 22 (address 6'000000).
  Merging ports 0, 23 (address 6'000000).
  Merging ports 0, 24 (address 6'000000).
  Merging ports 0, 25 (address 6'000000).
  Merging ports 0, 26 (address 6'000000).
  Merging ports 0, 27 (address 6'000000).
  Merging ports 0, 28 (address 6'000000).
  Merging ports 0, 29 (address 6'000000).
  Merging ports 0, 30 (address 6'000000).
  Merging ports 0, 31 (address 6'000000).
  Merging ports 0, 32 (address 6'000000).
  Merging ports 34, 35 (address 6'100010).
  Merging ports 36, 37 (address 6'100100).
  Merging ports 36, 38 (address 6'100100).
  Merging ports 36, 39 (address 6'100100).
  Merging ports 40, 41 (address 6'101000).
  Merging ports 40, 42 (address 6'101000).
  Merging ports 40, 43 (address 6'101000).
  Merging ports 40, 44 (address 6'101000).
  Merging ports 40, 45 (address 6'101000).
  Merging ports 40, 46 (address 6'101000).
  Merging ports 40, 47 (address 6'101000).
  Merging ports 48, 49 (address 6'110000).
  Merging ports 48, 50 (address 6'110000).
  Merging ports 48, 51 (address 6'110000).
  Merging ports 48, 52 (address 6'110000).
  Merging ports 48, 53 (address 6'110000).
  Merging ports 48, 54 (address 6'110000).
  Merging ports 48, 55 (address 6'110000).
  Merging ports 48, 56 (address 6'110000).
  Merging ports 48, 57 (address 6'110000).
  Merging ports 48, 58 (address 6'110000).
  Merging ports 48, 59 (address 6'110000).
  Merging ports 48, 60 (address 6'110000).
  Merging ports 48, 61 (address 6'110000).
  Merging ports 48, 62 (address 6'110000).
  Merging ports 48, 63 (address 6'110000).
Consolidating write ports of memory l1d.plru by address:
  Merging ports 1, 2 (address 6'100001).
  Merging ports 1, 3 (address 6'100000).
  Merging ports 1, 4 (address 6'100000).
  Merging ports 1, 5 (address 6'100000).
Consolidating write ports of memory l1d.plru by address:
Consolidating read ports of memory l1d.data_arr by address:
Consolidating write ports of memory l1d.data_arr by address:
  Merging ports 1, 2 (address $add$../rtl/cache/l1d.sv:294$1722_Y).
Consolidating write ports of memory l1d.data_arr by address:
Consolidating read ports of memory l1d.dirty_arr by address:
Consolidating write ports of memory l1d.dirty_arr by address:
  Merging ports 0, 1 (address 7'0000000).
  Merging ports 0, 2 (address 7'0000000).
  Merging ports 0, 3 (address 7'0000000).
  Merging ports 0, 4 (address 7'0000000).
  Merging ports 0, 5 (address 7'0000000).
  Merging ports 0, 6 (address 7'0000000).
  Merging ports 0, 7 (address 7'0000000).
  Merging ports 0, 8 (address 7'0000000).
  Merging ports 0, 9 (address 7'0000000).
  Merging ports 0, 10 (address 7'0000000).
  Merging ports 0, 11 (address 7'0000000).
  Merging ports 0, 12 (address 7'0000000).
  Merging ports 0, 13 (address 7'0000000).
  Merging ports 0, 14 (address 7'0000000).
  Merging ports 0, 15 (address 7'0000000).
  Merging ports 0, 16 (address 7'0000000).
  Merging ports 0, 17 (address 7'0000000).
  Merging ports 0, 18 (address 7'0000000).
  Merging ports 0, 19 (address 7'0000000).
  Merging ports 0, 20 (address 7'0000000).
  Merging ports 0, 21 (address 7'0000000).
  Merging ports 0, 22 (address 7'0000000).
  Merging ports 0, 23 (address 7'0000000).
  Merging ports 0, 24 (address 7'0000000).
  Merging ports 0, 25 (address 7'0000000).
  Merging ports 0, 26 (address 7'0000000).
  Merging ports 0, 27 (address 7'0000000).
  Merging ports 0, 28 (address 7'0000000).
  Merging ports 0, 29 (address 7'0000000).
  Merging ports 0, 30 (address 7'0000000).
  Merging ports 0, 31 (address 7'0000000).
  Merging ports 0, 32 (address 7'0000000).
  Merging ports 0, 33 (address 7'0000000).
  Merging ports 0, 34 (address 7'0000000).
  Merging ports 0, 35 (address 7'0000000).
  Merging ports 0, 36 (address 7'0000000).
  Merging ports 0, 37 (address 7'0000000).
  Merging ports 0, 38 (address 7'0000000).
  Merging ports 0, 39 (address 7'0000000).
  Merging ports 0, 40 (address 7'0000000).
  Merging ports 0, 41 (address 7'0000000).
  Merging ports 0, 42 (address 7'0000000).
  Merging ports 0, 43 (address 7'0000000).
  Merging ports 0, 44 (address 7'0000000).
  Merging ports 0, 45 (address 7'0000000).
  Merging ports 0, 46 (address 7'0000000).
  Merging ports 0, 47 (address 7'0000000).
  Merging ports 0, 48 (address 7'0000000).
  Merging ports 0, 49 (address 7'0000000).
  Merging ports 0, 50 (address 7'0000000).
  Merging ports 0, 51 (address 7'0000000).
  Merging ports 0, 52 (address 7'0000000).
  Merging ports 0, 53 (address 7'0000000).
  Merging ports 0, 54 (address 7'0000000).
  Merging ports 0, 55 (address 7'0000000).
  Merging ports 0, 56 (address 7'0000000).
  Merging ports 0, 57 (address 7'0000000).
  Merging ports 0, 58 (address 7'0000000).
  Merging ports 0, 59 (address 7'0000000).
  Merging ports 0, 60 (address 7'0000000).
  Merging ports 0, 61 (address 7'0000000).
  Merging ports 0, 62 (address 7'0000000).
  Merging ports 0, 63 (address 7'0000000).
  Merging ports 0, 64 (address 7'0000000).
  Merging ports 66, 67 (address 7'1000010).
  Merging ports 68, 69 (address 7'1000100).
  Merging ports 68, 70 (address 7'1000100).
  Merging ports 68, 71 (address 7'1000100).
  Merging ports 72, 73 (address 7'1001000).
  Merging ports 72, 74 (address 7'1001000).
  Merging ports 72, 75 (address 7'1001000).
  Merging ports 72, 76 (address 7'1001000).
  Merging ports 72, 77 (address 7'1001000).
  Merging ports 72, 78 (address 7'1001000).
  Merging ports 72, 79 (address 7'1001000).
  Merging ports 80, 81 (address 7'1010000).
  Merging ports 80, 82 (address 7'1010000).
  Merging ports 80, 83 (address 7'1010000).
  Merging ports 80, 84 (address 7'1010000).
  Merging ports 80, 85 (address 7'1010000).
  Merging ports 80, 86 (address 7'1010000).
  Merging ports 80, 87 (address 7'1010000).
  Merging ports 80, 88 (address 7'1010000).
  Merging ports 80, 89 (address 7'1010000).
  Merging ports 80, 90 (address 7'1010000).
  Merging ports 80, 91 (address 7'1010000).
  Merging ports 80, 92 (address 7'1010000).
  Merging ports 80, 93 (address 7'1010000).
  Merging ports 80, 94 (address 7'1010000).
  Merging ports 80, 95 (address 7'1010000).
  Merging ports 96, 97 (address 7'1100000).
  Merging ports 96, 98 (address 7'1100000).
  Merging ports 96, 99 (address 7'1100000).
  Merging ports 96, 100 (address 7'1100000).
  Merging ports 96, 101 (address 7'1100000).
  Merging ports 96, 102 (address 7'1100000).
  Merging ports 96, 103 (address 7'1100000).
  Merging ports 96, 104 (address 7'1100000).
  Merging ports 96, 105 (address 7'1100000).
  Merging ports 96, 106 (address 7'1100000).
  Merging ports 96, 107 (address 7'1100000).
  Merging ports 96, 108 (address 7'1100000).
  Merging ports 96, 109 (address 7'1100000).
  Merging ports 96, 110 (address 7'1100000).
  Merging ports 96, 111 (address 7'1100000).
  Merging ports 96, 112 (address 7'1100000).
  Merging ports 96, 113 (address 7'1100000).
  Merging ports 96, 114 (address 7'1100000).
  Merging ports 96, 115 (address 7'1100000).
  Merging ports 96, 116 (address 7'1100000).
  Merging ports 96, 117 (address 7'1100000).
  Merging ports 96, 118 (address 7'1100000).
  Merging ports 96, 119 (address 7'1100000).
  Merging ports 96, 120 (address 7'1100000).
  Merging ports 96, 121 (address 7'1100000).
  Merging ports 96, 122 (address 7'1100000).
  Merging ports 96, 123 (address 7'1100000).
  Merging ports 96, 124 (address 7'1100000).
  Merging ports 96, 125 (address 7'1100000).
  Merging ports 96, 126 (address 7'1100000).
  Merging ports 96, 127 (address 7'1100000).
  Merging ports 129, 130 (address $add$../rtl/cache/l1d.sv:294$1722_Y).
Consolidating write ports of memory l1d.dirty_arr by address:
  Merging ports 1, 2 (address 7'1000001).
  Merging ports 1, 3 (address 7'1000000).
  Merging ports 1, 4 (address 7'1000000).
  Merging ports 1, 5 (address 7'1000000).
  Merging ports 1, 6 (address 7'1000000).
Consolidating write ports of memory l1d.dirty_arr by address:
Consolidating read ports of memory l1d.valid_arr by address:
Consolidating write ports of memory l1d.valid_arr by address:
  Merging ports 0, 1 (address 7'0000000).
  Merging ports 0, 2 (address 7'0000000).
  Merging ports 0, 3 (address 7'0000000).
  Merging ports 0, 4 (address 7'0000000).
  Merging ports 0, 5 (address 7'0000000).
  Merging ports 0, 6 (address 7'0000000).
  Merging ports 0, 7 (address 7'0000000).
  Merging ports 0, 8 (address 7'0000000).
  Merging ports 0, 9 (address 7'0000000).
  Merging ports 0, 10 (address 7'0000000).
  Merging ports 0, 11 (address 7'0000000).
  Merging ports 0, 12 (address 7'0000000).
  Merging ports 0, 13 (address 7'0000000).
  Merging ports 0, 14 (address 7'0000000).
  Merging ports 0, 15 (address 7'0000000).
  Merging ports 0, 16 (address 7'0000000).
  Merging ports 0, 17 (address 7'0000000).
  Merging ports 0, 18 (address 7'0000000).
  Merging ports 0, 19 (address 7'0000000).
  Merging ports 0, 20 (address 7'0000000).
  Merging ports 0, 21 (address 7'0000000).
  Merging ports 0, 22 (address 7'0000000).
  Merging ports 0, 23 (address 7'0000000).
  Merging ports 0, 24 (address 7'0000000).
  Merging ports 0, 25 (address 7'0000000).
  Merging ports 0, 26 (address 7'0000000).
  Merging ports 0, 27 (address 7'0000000).
  Merging ports 0, 28 (address 7'0000000).
  Merging ports 0, 29 (address 7'0000000).
  Merging ports 0, 30 (address 7'0000000).
  Merging ports 0, 31 (address 7'0000000).
  Merging ports 0, 32 (address 7'0000000).
  Merging ports 0, 33 (address 7'0000000).
  Merging ports 0, 34 (address 7'0000000).
  Merging ports 0, 35 (address 7'0000000).
  Merging ports 0, 36 (address 7'0000000).
  Merging ports 0, 37 (address 7'0000000).
  Merging ports 0, 38 (address 7'0000000).
  Merging ports 0, 39 (address 7'0000000).
  Merging ports 0, 40 (address 7'0000000).
  Merging ports 0, 41 (address 7'0000000).
  Merging ports 0, 42 (address 7'0000000).
  Merging ports 0, 43 (address 7'0000000).
  Merging ports 0, 44 (address 7'0000000).
  Merging ports 0, 45 (address 7'0000000).
  Merging ports 0, 46 (address 7'0000000).
  Merging ports 0, 47 (address 7'0000000).
  Merging ports 0, 48 (address 7'0000000).
  Merging ports 0, 49 (address 7'0000000).
  Merging ports 0, 50 (address 7'0000000).
  Merging ports 0, 51 (address 7'0000000).
  Merging ports 0, 52 (address 7'0000000).
  Merging ports 0, 53 (address 7'0000000).
  Merging ports 0, 54 (address 7'0000000).
  Merging ports 0, 55 (address 7'0000000).
  Merging ports 0, 56 (address 7'0000000).
  Merging ports 0, 57 (address 7'0000000).
  Merging ports 0, 58 (address 7'0000000).
  Merging ports 0, 59 (address 7'0000000).
  Merging ports 0, 60 (address 7'0000000).
  Merging ports 0, 61 (address 7'0000000).
  Merging ports 0, 62 (address 7'0000000).
  Merging ports 0, 63 (address 7'0000000).
  Merging ports 0, 64 (address 7'0000000).
  Merging ports 66, 67 (address 7'1000010).
  Merging ports 68, 69 (address 7'1000100).
  Merging ports 68, 70 (address 7'1000100).
  Merging ports 68, 71 (address 7'1000100).
  Merging ports 72, 73 (address 7'1001000).
  Merging ports 72, 74 (address 7'1001000).
  Merging ports 72, 75 (address 7'1001000).
  Merging ports 72, 76 (address 7'1001000).
  Merging ports 72, 77 (address 7'1001000).
  Merging ports 72, 78 (address 7'1001000).
  Merging ports 72, 79 (address 7'1001000).
  Merging ports 80, 81 (address 7'1010000).
  Merging ports 80, 82 (address 7'1010000).
  Merging ports 80, 83 (address 7'1010000).
  Merging ports 80, 84 (address 7'1010000).
  Merging ports 80, 85 (address 7'1010000).
  Merging ports 80, 86 (address 7'1010000).
  Merging ports 80, 87 (address 7'1010000).
  Merging ports 80, 88 (address 7'1010000).
  Merging ports 80, 89 (address 7'1010000).
  Merging ports 80, 90 (address 7'1010000).
  Merging ports 80, 91 (address 7'1010000).
  Merging ports 80, 92 (address 7'1010000).
  Merging ports 80, 93 (address 7'1010000).
  Merging ports 80, 94 (address 7'1010000).
  Merging ports 80, 95 (address 7'1010000).
  Merging ports 96, 97 (address 7'1100000).
  Merging ports 96, 98 (address 7'1100000).
  Merging ports 96, 99 (address 7'1100000).
  Merging ports 96, 100 (address 7'1100000).
  Merging ports 96, 101 (address 7'1100000).
  Merging ports 96, 102 (address 7'1100000).
  Merging ports 96, 103 (address 7'1100000).
  Merging ports 96, 104 (address 7'1100000).
  Merging ports 96, 105 (address 7'1100000).
  Merging ports 96, 106 (address 7'1100000).
  Merging ports 96, 107 (address 7'1100000).
  Merging ports 96, 108 (address 7'1100000).
  Merging ports 96, 109 (address 7'1100000).
  Merging ports 96, 110 (address 7'1100000).
  Merging ports 96, 111 (address 7'1100000).
  Merging ports 96, 112 (address 7'1100000).
  Merging ports 96, 113 (address 7'1100000).
  Merging ports 96, 114 (address 7'1100000).
  Merging ports 96, 115 (address 7'1100000).
  Merging ports 96, 116 (address 7'1100000).
  Merging ports 96, 117 (address 7'1100000).
  Merging ports 96, 118 (address 7'1100000).
  Merging ports 96, 119 (address 7'1100000).
  Merging ports 96, 120 (address 7'1100000).
  Merging ports 96, 121 (address 7'1100000).
  Merging ports 96, 122 (address 7'1100000).
  Merging ports 96, 123 (address 7'1100000).
  Merging ports 96, 124 (address 7'1100000).
  Merging ports 96, 125 (address 7'1100000).
  Merging ports 96, 126 (address 7'1100000).
  Merging ports 96, 127 (address 7'1100000).
Consolidating write ports of memory l1d.valid_arr by address:
  Merging ports 1, 2 (address 7'1000001).
  Merging ports 1, 3 (address 7'1000000).
  Merging ports 1, 4 (address 7'1000000).
  Merging ports 1, 5 (address 7'1000000).
  Merging ports 1, 6 (address 7'1000000).
Consolidating write ports of memory l1d.valid_arr by address:
Consolidating read ports of memory l1d.tag_arr by address:
Consolidating write ports of memory l1d.fifo_data using sat-based resource sharing:
  Checking group clocked with posedge \clk, width 64: ports 0, 1.
  Common input cone for all EN signals: 29 cells.
  Size of unconstrained SAT problem: 736 variables, 1705 clauses
  According to SAT solver sharing of port 0 with port 1 is not possible.
Consolidating write ports of memory l1d.fifo_tag using sat-based resource sharing:
  Checking group clocked with posedge \clk, width 4: ports 0, 1.
  Common input cone for all EN signals: 29 cells.
  Size of unconstrained SAT problem: 736 variables, 1705 clauses
  According to SAT solver sharing of port 0 with port 1 is not possible.
Consolidating write ports of memory l1d.plru using sat-based resource sharing:
  Checking group clocked with posedge \clk, width 1: ports 2, 3.
  Common input cone for all EN signals: 29 cells.
  Size of unconstrained SAT problem: 736 variables, 1705 clauses
  According to SAT solver sharing of port 2 with port 3 is not possible.
Consolidating write ports of memory l1d.data_arr using sat-based resource sharing:
  Checking group clocked with posedge \clk, width 512: ports 0, 1.
  Common input cone for all EN signals: 35 cells.
  Size of unconstrained SAT problem: 775 variables, 1804 clauses
  According to SAT solver sharing of port 0 with port 1 is not possible.
Consolidating write ports of memory l1d.dirty_arr using sat-based resource sharing:
  Checking group clocked with posedge \clk, width 1: ports 2, 3, 4.
  Common input cone for all EN signals: 42 cells.
  Size of unconstrained SAT problem: 842 variables, 1966 clauses
  According to SAT solver sharing of port 2 with port 3 is not possible.
  According to SAT solver sharing of port 2 with port 4 is not possible.
  Merging port 4 into port 3.
Consolidating write ports of memory l1d.valid_arr using sat-based resource sharing:
  Checking group clocked with posedge \clk, width 1: ports 2, 3.
  Common input cone for all EN signals: 29 cells.
  Size of unconstrained SAT problem: 736 variables, 1705 clauses
  According to SAT solver sharing of port 2 with port 3 is not possible.
Consolidating read ports of memory $paramod$3b3ebe2a805de999e571f1f6aa39b69c15a9144c\mshr.vaddr_r by address:
  Merging ports 0, 1 (address 2'00).
  Merging ports 0, 2 (address 2'00).
Consolidating read ports of memory $paramod$3b3ebe2a805de999e571f1f6aa39b69c15a9144c\mshr.vaddr_r by address:
Consolidating read ports of memory $paramod$3b3ebe2a805de999e571f1f6aa39b69c15a9144c\mshr.vdirty_r by address:
  Merging ports 0, 1 (address 2'00).
  Merging ports 0, 2 (address 2'00).
Consolidating read ports of memory $paramod$3b3ebe2a805de999e571f1f6aa39b69c15a9144c\mshr.vdirty_r by address:
Consolidating read ports of memory $paramod$3b3ebe2a805de999e571f1f6aa39b69c15a9144c\mshr.way_r by address:
  Merging ports 0, 1 (address 2'00).
  Merging ports 0, 2 (address 2'00).
Consolidating read ports of memory $paramod$3b3ebe2a805de999e571f1f6aa39b69c15a9144c\mshr.way_r by address:
Consolidating read ports of memory $paramod$3b3ebe2a805de999e571f1f6aa39b69c15a9144c\mshr.addr_r by address:
  Merging ports 0, 1 (address 2'00).
  Merging ports 0, 2 (address 2'00).
Consolidating read ports of memory $paramod$3b3ebe2a805de999e571f1f6aa39b69c15a9144c\mshr.addr_r by address:
Consolidating read ports of memory $paramod$3b3ebe2a805de999e571f1f6aa39b69c15a9144c\mshr.st by address:
  Merging ports 0, 1 (address 2'00).
  Merging ports 0, 2 (address 2'00).
Consolidating read ports of memory $paramod$3b3ebe2a805de999e571f1f6aa39b69c15a9144c\mshr.st by address:
Consolidating write ports of memory $paramod$3b3ebe2a805de999e571f1f6aa39b69c15a9144c\mshr.st by address:
  Merging ports 0, 1 (address 2'00).
  Merging ports 0, 2 (address 2'00).
  Merging ports 5, 6 (address \send_idx).
Consolidating write ports of memory $paramod$3b3ebe2a805de999e571f1f6aa39b69c15a9144c\mshr.st by address:
Consolidating write ports of memory $paramod$3b3ebe2a805de999e571f1f6aa39b69c15a9144c\mshr.st using sat-based resource sharing:
  Checking group clocked with posedge \clk, width 3: ports 1, 2, 3, 4, 5.
  Common input cone for all EN signals: 52 cells.
  Size of unconstrained SAT problem: 363 variables, 935 clauses
  Merging port 2 into port 1.
  According to SAT solver sharing of port 1 with port 3 is not possible.
  According to SAT solver sharing of port 1 with port 4 is not possible.
  According to SAT solver sharing of port 1 with port 5 is not possible.
  According to SAT solver sharing of port 3 with port 4 is not possible.
  According to SAT solver sharing of port 3 with port 5 is not possible.
  According to SAT solver sharing of port 4 with port 5 is not possible.

4.15.8. Executing OPT_MEM_WIDEN pass (optimize memories where all ports are wide).
Performed a total of 0 transformations.

4.15.9. Executing OPT_CLEAN pass (remove unused cells and wires).
Finding unused cells or wires in module \l1d..
Finding unused cells or wires in module $paramod$3b3ebe2a805de999e571f1f6aa39b69c15a9144c\mshr..
Removed 12 unused cells and 25 unused wires.
<suppressed ~14 debug messages>

4.15.10. Executing MEMORY_COLLECT pass (generating $mem cells).

4.16. Executing OPT_CLEAN pass (remove unused cells and wires).
Finding unused cells or wires in module \l1d..
Finding unused cells or wires in module $paramod$3b3ebe2a805de999e571f1f6aa39b69c15a9144c\mshr..

4.17. Executing OPT pass (performing simple optimizations).

4.17.1. Executing OPT_EXPR pass (perform const folding).
Optimizing module l1d.
<suppressed ~93 debug messages>
Optimizing module $paramod$3b3ebe2a805de999e571f1f6aa39b69c15a9144c\mshr.
<suppressed ~76 debug messages>

4.17.2. Executing OPT_MERGE pass (detect identical cells).
Finding identical cells in module `\l1d'.
Computing hashes of 198 cells of `\l1d'.
Finding duplicate cells in `\l1d'.
Computing hashes of 193 cells of `\l1d'.
Finding duplicate cells in `\l1d'.
<suppressed ~15 debug messages>
Finding identical cells in module `$paramod$3b3ebe2a805de999e571f1f6aa39b69c15a9144c\mshr'.
Computing hashes of 138 cells of `$paramod$3b3ebe2a805de999e571f1f6aa39b69c15a9144c\mshr'.
Finding duplicate cells in `$paramod$3b3ebe2a805de999e571f1f6aa39b69c15a9144c\mshr'.
Computing hashes of 136 cells of `$paramod$3b3ebe2a805de999e571f1f6aa39b69c15a9144c\mshr'.
Finding duplicate cells in `$paramod$3b3ebe2a805de999e571f1f6aa39b69c15a9144c\mshr'.
<suppressed ~6 debug messages>
Removed a total of 7 cells.

4.17.3. Executing OPT_DFF pass (perform DFF optimizations).
Adding EN signal on $auto$ff.cc:337:slice$5860 ($sdffe) from module l1d (D = $procmux$4171_Y, Q = \fl_idx).

4.17.4. Executing OPT_CLEAN pass (remove unused cells and wires).
Finding unused cells or wires in module \l1d..
Finding unused cells or wires in module $paramod$3b3ebe2a805de999e571f1f6aa39b69c15a9144c\mshr..
Removed 0 unused cells and 122 unused wires.
<suppressed ~5 debug messages>

4.17.5. Rerunning OPT passes. (Removed registers in this run.)

4.17.6. Executing OPT_EXPR pass (perform const folding).
Optimizing module l1d.
<suppressed ~2 debug messages>
Optimizing module $paramod$3b3ebe2a805de999e571f1f6aa39b69c15a9144c\mshr.

4.17.7. Executing OPT_MERGE pass (detect identical cells).
Finding identical cells in module `\l1d'.
Computing hashes of 191 cells of `\l1d'.
Finding duplicate cells in `\l1d'.
Finding identical cells in module `$paramod$3b3ebe2a805de999e571f1f6aa39b69c15a9144c\mshr'.
Computing hashes of 136 cells of `$paramod$3b3ebe2a805de999e571f1f6aa39b69c15a9144c\mshr'.
Finding duplicate cells in `$paramod$3b3ebe2a805de999e571f1f6aa39b69c15a9144c\mshr'.
Removed a total of 0 cells.

4.17.8. Executing OPT_DFF pass (perform DFF optimizations).

4.17.9. Executing OPT_CLEAN pass (remove unused cells and wires).
Finding unused cells or wires in module \l1d..
Finding unused cells or wires in module $paramod$3b3ebe2a805de999e571f1f6aa39b69c15a9144c\mshr..
Removed 0 unused cells and 1 unused wires.
<suppressed ~1 debug messages>

4.17.10. Finished fast OPT passes.

4.18. Executing MEMORY_MAP pass (converting memories to logic and flip-flops).
Mapping memory \fifo_data in module \l1d:
  created 32 $dff cells and 0 static cells of width 64.
Extracted data FF from read port 0 of l1d.fifo_data: $\fifo_data$rdreg[0]
  read interface: 1 $dff and 31 $mux cells.
  write interface: 64 write mux blocks.
Mapping memory \fifo_tag in module \l1d:
  created 32 $dff cells and 0 static cells of width 4.
Extracted data FF from read port 0 of l1d.fifo_tag: $\fifo_tag$rdreg[0]
  read interface: 1 $dff and 31 $mux cells.
  write interface: 64 write mux blocks.
Mapping memory \data_arr in module \l1d:
  created 128 $dff cells and 0 static cells of width 512.
  read interface: 0 $dff and 381 $mux cells.
  write interface: 256 write mux blocks.
Mapping memory \dirty_arr in module \l1d:
  created 128 $dff cells and 0 static cells of width 1.
  read interface: 0 $dff and 254 $mux cells.
  write interface: 512 write mux blocks.
Mapping memory \plru in module \l1d:
  created 64 $dff cells and 0 static cells of width 1.
  read interface: 0 $dff and 63 $mux cells.
  write interface: 256 write mux blocks.
Mapping memory \valid_arr in module \l1d:
  created 128 $dff cells and 0 static cells of width 1.
  read interface: 0 $dff and 381 $mux cells.
  write interface: 512 write mux blocks.
Mapping memory \tag_arr in module \l1d:
  created 128 $dff cells and 0 static cells of width 52.
  read interface: 0 $dff and 508 $mux cells.
  write interface: 128 write mux blocks.
Mapping memory \filldata_r in module $paramod$3b3ebe2a805de999e571f1f6aa39b69c15a9144c\mshr:
  created 4 $dff cells and 0 static cells of width 512.
  read interface: 0 $dff and 3 $mux cells.
  write interface: 4 write mux blocks.
Mapping memory \wdata_r in module $paramod$3b3ebe2a805de999e571f1f6aa39b69c15a9144c\mshr:
  created 4 $dff cells and 0 static cells of width 64.
  read interface: 0 $dff and 3 $mux cells.
  write interface: 4 write mux blocks.
Mapping memory \size_r in module $paramod$3b3ebe2a805de999e571f1f6aa39b69c15a9144c\mshr:
  created 4 $dff cells and 0 static cells of width 2.
  read interface: 0 $dff and 3 $mux cells.
  write interface: 4 write mux blocks.
Mapping memory \we_r in module $paramod$3b3ebe2a805de999e571f1f6aa39b69c15a9144c\mshr:
  created 4 $dff cells and 0 static cells of width 1.
  read interface: 0 $dff and 3 $mux cells.
  write interface: 4 write mux blocks.
Mapping memory \tag_r in module $paramod$3b3ebe2a805de999e571f1f6aa39b69c15a9144c\mshr:
  created 4 $dff cells and 0 static cells of width 4.
  read interface: 0 $dff and 3 $mux cells.
  write interface: 4 write mux blocks.
Mapping memory \vdata_r in module $paramod$3b3ebe2a805de999e571f1f6aa39b69c15a9144c\mshr:
  created 4 $dff cells and 0 static cells of width 512.
  read interface: 0 $dff and 3 $mux cells.
  write interface: 4 write mux blocks.
Mapping memory \st in module $paramod$3b3ebe2a805de999e571f1f6aa39b69c15a9144c\mshr:
  created 4 $dff cells and 0 static cells of width 3.
  read interface: 0 $dff and 6 $mux cells.
  write interface: 20 write mux blocks.
Mapping memory \way_r in module $paramod$3b3ebe2a805de999e571f1f6aa39b69c15a9144c\mshr:
  created 4 $dff cells and 0 static cells of width 1.
  read interface: 0 $dff and 6 $mux cells.
  write interface: 4 write mux blocks.
Mapping memory \addr_r in module $paramod$3b3ebe2a805de999e571f1f6aa39b69c15a9144c\mshr:
  created 4 $dff cells and 0 static cells of width 64.
  read interface: 0 $dff and 9 $mux cells.
  write interface: 4 write mux blocks.
Mapping memory \vdirty_r in module $paramod$3b3ebe2a805de999e571f1f6aa39b69c15a9144c\mshr:
  created 4 $dff cells and 0 static cells of width 1.
  read interface: 0 $dff and 3 $mux cells.
  write interface: 4 write mux blocks.
Mapping memory \vaddr_r in module $paramod$3b3ebe2a805de999e571f1f6aa39b69c15a9144c\mshr:
  created 4 $dff cells and 0 static cells of width 64.
  read interface: 0 $dff and 6 $mux cells.
  write interface: 4 write mux blocks.

4.19. Executing OPT pass (performing simple optimizations).

4.19.1. Executing OPT_EXPR pass (perform const folding).
Optimizing module l1d.
<suppressed ~2179 debug messages>
Optimizing module $paramod$3b3ebe2a805de999e571f1f6aa39b69c15a9144c\mshr.
<suppressed ~44 debug messages>

4.19.2. Executing OPT_MERGE pass (detect identical cells).
Finding identical cells in module `\l1d'.
Computing hashes of 5767 cells of `\l1d'.
Finding duplicate cells in `\l1d'.
Computing hashes of 5447 cells of `\l1d'.
Finding duplicate cells in `\l1d'.
<suppressed ~960 debug messages>
Finding identical cells in module `$paramod$3b3ebe2a805de999e571f1f6aa39b69c15a9144c\mshr'.
Computing hashes of 347 cells of `$paramod$3b3ebe2a805de999e571f1f6aa39b69c15a9144c\mshr'.
Finding duplicate cells in `$paramod$3b3ebe2a805de999e571f1f6aa39b69c15a9144c\mshr'.
Computing hashes of 311 cells of `$paramod$3b3ebe2a805de999e571f1f6aa39b69c15a9144c\mshr'.
Finding duplicate cells in `$paramod$3b3ebe2a805de999e571f1f6aa39b69c15a9144c\mshr'.
<suppressed ~108 debug messages>
Removed a total of 356 cells.

4.19.3. Executing OPT_MUXTREE pass (detect dead branches in mux trees).
Running muxtree optimizer on module \l1d..
  Creating internal representation of mux trees.
  Evaluating internal representation of mux trees.
      Replacing known input bits on port B of cell $auto$memory_share.cc:454:consolidate_wr_using_sat$6213: $0$memwr$\dirty_arr$../rtl/cache/l1d.sv:243$363_EN[0:0]$820 -> 1'1
  Analyzing evaluation results.
Running muxtree optimizer on module $paramod$3b3ebe2a805de999e571f1f6aa39b69c15a9144c\mshr..
  Creating internal representation of mux trees.
  Evaluating internal representation of mux trees.
      Replacing known input bits on port B of cell $auto$memory_share.cc:454:consolidate_wr_using_sat$6235: $0$memwr$\addr_r$../rtl/cache/mshr.sv:147$1851_EN[63:0]$2026 [0] -> 1'1
  Analyzing evaluation results.
Removed 0 multiplexer ports.
<suppressed ~3849 debug messages>

4.19.4. Executing OPT_REDUCE pass (consolidate $*mux and $reduce_* inputs).
  Optimizing cells in module \l1d.
    New input vector for $reduce_and cell $auto$simple.cc:211:make_patterns_logic$6246: { $auto$simple.cc:193:make_patterns_logic$5861 $auto$simple.cc:193:make_patterns_logic$5863 $auto$simple.cc:193:make_patterns_logic$5865 $auto$simple.cc:193:make_patterns_logic$6243 }
  Optimizing cells in module \l1d.
  Optimizing cells in module $paramod$3b3ebe2a805de999e571f1f6aa39b69c15a9144c\mshr.
    Consolidated identical input bits for $mux cell $procmux$4825:
      Old ports: A={ 2'00 $1\busy_cnt[2:0] }, B={ 1'0 $add$../rtl/cache/mshr.sv:120$1995_Y [1:0] }, Y=$2\busy_cnt[2:0]
      New ports: A={ 1'0 $1\busy_cnt[2:0] }, B=$add$../rtl/cache/mshr.sv:120$1995_Y [1:0], Y=$2\busy_cnt[2:0] [1:0]
      New connections: $2\busy_cnt[2:0] [2] = 1'0
    Consolidated identical input bits for $mux cell $auto$memory_share.cc:437:consolidate_wr_using_sat$6232:
      Old ports: A=3'000, B={ 1'0 $0$memwr$\st$../rtl/cache/mshr.sv:156$1860_DATA[2:0]$2052 [1:0] }, Y=$auto$rtlil.cc:3369:Mux$6233
      New ports: A=2'00, B=$0$memwr$\st$../rtl/cache/mshr.sv:156$1860_DATA[2:0]$2052 [1:0], Y=$auto$rtlil.cc:3369:Mux$6233 [1:0]
      New connections: $auto$rtlil.cc:3369:Mux$6233 [2] = 1'0
    Consolidated identical input bits for $mux cell $auto$memory_share.cc:274:consolidate_wr_by_addr$6224:
      Old ports: A=3'010, B=3'011, Y=$auto$rtlil.cc:3369:Mux$6225
      New ports: A=1'0, B=1'1, Y=$auto$rtlil.cc:3369:Mux$6225 [0]
      New connections: $auto$rtlil.cc:3369:Mux$6225 [2:1] = 2'01
    Consolidated identical input bits for $mux cell $procmux$5053:
      Old ports: A=2'00, B=2'11, Y=$1\free_idx[1:0]
      New ports: A=1'0, B=1'1, Y=$1\free_idx[1:0] [0]
      New connections: $1\free_idx[1:0] [1] = $1\free_idx[1:0] [0]
    Consolidated identical input bits for $mux cell $procmux$5047:
      Old ports: A=2'00, B=2'11, Y=$1\done_idx[1:0]
      New ports: A=1'0, B=1'1, Y=$1\done_idx[1:0] [0]
      New connections: $1\done_idx[1:0] [1] = $1\done_idx[1:0] [0]
    Consolidated identical input bits for $mux cell $procmux$5041:
      Old ports: A=2'00, B=2'11, Y=$1\send_idx[1:0]
      New ports: A=1'0, B=1'1, Y=$1\send_idx[1:0] [0]
      New connections: $1\send_idx[1:0] [1] = $1\send_idx[1:0] [0]
  Optimizing cells in module $paramod$3b3ebe2a805de999e571f1f6aa39b69c15a9144c\mshr.
Performed a total of 7 changes.

4.19.5. Executing OPT_MERGE pass (detect identical cells).
Finding identical cells in module `\l1d'.
Computing hashes of 5447 cells of `\l1d'.
Finding duplicate cells in `\l1d'.
Finding identical cells in module `$paramod$3b3ebe2a805de999e571f1f6aa39b69c15a9144c\mshr'.
Computing hashes of 311 cells of `$paramod$3b3ebe2a805de999e571f1f6aa39b69c15a9144c\mshr'.
Finding duplicate cells in `$paramod$3b3ebe2a805de999e571f1f6aa39b69c15a9144c\mshr'.
Removed a total of 0 cells.

4.19.6. Executing OPT_SHARE pass.

4.19.7. Executing OPT_DFF pass (perform DFF optimizations).

4.19.8. Executing OPT_CLEAN pass (remove unused cells and wires).
Finding unused cells or wires in module \l1d..
Finding unused cells or wires in module $paramod$3b3ebe2a805de999e571f1f6aa39b69c15a9144c\mshr..
Removed 1 unused cells and 4057 unused wires.
<suppressed ~3 debug messages>

4.19.9. Executing OPT_EXPR pass (perform const folding).
Optimizing module l1d.
<suppressed ~1 debug messages>
Optimizing module $paramod$3b3ebe2a805de999e571f1f6aa39b69c15a9144c\mshr.
<suppressed ~5 debug messages>

4.19.10. Rerunning OPT passes. (Maybe there is more to do..)

4.19.11. Executing OPT_MUXTREE pass (detect dead branches in mux trees).
Running muxtree optimizer on module \l1d..
  Creating internal representation of mux trees.
  Evaluating internal representation of mux trees.
  Analyzing evaluation results.
Running muxtree optimizer on module $paramod$3b3ebe2a805de999e571f1f6aa39b69c15a9144c\mshr..
  Creating internal representation of mux trees.
  Evaluating internal representation of mux trees.
  Analyzing evaluation results.
Removed 0 multiplexer ports.
<suppressed ~3836 debug messages>

4.19.12. Executing OPT_REDUCE pass (consolidate $*mux and $reduce_* inputs).
  Optimizing cells in module \l1d.
  Optimizing cells in module $paramod$3b3ebe2a805de999e571f1f6aa39b69c15a9144c\mshr.
Performed a total of 0 changes.

4.19.13. Executing OPT_MERGE pass (detect identical cells).
Finding identical cells in module `\l1d'.
Computing hashes of 5446 cells of `\l1d'.
Finding duplicate cells in `\l1d'.
Finding identical cells in module `$paramod$3b3ebe2a805de999e571f1f6aa39b69c15a9144c\mshr'.
Computing hashes of 307 cells of `$paramod$3b3ebe2a805de999e571f1f6aa39b69c15a9144c\mshr'.
Finding duplicate cells in `$paramod$3b3ebe2a805de999e571f1f6aa39b69c15a9144c\mshr'.
Removed a total of 0 cells.

4.19.14. Executing OPT_SHARE pass.

4.19.15. Executing OPT_DFF pass (perform DFF optimizations).
Adding EN signal on $memory\fifo_data[0]$6247 ($dff) from module l1d (D = $memory\fifo_data$wrmux[0][1][0]$y$6447, Q = \fifo_data[0]).
Adding EN signal on $memory\fifo_data[1]$6249 ($dff) from module l1d (D = $memory\fifo_data$wrmux[1][1][0]$y$6467, Q = \fifo_data[1]).
Adding EN signal on $memory\fifo_data[2]$6251 ($dff) from module l1d (D = $memory\fifo_data$wrmux[2][1][0]$y$6487, Q = \fifo_data[2]).
Adding EN signal on $memory\fifo_data[3]$6253 ($dff) from module l1d (D = $memory\fifo_data$wrmux[3][1][0]$y$6503, Q = \fifo_data[3]).
Adding EN signal on $memory\fifo_data[4]$6255 ($dff) from module l1d (D = $memory\fifo_data$wrmux[4][1][0]$y$6523, Q = \fifo_data[4]).
Adding EN signal on $memory\fifo_data[5]$6257 ($dff) from module l1d (D = $memory\fifo_data$wrmux[5][1][0]$y$6535, Q = \fifo_data[5]).
Adding EN signal on $memory\fifo_data[6]$6259 ($dff) from module l1d (D = $memory\fifo_data$wrmux[6][1][0]$y$6547, Q = \fifo_data[6]).
Adding EN signal on $memory\fifo_data[7]$6261 ($dff) from module l1d (D = $memory\fifo_data$wrmux[7][1][0]$y$6559, Q = \fifo_data[7]).
Adding EN signal on $memory\fifo_data[8]$6263 ($dff) from module l1d (D = $memory\fifo_data$wrmux[8][1][0]$y$6583, Q = \fifo_data[8]).
Adding EN signal on $memory\fifo_data[9]$6265 ($dff) from module l1d (D = $memory\fifo_data$wrmux[9][1][0]$y$6595, Q = \fifo_data[9]).
Adding EN signal on $memory\fifo_data[10]$6267 ($dff) from module l1d (D = $memory\fifo_data$wrmux[10][1][0]$y$6607, Q = \fifo_data[10]).
Adding EN signal on $memory\fifo_data[11]$6269 ($dff) from module l1d (D = $memory\fifo_data$wrmux[11][1][0]$y$6619, Q = \fifo_data[11]).
Adding EN signal on $memory\fifo_data[12]$6271 ($dff) from module l1d (D = $memory\fifo_data$wrmux[12][1][0]$y$6635, Q = \fifo_data[12]).
Adding EN signal on $memory\fifo_data[13]$6273 ($dff) from module l1d (D = $memory\fifo_data$wrmux[13][1][0]$y$6647, Q = \fifo_data[13]).
Adding EN signal on $memory\fifo_data[14]$6275 ($dff) from module l1d (D = $memory\fifo_data$wrmux[14][1][0]$y$6659, Q = \fifo_data[14]).
Adding EN signal on $memory\fifo_data[15]$6277 ($dff) from module l1d (D = $memory\fifo_data$wrmux[15][1][0]$y$6671, Q = \fifo_data[15]).
Adding EN signal on $memory\fifo_data[16]$6279 ($dff) from module l1d (D = $memory\fifo_data$wrmux[16][1][0]$y$6695, Q = \fifo_data[16]).
Adding EN signal on $memory\fifo_data[17]$6281 ($dff) from module l1d (D = $memory\fifo_data$wrmux[17][1][0]$y$6707, Q = \fifo_data[17]).
Adding EN signal on $memory\fifo_data[18]$6283 ($dff) from module l1d (D = $memory\fifo_data$wrmux[18][1][0]$y$6719, Q = \fifo_data[18]).
Adding EN signal on $memory\fifo_data[19]$6285 ($dff) from module l1d (D = $memory\fifo_data$wrmux[19][1][0]$y$6731, Q = \fifo_data[19]).
Adding EN signal on $memory\fifo_data[20]$6287 ($dff) from module l1d (D = $memory\fifo_data$wrmux[20][1][0]$y$6747, Q = \fifo_data[20]).
Adding EN signal on $memory\fifo_data[21]$6289 ($dff) from module l1d (D = $memory\fifo_data$wrmux[21][1][0]$y$6759, Q = \fifo_data[21]).
Adding EN signal on $memory\fifo_data[22]$6291 ($dff) from module l1d (D = $memory\fifo_data$wrmux[22][1][0]$y$6771, Q = \fifo_data[22]).
Adding EN signal on $memory\fifo_data[23]$6293 ($dff) from module l1d (D = $memory\fifo_data$wrmux[23][1][0]$y$6783, Q = \fifo_data[23]).
Adding EN signal on $memory\fifo_data[24]$6295 ($dff) from module l1d (D = $memory\fifo_data$wrmux[24][1][0]$y$6803, Q = \fifo_data[24]).
Adding EN signal on $memory\fifo_data[25]$6297 ($dff) from module l1d (D = $memory\fifo_data$wrmux[25][1][0]$y$6815, Q = \fifo_data[25]).
Adding EN signal on $memory\fifo_data[26]$6299 ($dff) from module l1d (D = $memory\fifo_data$wrmux[26][1][0]$y$6827, Q = \fifo_data[26]).
Adding EN signal on $memory\fifo_data[27]$6301 ($dff) from module l1d (D = $memory\fifo_data$wrmux[27][1][0]$y$6839, Q = \fifo_data[27]).
Adding EN signal on $memory\fifo_data[28]$6303 ($dff) from module l1d (D = $memory\fifo_data$wrmux[28][1][0]$y$6855, Q = \fifo_data[28]).
Adding EN signal on $memory\fifo_data[29]$6305 ($dff) from module l1d (D = $memory\fifo_data$wrmux[29][1][0]$y$6867, Q = \fifo_data[29]).
Adding EN signal on $memory\fifo_data[30]$6307 ($dff) from module l1d (D = $memory\fifo_data$wrmux[30][1][0]$y$6879, Q = \fifo_data[30]).
Adding EN signal on $memory\fifo_data[31]$6309 ($dff) from module l1d (D = $memory\fifo_data$wrmux[31][1][0]$y$6891, Q = \fifo_data[31]).
Adding EN signal on $memory\fifo_tag[0]$6892 ($dff) from module l1d (D = $memory\fifo_tag$wrmux[0][1][0]$y$7056, Q = \fifo_tag[0]).
Adding EN signal on $memory\fifo_tag[1]$6894 ($dff) from module l1d (D = $memory\fifo_tag$wrmux[1][1][0]$y$7064, Q = \fifo_tag[1]).
Adding EN signal on $memory\fifo_tag[2]$6896 ($dff) from module l1d (D = $memory\fifo_tag$wrmux[2][1][0]$y$7072, Q = \fifo_tag[2]).
Adding EN signal on $memory\fifo_tag[3]$6898 ($dff) from module l1d (D = $memory\fifo_tag$wrmux[3][1][0]$y$7080, Q = \fifo_tag[3]).
Adding EN signal on $memory\fifo_tag[4]$6900 ($dff) from module l1d (D = $memory\fifo_tag$wrmux[4][1][0]$y$7088, Q = \fifo_tag[4]).
Adding EN signal on $memory\fifo_tag[5]$6902 ($dff) from module l1d (D = $memory\fifo_tag$wrmux[5][1][0]$y$7096, Q = \fifo_tag[5]).
Adding EN signal on $memory\fifo_tag[6]$6904 ($dff) from module l1d (D = $memory\fifo_tag$wrmux[6][1][0]$y$7104, Q = \fifo_tag[6]).
Adding EN signal on $memory\fifo_tag[7]$6906 ($dff) from module l1d (D = $memory\fifo_tag$wrmux[7][1][0]$y$7112, Q = \fifo_tag[7]).
Adding EN signal on $memory\fifo_tag[8]$6908 ($dff) from module l1d (D = $memory\fifo_tag$wrmux[8][1][0]$y$7120, Q = \fifo_tag[8]).
Adding EN signal on $memory\fifo_tag[9]$6910 ($dff) from module l1d (D = $memory\fifo_tag$wrmux[9][1][0]$y$7128, Q = \fifo_tag[9]).
Adding EN signal on $memory\fifo_tag[10]$6912 ($dff) from module l1d (D = $memory\fifo_tag$wrmux[10][1][0]$y$7136, Q = \fifo_tag[10]).
Adding EN signal on $memory\fifo_tag[11]$6914 ($dff) from module l1d (D = $memory\fifo_tag$wrmux[11][1][0]$y$7144, Q = \fifo_tag[11]).
Adding EN signal on $memory\fifo_tag[12]$6916 ($dff) from module l1d (D = $memory\fifo_tag$wrmux[12][1][0]$y$7152, Q = \fifo_tag[12]).
Adding EN signal on $memory\fifo_tag[13]$6918 ($dff) from module l1d (D = $memory\fifo_tag$wrmux[13][1][0]$y$7160, Q = \fifo_tag[13]).
Adding EN signal on $memory\fifo_tag[14]$6920 ($dff) from module l1d (D = $memory\fifo_tag$wrmux[14][1][0]$y$7168, Q = \fifo_tag[14]).
Adding EN signal on $memory\fifo_tag[15]$6922 ($dff) from module l1d (D = $memory\fifo_tag$wrmux[15][1][0]$y$7176, Q = \fifo_tag[15]).
Adding EN signal on $memory\fifo_tag[16]$6924 ($dff) from module l1d (D = $memory\fifo_tag$wrmux[16][1][0]$y$7184, Q = \fifo_tag[16]).
Adding EN signal on $memory\fifo_tag[17]$6926 ($dff) from module l1d (D = $memory\fifo_tag$wrmux[17][1][0]$y$7192, Q = \fifo_tag[17]).
Adding EN signal on $memory\fifo_tag[18]$6928 ($dff) from module l1d (D = $memory\fifo_tag$wrmux[18][1][0]$y$7200, Q = \fifo_tag[18]).
Adding EN signal on $memory\fifo_tag[19]$6930 ($dff) from module l1d (D = $memory\fifo_tag$wrmux[19][1][0]$y$7208, Q = \fifo_tag[19]).
Adding EN signal on $memory\fifo_tag[20]$6932 ($dff) from module l1d (D = $memory\fifo_tag$wrmux[20][1][0]$y$7216, Q = \fifo_tag[20]).
Adding EN signal on $memory\fifo_tag[21]$6934 ($dff) from module l1d (D = $memory\fifo_tag$wrmux[21][1][0]$y$7224, Q = \fifo_tag[21]).
Adding EN signal on $memory\fifo_tag[22]$6936 ($dff) from module l1d (D = $memory\fifo_tag$wrmux[22][1][0]$y$7232, Q = \fifo_tag[22]).
Adding EN signal on $memory\fifo_tag[23]$6938 ($dff) from module l1d (D = $memory\fifo_tag$wrmux[23][1][0]$y$7240, Q = \fifo_tag[23]).
Adding EN signal on $memory\fifo_tag[24]$6940 ($dff) from module l1d (D = $memory\fifo_tag$wrmux[24][1][0]$y$7248, Q = \fifo_tag[24]).
Adding EN signal on $memory\fifo_tag[25]$6942 ($dff) from module l1d (D = $memory\fifo_tag$wrmux[25][1][0]$y$7256, Q = \fifo_tag[25]).
Adding EN signal on $memory\fifo_tag[26]$6944 ($dff) from module l1d (D = $memory\fifo_tag$wrmux[26][1][0]$y$7264, Q = \fifo_tag[26]).
Adding EN signal on $memory\fifo_tag[27]$6946 ($dff) from module l1d (D = $memory\fifo_tag$wrmux[27][1][0]$y$7272, Q = \fifo_tag[27]).
Adding EN signal on $memory\fifo_tag[28]$6948 ($dff) from module l1d (D = $memory\fifo_tag$wrmux[28][1][0]$y$7280, Q = \fifo_tag[28]).
Adding EN signal on $memory\fifo_tag[29]$6950 ($dff) from module l1d (D = $memory\fifo_tag$wrmux[29][1][0]$y$7288, Q = \fifo_tag[29]).
Adding EN signal on $memory\fifo_tag[30]$6952 ($dff) from module l1d (D = $memory\fifo_tag$wrmux[30][1][0]$y$7296, Q = \fifo_tag[30]).
Adding EN signal on $memory\fifo_tag[31]$6954 ($dff) from module l1d (D = $memory\fifo_tag$wrmux[31][1][0]$y$7304, Q = \fifo_tag[31]).
Adding EN signal on $memory\data_arr[0]$7305 ($dff) from module l1d (D = $memory\data_arr$wrmux[0][1][0]$y$8763, Q = \data_arr[0]).
Adding EN signal on $memory\data_arr[1]$7307 ($dff) from module l1d (D = $memory\data_arr$wrmux[1][1][0]$y$8783, Q = \data_arr[1]).
Adding EN signal on $memory\data_arr[2]$7309 ($dff) from module l1d (D = $memory\data_arr$wrmux[2][1][0]$y$8807, Q = \data_arr[2]).
Adding EN signal on $memory\data_arr[3]$7311 ($dff) from module l1d (D = $memory\data_arr$wrmux[3][1][0]$y$8823, Q = \data_arr[3]).
Adding EN signal on $memory\data_arr[4]$7313 ($dff) from module l1d (D = $memory\data_arr$wrmux[4][1][0]$y$8847, Q = \data_arr[4]).
Adding EN signal on $memory\data_arr[5]$7315 ($dff) from module l1d (D = $memory\data_arr$wrmux[5][1][0]$y$8863, Q = \data_arr[5]).
Adding EN signal on $memory\data_arr[6]$7317 ($dff) from module l1d (D = $memory\data_arr$wrmux[6][1][0]$y$8883, Q = \data_arr[6]).
Adding EN signal on $memory\data_arr[7]$7319 ($dff) from module l1d (D = $memory\data_arr$wrmux[7][1][0]$y$8899, Q = \data_arr[7]).
Adding EN signal on $memory\data_arr[8]$7321 ($dff) from module l1d (D = $memory\data_arr$wrmux[8][1][0]$y$8923, Q = \data_arr[8]).
Adding EN signal on $memory\data_arr[9]$7323 ($dff) from module l1d (D = $memory\data_arr$wrmux[9][1][0]$y$8935, Q = \data_arr[9]).
Adding EN signal on $memory\data_arr[10]$7325 ($dff) from module l1d (D = $memory\data_arr$wrmux[10][1][0]$y$8947, Q = \data_arr[10]).
Adding EN signal on $memory\data_arr[11]$7327 ($dff) from module l1d (D = $memory\data_arr$wrmux[11][1][0]$y$8959, Q = \data_arr[11]).
Adding EN signal on $memory\data_arr[12]$7329 ($dff) from module l1d (D = $memory\data_arr$wrmux[12][1][0]$y$8971, Q = \data_arr[12]).
Adding EN signal on $memory\data_arr[13]$7331 ($dff) from module l1d (D = $memory\data_arr$wrmux[13][1][0]$y$8983, Q = \data_arr[13]).
Adding EN signal on $memory\data_arr[14]$7333 ($dff) from module l1d (D = $memory\data_arr$wrmux[14][1][0]$y$8995, Q = \data_arr[14]).
Adding EN signal on $memory\data_arr[15]$7335 ($dff) from module l1d (D = $memory\data_arr$wrmux[15][1][0]$y$9007, Q = \data_arr[15]).
Adding EN signal on $memory\data_arr[16]$7337 ($dff) from module l1d (D = $memory\data_arr$wrmux[16][1][0]$y$9031, Q = \data_arr[16]).
Adding EN signal on $memory\data_arr[17]$7339 ($dff) from module l1d (D = $memory\data_arr$wrmux[17][1][0]$y$9043, Q = \data_arr[17]).
Adding EN signal on $memory\data_arr[18]$7341 ($dff) from module l1d (D = $memory\data_arr$wrmux[18][1][0]$y$9055, Q = \data_arr[18]).
Adding EN signal on $memory\data_arr[19]$7343 ($dff) from module l1d (D = $memory\data_arr$wrmux[19][1][0]$y$9067, Q = \data_arr[19]).
Adding EN signal on $memory\data_arr[20]$7345 ($dff) from module l1d (D = $memory\data_arr$wrmux[20][1][0]$y$9079, Q = \data_arr[20]).
Adding EN signal on $memory\data_arr[21]$7347 ($dff) from module l1d (D = $memory\data_arr$wrmux[21][1][0]$y$9091, Q = \data_arr[21]).
Adding EN signal on $memory\data_arr[22]$7349 ($dff) from module l1d (D = $memory\data_arr$wrmux[22][1][0]$y$9103, Q = \data_arr[22]).
Adding EN signal on $memory\data_arr[23]$7351 ($dff) from module l1d (D = $memory\data_arr$wrmux[23][1][0]$y$9115, Q = \data_arr[23]).
Adding EN signal on $memory\data_arr[24]$7353 ($dff) from module l1d (D = $memory\data_arr$wrmux[24][1][0]$y$9135, Q = \data_arr[24]).
Adding EN signal on $memory\data_arr[25]$7355 ($dff) from module l1d (D = $memory\data_arr$wrmux[25][1][0]$y$9147, Q = \data_arr[25]).
Adding EN signal on $memory\data_arr[26]$7357 ($dff) from module l1d (D = $memory\data_arr$wrmux[26][1][0]$y$9159, Q = \data_arr[26]).
Adding EN signal on $memory\data_arr[27]$7359 ($dff) from module l1d (D = $memory\data_arr$wrmux[27][1][0]$y$9171, Q = \data_arr[27]).
Adding EN signal on $memory\data_arr[28]$7361 ($dff) from module l1d (D = $memory\data_arr$wrmux[28][1][0]$y$9183, Q = \data_arr[28]).
Adding EN signal on $memory\data_arr[29]$7363 ($dff) from module l1d (D = $memory\data_arr$wrmux[29][1][0]$y$9195, Q = \data_arr[29]).
Adding EN signal on $memory\data_arr[30]$7365 ($dff) from module l1d (D = $memory\data_arr$wrmux[30][1][0]$y$9207, Q = \data_arr[30]).
Adding EN signal on $memory\data_arr[31]$7367 ($dff) from module l1d (D = $memory\data_arr$wrmux[31][1][0]$y$9219, Q = \data_arr[31]).
Adding EN signal on $memory\data_arr[32]$7369 ($dff) from module l1d (D = $memory\data_arr$wrmux[32][1][0]$y$9243, Q = \data_arr[32]).
Adding EN signal on $memory\data_arr[33]$7371 ($dff) from module l1d (D = $memory\data_arr$wrmux[33][1][0]$y$9255, Q = \data_arr[33]).
Adding EN signal on $memory\data_arr[34]$7373 ($dff) from module l1d (D = $memory\data_arr$wrmux[34][1][0]$y$9267, Q = \data_arr[34]).
Adding EN signal on $memory\data_arr[35]$7375 ($dff) from module l1d (D = $memory\data_arr$wrmux[35][1][0]$y$9279, Q = \data_arr[35]).
Adding EN signal on $memory\data_arr[36]$7377 ($dff) from module l1d (D = $memory\data_arr$wrmux[36][1][0]$y$9291, Q = \data_arr[36]).
Adding EN signal on $memory\data_arr[37]$7379 ($dff) from module l1d (D = $memory\data_arr$wrmux[37][1][0]$y$9303, Q = \data_arr[37]).
Adding EN signal on $memory\data_arr[38]$7381 ($dff) from module l1d (D = $memory\data_arr$wrmux[38][1][0]$y$9315, Q = \data_arr[38]).
Adding EN signal on $memory\data_arr[39]$7383 ($dff) from module l1d (D = $memory\data_arr$wrmux[39][1][0]$y$9327, Q = \data_arr[39]).
Adding EN signal on $memory\data_arr[40]$7385 ($dff) from module l1d (D = $memory\data_arr$wrmux[40][1][0]$y$9343, Q = \data_arr[40]).
Adding EN signal on $memory\data_arr[41]$7387 ($dff) from module l1d (D = $memory\data_arr$wrmux[41][1][0]$y$9355, Q = \data_arr[41]).
Adding EN signal on $memory\data_arr[42]$7389 ($dff) from module l1d (D = $memory\data_arr$wrmux[42][1][0]$y$9367, Q = \data_arr[42]).
Adding EN signal on $memory\data_arr[43]$7391 ($dff) from module l1d (D = $memory\data_arr$wrmux[43][1][0]$y$9379, Q = \data_arr[43]).
Adding EN signal on $memory\data_arr[44]$7393 ($dff) from module l1d (D = $memory\data_arr$wrmux[44][1][0]$y$9391, Q = \data_arr[44]).
Adding EN signal on $memory\data_arr[45]$7395 ($dff) from module l1d (D = $memory\data_arr$wrmux[45][1][0]$y$9403, Q = \data_arr[45]).
Adding EN signal on $memory\data_arr[46]$7397 ($dff) from module l1d (D = $memory\data_arr$wrmux[46][1][0]$y$9415, Q = \data_arr[46]).
Adding EN signal on $memory\data_arr[47]$7399 ($dff) from module l1d (D = $memory\data_arr$wrmux[47][1][0]$y$9427, Q = \data_arr[47]).
Adding EN signal on $memory\data_arr[48]$7401 ($dff) from module l1d (D = $memory\data_arr$wrmux[48][1][0]$y$9443, Q = \data_arr[48]).
Adding EN signal on $memory\data_arr[49]$7403 ($dff) from module l1d (D = $memory\data_arr$wrmux[49][1][0]$y$9455, Q = \data_arr[49]).
Adding EN signal on $memory\data_arr[50]$7405 ($dff) from module l1d (D = $memory\data_arr$wrmux[50][1][0]$y$9467, Q = \data_arr[50]).
Adding EN signal on $memory\data_arr[51]$7407 ($dff) from module l1d (D = $memory\data_arr$wrmux[51][1][0]$y$9479, Q = \data_arr[51]).
Adding EN signal on $memory\data_arr[52]$7409 ($dff) from module l1d (D = $memory\data_arr$wrmux[52][1][0]$y$9491, Q = \data_arr[52]).
Adding EN signal on $memory\data_arr[53]$7411 ($dff) from module l1d (D = $memory\data_arr$wrmux[53][1][0]$y$9503, Q = \data_arr[53]).
Adding EN signal on $memory\data_arr[54]$7413 ($dff) from module l1d (D = $memory\data_arr$wrmux[54][1][0]$y$9515, Q = \data_arr[54]).
Adding EN signal on $memory\data_arr[55]$7415 ($dff) from module l1d (D = $memory\data_arr$wrmux[55][1][0]$y$9527, Q = \data_arr[55]).
Adding EN signal on $memory\data_arr[56]$7417 ($dff) from module l1d (D = $memory\data_arr$wrmux[56][1][0]$y$9543, Q = \data_arr[56]).
Adding EN signal on $memory\data_arr[57]$7419 ($dff) from module l1d (D = $memory\data_arr$wrmux[57][1][0]$y$9555, Q = \data_arr[57]).
Adding EN signal on $memory\data_arr[58]$7421 ($dff) from module l1d (D = $memory\data_arr$wrmux[58][1][0]$y$9567, Q = \data_arr[58]).
Adding EN signal on $memory\data_arr[59]$7423 ($dff) from module l1d (D = $memory\data_arr$wrmux[59][1][0]$y$9579, Q = \data_arr[59]).
Adding EN signal on $memory\data_arr[60]$7425 ($dff) from module l1d (D = $memory\data_arr$wrmux[60][1][0]$y$9591, Q = \data_arr[60]).
Adding EN signal on $memory\data_arr[61]$7427 ($dff) from module l1d (D = $memory\data_arr$wrmux[61][1][0]$y$9603, Q = \data_arr[61]).
Adding EN signal on $memory\data_arr[62]$7429 ($dff) from module l1d (D = $memory\data_arr$wrmux[62][1][0]$y$9615, Q = \data_arr[62]).
Adding EN signal on $memory\data_arr[63]$7431 ($dff) from module l1d (D = $memory\data_arr$wrmux[63][1][0]$y$9627, Q = \data_arr[63]).
Adding EN signal on $memory\data_arr[64]$7433 ($dff) from module l1d (D = $memory\data_arr$wrmux[64][1][0]$y$9651, Q = \data_arr[64]).
Adding EN signal on $memory\data_arr[65]$7435 ($dff) from module l1d (D = $memory\data_arr$wrmux[65][1][0]$y$9663, Q = \data_arr[65]).
Adding EN signal on $memory\data_arr[66]$7437 ($dff) from module l1d (D = $memory\data_arr$wrmux[66][1][0]$y$9675, Q = \data_arr[66]).
Adding EN signal on $memory\data_arr[67]$7439 ($dff) from module l1d (D = $memory\data_arr$wrmux[67][1][0]$y$9687, Q = \data_arr[67]).
Adding EN signal on $memory\data_arr[68]$7441 ($dff) from module l1d (D = $memory\data_arr$wrmux[68][1][0]$y$9699, Q = \data_arr[68]).
Adding EN signal on $memory\data_arr[69]$7443 ($dff) from module l1d (D = $memory\data_arr$wrmux[69][1][0]$y$9711, Q = \data_arr[69]).
Adding EN signal on $memory\data_arr[70]$7445 ($dff) from module l1d (D = $memory\data_arr$wrmux[70][1][0]$y$9723, Q = \data_arr[70]).
Adding EN signal on $memory\data_arr[71]$7447 ($dff) from module l1d (D = $memory\data_arr$wrmux[71][1][0]$y$9735, Q = \data_arr[71]).
Adding EN signal on $memory\data_arr[72]$7449 ($dff) from module l1d (D = $memory\data_arr$wrmux[72][1][0]$y$9751, Q = \data_arr[72]).
Adding EN signal on $memory\data_arr[73]$7451 ($dff) from module l1d (D = $memory\data_arr$wrmux[73][1][0]$y$9763, Q = \data_arr[73]).
Adding EN signal on $memory\data_arr[74]$7453 ($dff) from module l1d (D = $memory\data_arr$wrmux[74][1][0]$y$9775, Q = \data_arr[74]).
Adding EN signal on $memory\data_arr[75]$7455 ($dff) from module l1d (D = $memory\data_arr$wrmux[75][1][0]$y$9787, Q = \data_arr[75]).
Adding EN signal on $memory\data_arr[76]$7457 ($dff) from module l1d (D = $memory\data_arr$wrmux[76][1][0]$y$9799, Q = \data_arr[76]).
Adding EN signal on $memory\data_arr[77]$7459 ($dff) from module l1d (D = $memory\data_arr$wrmux[77][1][0]$y$9811, Q = \data_arr[77]).
Adding EN signal on $memory\data_arr[78]$7461 ($dff) from module l1d (D = $memory\data_arr$wrmux[78][1][0]$y$9823, Q = \data_arr[78]).
Adding EN signal on $memory\data_arr[79]$7463 ($dff) from module l1d (D = $memory\data_arr$wrmux[79][1][0]$y$9835, Q = \data_arr[79]).
Adding EN signal on $memory\data_arr[80]$7465 ($dff) from module l1d (D = $memory\data_arr$wrmux[80][1][0]$y$9851, Q = \data_arr[80]).
Adding EN signal on $memory\data_arr[81]$7467 ($dff) from module l1d (D = $memory\data_arr$wrmux[81][1][0]$y$9863, Q = \data_arr[81]).
Adding EN signal on $memory\data_arr[82]$7469 ($dff) from module l1d (D = $memory\data_arr$wrmux[82][1][0]$y$9875, Q = \data_arr[82]).
Adding EN signal on $memory\data_arr[83]$7471 ($dff) from module l1d (D = $memory\data_arr$wrmux[83][1][0]$y$9887, Q = \data_arr[83]).
Adding EN signal on $memory\data_arr[84]$7473 ($dff) from module l1d (D = $memory\data_arr$wrmux[84][1][0]$y$9899, Q = \data_arr[84]).
Adding EN signal on $memory\data_arr[85]$7475 ($dff) from module l1d (D = $memory\data_arr$wrmux[85][1][0]$y$9911, Q = \data_arr[85]).
Adding EN signal on $memory\data_arr[86]$7477 ($dff) from module l1d (D = $memory\data_arr$wrmux[86][1][0]$y$9923, Q = \data_arr[86]).
Adding EN signal on $memory\data_arr[87]$7479 ($dff) from module l1d (D = $memory\data_arr$wrmux[87][1][0]$y$9935, Q = \data_arr[87]).
Adding EN signal on $memory\data_arr[88]$7481 ($dff) from module l1d (D = $memory\data_arr$wrmux[88][1][0]$y$9951, Q = \data_arr[88]).
Adding EN signal on $memory\data_arr[89]$7483 ($dff) from module l1d (D = $memory\data_arr$wrmux[89][1][0]$y$9963, Q = \data_arr[89]).
Adding EN signal on $memory\data_arr[90]$7485 ($dff) from module l1d (D = $memory\data_arr$wrmux[90][1][0]$y$9975, Q = \data_arr[90]).
Adding EN signal on $memory\data_arr[91]$7487 ($dff) from module l1d (D = $memory\data_arr$wrmux[91][1][0]$y$9987, Q = \data_arr[91]).
Adding EN signal on $memory\data_arr[92]$7489 ($dff) from module l1d (D = $memory\data_arr$wrmux[92][1][0]$y$9999, Q = \data_arr[92]).
Adding EN signal on $memory\data_arr[93]$7491 ($dff) from module l1d (D = $memory\data_arr$wrmux[93][1][0]$y$10011, Q = \data_arr[93]).
Adding EN signal on $memory\data_arr[94]$7493 ($dff) from module l1d (D = $memory\data_arr$wrmux[94][1][0]$y$10023, Q = \data_arr[94]).
Adding EN signal on $memory\data_arr[95]$7495 ($dff) from module l1d (D = $memory\data_arr$wrmux[95][1][0]$y$10035, Q = \data_arr[95]).
Adding EN signal on $memory\data_arr[96]$7497 ($dff) from module l1d (D = $memory\data_arr$wrmux[96][1][0]$y$10055, Q = \data_arr[96]).
Adding EN signal on $memory\data_arr[97]$7499 ($dff) from module l1d (D = $memory\data_arr$wrmux[97][1][0]$y$10067, Q = \data_arr[97]).
Adding EN signal on $memory\data_arr[98]$7501 ($dff) from module l1d (D = $memory\data_arr$wrmux[98][1][0]$y$10079, Q = \data_arr[98]).
Adding EN signal on $memory\data_arr[99]$7503 ($dff) from module l1d (D = $memory\data_arr$wrmux[99][1][0]$y$10091, Q = \data_arr[99]).
Adding EN signal on $memory\data_arr[100]$7505 ($dff) from module l1d (D = $memory\data_arr$wrmux[100][1][0]$y$10103, Q = \data_arr[100]).
Adding EN signal on $memory\data_arr[101]$7507 ($dff) from module l1d (D = $memory\data_arr$wrmux[101][1][0]$y$10115, Q = \data_arr[101]).
Adding EN signal on $memory\data_arr[102]$7509 ($dff) from module l1d (D = $memory\data_arr$wrmux[102][1][0]$y$10127, Q = \data_arr[102]).
Adding EN signal on $memory\data_arr[103]$7511 ($dff) from module l1d (D = $memory\data_arr$wrmux[103][1][0]$y$10139, Q = \data_arr[103]).
Adding EN signal on $memory\data_arr[104]$7513 ($dff) from module l1d (D = $memory\data_arr$wrmux[104][1][0]$y$10155, Q = \data_arr[104]).
Adding EN signal on $memory\data_arr[105]$7515 ($dff) from module l1d (D = $memory\data_arr$wrmux[105][1][0]$y$10167, Q = \data_arr[105]).
Adding EN signal on $memory\data_arr[106]$7517 ($dff) from module l1d (D = $memory\data_arr$wrmux[106][1][0]$y$10179, Q = \data_arr[106]).
Adding EN signal on $memory\data_arr[107]$7519 ($dff) from module l1d (D = $memory\data_arr$wrmux[107][1][0]$y$10191, Q = \data_arr[107]).
Adding EN signal on $memory\data_arr[108]$7521 ($dff) from module l1d (D = $memory\data_arr$wrmux[108][1][0]$y$10203, Q = \data_arr[108]).
Adding EN signal on $memory\data_arr[109]$7523 ($dff) from module l1d (D = $memory\data_arr$wrmux[109][1][0]$y$10215, Q = \data_arr[109]).
Adding EN signal on $memory\data_arr[110]$7525 ($dff) from module l1d (D = $memory\data_arr$wrmux[110][1][0]$y$10227, Q = \data_arr[110]).
Adding EN signal on $memory\data_arr[111]$7527 ($dff) from module l1d (D = $memory\data_arr$wrmux[111][1][0]$y$10239, Q = \data_arr[111]).
Adding EN signal on $memory\data_arr[112]$7529 ($dff) from module l1d (D = $memory\data_arr$wrmux[112][1][0]$y$10255, Q = \data_arr[112]).
Adding EN signal on $memory\data_arr[113]$7531 ($dff) from module l1d (D = $memory\data_arr$wrmux[113][1][0]$y$10267, Q = \data_arr[113]).
Adding EN signal on $memory\data_arr[114]$7533 ($dff) from module l1d (D = $memory\data_arr$wrmux[114][1][0]$y$10279, Q = \data_arr[114]).
Adding EN signal on $memory\data_arr[115]$7535 ($dff) from module l1d (D = $memory\data_arr$wrmux[115][1][0]$y$10291, Q = \data_arr[115]).
Adding EN signal on $memory\data_arr[116]$7537 ($dff) from module l1d (D = $memory\data_arr$wrmux[116][1][0]$y$10303, Q = \data_arr[116]).
Adding EN signal on $memory\data_arr[117]$7539 ($dff) from module l1d (D = $memory\data_arr$wrmux[117][1][0]$y$10315, Q = \data_arr[117]).
Adding EN signal on $memory\data_arr[118]$7541 ($dff) from module l1d (D = $memory\data_arr$wrmux[118][1][0]$y$10327, Q = \data_arr[118]).
Adding EN signal on $memory\data_arr[119]$7543 ($dff) from module l1d (D = $memory\data_arr$wrmux[119][1][0]$y$10339, Q = \data_arr[119]).
Adding EN signal on $memory\data_arr[120]$7545 ($dff) from module l1d (D = $memory\data_arr$wrmux[120][1][0]$y$10355, Q = \data_arr[120]).
Adding EN signal on $memory\data_arr[121]$7547 ($dff) from module l1d (D = $memory\data_arr$wrmux[121][1][0]$y$10367, Q = \data_arr[121]).
Adding EN signal on $memory\data_arr[122]$7549 ($dff) from module l1d (D = $memory\data_arr$wrmux[122][1][0]$y$10379, Q = \data_arr[122]).
Adding EN signal on $memory\data_arr[123]$7551 ($dff) from module l1d (D = $memory\data_arr$wrmux[123][1][0]$y$10391, Q = \data_arr[123]).
Adding EN signal on $memory\data_arr[124]$7553 ($dff) from module l1d (D = $memory\data_arr$wrmux[124][1][0]$y$10403, Q = \data_arr[124]).
Adding EN signal on $memory\data_arr[125]$7555 ($dff) from module l1d (D = $memory\data_arr$wrmux[125][1][0]$y$10415, Q = \data_arr[125]).
Adding EN signal on $memory\data_arr[126]$7557 ($dff) from module l1d (D = $memory\data_arr$wrmux[126][1][0]$y$10427, Q = \data_arr[126]).
Adding EN signal on $memory\data_arr[127]$7559 ($dff) from module l1d (D = $memory\data_arr$wrmux[127][1][0]$y$10439, Q = \data_arr[127]).
Adding EN signal on $memory\tag_arr[127]$19522 ($dff) from module l1d (D = \commit_addr [63:12], Q = \tag_arr[127]).
Adding EN signal on $memory\tag_arr[126]$19520 ($dff) from module l1d (D = \commit_addr [63:12], Q = \tag_arr[126]).
Adding EN signal on $memory\tag_arr[125]$19518 ($dff) from module l1d (D = \commit_addr [63:12], Q = \tag_arr[125]).
Adding EN signal on $memory\tag_arr[124]$19516 ($dff) from module l1d (D = \commit_addr [63:12], Q = \tag_arr[124]).
Adding EN signal on $memory\tag_arr[123]$19514 ($dff) from module l1d (D = \commit_addr [63:12], Q = \tag_arr[123]).
Adding EN signal on $memory\tag_arr[122]$19512 ($dff) from module l1d (D = \commit_addr [63:12], Q = \tag_arr[122]).
Adding EN signal on $memory\tag_arr[121]$19510 ($dff) from module l1d (D = \commit_addr [63:12], Q = \tag_arr[121]).
Adding EN signal on $memory\tag_arr[120]$19508 ($dff) from module l1d (D = \commit_addr [63:12], Q = \tag_arr[120]).
Adding EN signal on $memory\tag_arr[119]$19506 ($dff) from module l1d (D = \commit_addr [63:12], Q = \tag_arr[119]).
Adding EN signal on $memory\tag_arr[118]$19504 ($dff) from module l1d (D = \commit_addr [63:12], Q = \tag_arr[118]).
Adding EN signal on $memory\tag_arr[117]$19502 ($dff) from module l1d (D = \commit_addr [63:12], Q = \tag_arr[117]).
Adding EN signal on $memory\tag_arr[116]$19500 ($dff) from module l1d (D = \commit_addr [63:12], Q = \tag_arr[116]).
Adding EN signal on $memory\tag_arr[115]$19498 ($dff) from module l1d (D = \commit_addr [63:12], Q = \tag_arr[115]).
Adding EN signal on $memory\tag_arr[114]$19496 ($dff) from module l1d (D = \commit_addr [63:12], Q = \tag_arr[114]).
Adding EN signal on $memory\tag_arr[113]$19494 ($dff) from module l1d (D = \commit_addr [63:12], Q = \tag_arr[113]).
Adding EN signal on $memory\tag_arr[112]$19492 ($dff) from module l1d (D = \commit_addr [63:12], Q = \tag_arr[112]).
Adding EN signal on $memory\tag_arr[111]$19490 ($dff) from module l1d (D = \commit_addr [63:12], Q = \tag_arr[111]).
Adding EN signal on $memory\tag_arr[110]$19488 ($dff) from module l1d (D = \commit_addr [63:12], Q = \tag_arr[110]).
Adding EN signal on $memory\tag_arr[109]$19486 ($dff) from module l1d (D = \commit_addr [63:12], Q = \tag_arr[109]).
Adding EN signal on $memory\tag_arr[108]$19484 ($dff) from module l1d (D = \commit_addr [63:12], Q = \tag_arr[108]).
Adding EN signal on $memory\tag_arr[107]$19482 ($dff) from module l1d (D = \commit_addr [63:12], Q = \tag_arr[107]).
Adding EN signal on $memory\tag_arr[106]$19480 ($dff) from module l1d (D = \commit_addr [63:12], Q = \tag_arr[106]).
Adding EN signal on $memory\tag_arr[105]$19478 ($dff) from module l1d (D = \commit_addr [63:12], Q = \tag_arr[105]).
Adding EN signal on $memory\tag_arr[104]$19476 ($dff) from module l1d (D = \commit_addr [63:12], Q = \tag_arr[104]).
Adding EN signal on $memory\tag_arr[103]$19474 ($dff) from module l1d (D = \commit_addr [63:12], Q = \tag_arr[103]).
Adding EN signal on $memory\tag_arr[102]$19472 ($dff) from module l1d (D = \commit_addr [63:12], Q = \tag_arr[102]).
Adding EN signal on $memory\tag_arr[101]$19470 ($dff) from module l1d (D = \commit_addr [63:12], Q = \tag_arr[101]).
Adding EN signal on $memory\tag_arr[100]$19468 ($dff) from module l1d (D = \commit_addr [63:12], Q = \tag_arr[100]).
Adding EN signal on $memory\tag_arr[99]$19466 ($dff) from module l1d (D = \commit_addr [63:12], Q = \tag_arr[99]).
Adding EN signal on $memory\tag_arr[98]$19464 ($dff) from module l1d (D = \commit_addr [63:12], Q = \tag_arr[98]).
Adding EN signal on $memory\tag_arr[97]$19462 ($dff) from module l1d (D = \commit_addr [63:12], Q = \tag_arr[97]).
Adding EN signal on $memory\tag_arr[96]$19460 ($dff) from module l1d (D = \commit_addr [63:12], Q = \tag_arr[96]).
Adding EN signal on $memory\tag_arr[95]$19458 ($dff) from module l1d (D = \commit_addr [63:12], Q = \tag_arr[95]).
Adding EN signal on $memory\tag_arr[94]$19456 ($dff) from module l1d (D = \commit_addr [63:12], Q = \tag_arr[94]).
Adding EN signal on $memory\tag_arr[93]$19454 ($dff) from module l1d (D = \commit_addr [63:12], Q = \tag_arr[93]).
Adding EN signal on $memory\tag_arr[92]$19452 ($dff) from module l1d (D = \commit_addr [63:12], Q = \tag_arr[92]).
Adding EN signal on $memory\tag_arr[91]$19450 ($dff) from module l1d (D = \commit_addr [63:12], Q = \tag_arr[91]).
Adding EN signal on $memory\tag_arr[90]$19448 ($dff) from module l1d (D = \commit_addr [63:12], Q = \tag_arr[90]).
Adding EN signal on $memory\tag_arr[89]$19446 ($dff) from module l1d (D = \commit_addr [63:12], Q = \tag_arr[89]).
Adding EN signal on $memory\tag_arr[88]$19444 ($dff) from module l1d (D = \commit_addr [63:12], Q = \tag_arr[88]).
Adding EN signal on $memory\tag_arr[87]$19442 ($dff) from module l1d (D = \commit_addr [63:12], Q = \tag_arr[87]).
Adding EN signal on $memory\tag_arr[86]$19440 ($dff) from module l1d (D = \commit_addr [63:12], Q = \tag_arr[86]).
Adding EN signal on $memory\tag_arr[85]$19438 ($dff) from module l1d (D = \commit_addr [63:12], Q = \tag_arr[85]).
Adding EN signal on $memory\tag_arr[84]$19436 ($dff) from module l1d (D = \commit_addr [63:12], Q = \tag_arr[84]).
Adding EN signal on $memory\tag_arr[83]$19434 ($dff) from module l1d (D = \commit_addr [63:12], Q = \tag_arr[83]).
Adding EN signal on $memory\tag_arr[82]$19432 ($dff) from module l1d (D = \commit_addr [63:12], Q = \tag_arr[82]).
Adding EN signal on $memory\tag_arr[81]$19430 ($dff) from module l1d (D = \commit_addr [63:12], Q = \tag_arr[81]).
Adding EN signal on $memory\tag_arr[80]$19428 ($dff) from module l1d (D = \commit_addr [63:12], Q = \tag_arr[80]).
Adding EN signal on $memory\tag_arr[79]$19426 ($dff) from module l1d (D = \commit_addr [63:12], Q = \tag_arr[79]).
Adding EN signal on $memory\tag_arr[78]$19424 ($dff) from module l1d (D = \commit_addr [63:12], Q = \tag_arr[78]).
Adding EN signal on $memory\tag_arr[77]$19422 ($dff) from module l1d (D = \commit_addr [63:12], Q = \tag_arr[77]).
Adding EN signal on $memory\tag_arr[76]$19420 ($dff) from module l1d (D = \commit_addr [63:12], Q = \tag_arr[76]).
Adding EN signal on $memory\tag_arr[75]$19418 ($dff) from module l1d (D = \commit_addr [63:12], Q = \tag_arr[75]).
Adding EN signal on $memory\tag_arr[74]$19416 ($dff) from module l1d (D = \commit_addr [63:12], Q = \tag_arr[74]).
Adding EN signal on $memory\tag_arr[73]$19414 ($dff) from module l1d (D = \commit_addr [63:12], Q = \tag_arr[73]).
Adding EN signal on $memory\tag_arr[72]$19412 ($dff) from module l1d (D = \commit_addr [63:12], Q = \tag_arr[72]).
Adding EN signal on $memory\tag_arr[71]$19410 ($dff) from module l1d (D = \commit_addr [63:12], Q = \tag_arr[71]).
Adding EN signal on $memory\tag_arr[70]$19408 ($dff) from module l1d (D = \commit_addr [63:12], Q = \tag_arr[70]).
Adding EN signal on $memory\tag_arr[69]$19406 ($dff) from module l1d (D = \commit_addr [63:12], Q = \tag_arr[69]).
Adding EN signal on $memory\tag_arr[68]$19404 ($dff) from module l1d (D = \commit_addr [63:12], Q = \tag_arr[68]).
Adding EN signal on $memory\tag_arr[67]$19402 ($dff) from module l1d (D = \commit_addr [63:12], Q = \tag_arr[67]).
Adding EN signal on $memory\tag_arr[66]$19400 ($dff) from module l1d (D = \commit_addr [63:12], Q = \tag_arr[66]).
Adding EN signal on $memory\tag_arr[65]$19398 ($dff) from module l1d (D = \commit_addr [63:12], Q = \tag_arr[65]).
Adding EN signal on $memory\tag_arr[64]$19396 ($dff) from module l1d (D = \commit_addr [63:12], Q = \tag_arr[64]).
Adding EN signal on $memory\tag_arr[63]$19394 ($dff) from module l1d (D = \commit_addr [63:12], Q = \tag_arr[63]).
Adding EN signal on $memory\tag_arr[62]$19392 ($dff) from module l1d (D = \commit_addr [63:12], Q = \tag_arr[62]).
Adding EN signal on $memory\tag_arr[61]$19390 ($dff) from module l1d (D = \commit_addr [63:12], Q = \tag_arr[61]).
Adding EN signal on $memory\tag_arr[60]$19388 ($dff) from module l1d (D = \commit_addr [63:12], Q = \tag_arr[60]).
Adding EN signal on $memory\tag_arr[59]$19386 ($dff) from module l1d (D = \commit_addr [63:12], Q = \tag_arr[59]).
Adding EN signal on $memory\tag_arr[58]$19384 ($dff) from module l1d (D = \commit_addr [63:12], Q = \tag_arr[58]).
Adding EN signal on $memory\tag_arr[57]$19382 ($dff) from module l1d (D = \commit_addr [63:12], Q = \tag_arr[57]).
Adding EN signal on $memory\tag_arr[56]$19380 ($dff) from module l1d (D = \commit_addr [63:12], Q = \tag_arr[56]).
Adding EN signal on $memory\tag_arr[55]$19378 ($dff) from module l1d (D = \commit_addr [63:12], Q = \tag_arr[55]).
Adding EN signal on $memory\tag_arr[54]$19376 ($dff) from module l1d (D = \commit_addr [63:12], Q = \tag_arr[54]).
Adding EN signal on $memory\tag_arr[53]$19374 ($dff) from module l1d (D = \commit_addr [63:12], Q = \tag_arr[53]).
Adding EN signal on $memory\tag_arr[52]$19372 ($dff) from module l1d (D = \commit_addr [63:12], Q = \tag_arr[52]).
Adding EN signal on $memory\tag_arr[51]$19370 ($dff) from module l1d (D = \commit_addr [63:12], Q = \tag_arr[51]).
Adding EN signal on $memory\tag_arr[50]$19368 ($dff) from module l1d (D = \commit_addr [63:12], Q = \tag_arr[50]).
Adding EN signal on $memory\tag_arr[49]$19366 ($dff) from module l1d (D = \commit_addr [63:12], Q = \tag_arr[49]).
Adding EN signal on $memory\tag_arr[48]$19364 ($dff) from module l1d (D = \commit_addr [63:12], Q = \tag_arr[48]).
Adding EN signal on $memory\tag_arr[47]$19362 ($dff) from module l1d (D = \commit_addr [63:12], Q = \tag_arr[47]).
Adding EN signal on $memory\tag_arr[46]$19360 ($dff) from module l1d (D = \commit_addr [63:12], Q = \tag_arr[46]).
Adding EN signal on $memory\tag_arr[45]$19358 ($dff) from module l1d (D = \commit_addr [63:12], Q = \tag_arr[45]).
Adding EN signal on $memory\tag_arr[44]$19356 ($dff) from module l1d (D = \commit_addr [63:12], Q = \tag_arr[44]).
Adding EN signal on $memory\tag_arr[43]$19354 ($dff) from module l1d (D = \commit_addr [63:12], Q = \tag_arr[43]).
Adding EN signal on $memory\tag_arr[42]$19352 ($dff) from module l1d (D = \commit_addr [63:12], Q = \tag_arr[42]).
Adding EN signal on $memory\tag_arr[41]$19350 ($dff) from module l1d (D = \commit_addr [63:12], Q = \tag_arr[41]).
Adding EN signal on $memory\tag_arr[40]$19348 ($dff) from module l1d (D = \commit_addr [63:12], Q = \tag_arr[40]).
Adding EN signal on $memory\tag_arr[39]$19346 ($dff) from module l1d (D = \commit_addr [63:12], Q = \tag_arr[39]).
Adding EN signal on $memory\tag_arr[38]$19344 ($dff) from module l1d (D = \commit_addr [63:12], Q = \tag_arr[38]).
Adding EN signal on $memory\tag_arr[37]$19342 ($dff) from module l1d (D = \commit_addr [63:12], Q = \tag_arr[37]).
Adding EN signal on $memory\tag_arr[36]$19340 ($dff) from module l1d (D = \commit_addr [63:12], Q = \tag_arr[36]).
Adding EN signal on $memory\tag_arr[35]$19338 ($dff) from module l1d (D = \commit_addr [63:12], Q = \tag_arr[35]).
Adding EN signal on $memory\tag_arr[34]$19336 ($dff) from module l1d (D = \commit_addr [63:12], Q = \tag_arr[34]).
Adding EN signal on $memory\tag_arr[33]$19334 ($dff) from module l1d (D = \commit_addr [63:12], Q = \tag_arr[33]).
Adding EN signal on $memory\tag_arr[32]$19332 ($dff) from module l1d (D = \commit_addr [63:12], Q = \tag_arr[32]).
Adding EN signal on $memory\tag_arr[31]$19330 ($dff) from module l1d (D = \commit_addr [63:12], Q = \tag_arr[31]).
Adding EN signal on $memory\tag_arr[30]$19328 ($dff) from module l1d (D = \commit_addr [63:12], Q = \tag_arr[30]).
Adding EN signal on $memory\tag_arr[29]$19326 ($dff) from module l1d (D = \commit_addr [63:12], Q = \tag_arr[29]).
Adding EN signal on $memory\tag_arr[28]$19324 ($dff) from module l1d (D = \commit_addr [63:12], Q = \tag_arr[28]).
Adding EN signal on $memory\tag_arr[27]$19322 ($dff) from module l1d (D = \commit_addr [63:12], Q = \tag_arr[27]).
Adding EN signal on $memory\tag_arr[26]$19320 ($dff) from module l1d (D = \commit_addr [63:12], Q = \tag_arr[26]).
Adding EN signal on $memory\tag_arr[25]$19318 ($dff) from module l1d (D = \commit_addr [63:12], Q = \tag_arr[25]).
Adding EN signal on $memory\tag_arr[24]$19316 ($dff) from module l1d (D = \commit_addr [63:12], Q = \tag_arr[24]).
Adding EN signal on $memory\tag_arr[23]$19314 ($dff) from module l1d (D = \commit_addr [63:12], Q = \tag_arr[23]).
Adding EN signal on $memory\tag_arr[22]$19312 ($dff) from module l1d (D = \commit_addr [63:12], Q = \tag_arr[22]).
Adding EN signal on $memory\tag_arr[21]$19310 ($dff) from module l1d (D = \commit_addr [63:12], Q = \tag_arr[21]).
Adding EN signal on $memory\tag_arr[20]$19308 ($dff) from module l1d (D = \commit_addr [63:12], Q = \tag_arr[20]).
Adding EN signal on $memory\tag_arr[19]$19306 ($dff) from module l1d (D = \commit_addr [63:12], Q = \tag_arr[19]).
Adding EN signal on $memory\tag_arr[18]$19304 ($dff) from module l1d (D = \commit_addr [63:12], Q = \tag_arr[18]).
Adding EN signal on $memory\tag_arr[17]$19302 ($dff) from module l1d (D = \commit_addr [63:12], Q = \tag_arr[17]).
Adding EN signal on $memory\tag_arr[16]$19300 ($dff) from module l1d (D = \commit_addr [63:12], Q = \tag_arr[16]).
Adding EN signal on $memory\tag_arr[15]$19298 ($dff) from module l1d (D = \commit_addr [63:12], Q = \tag_arr[15]).
Adding EN signal on $memory\tag_arr[14]$19296 ($dff) from module l1d (D = \commit_addr [63:12], Q = \tag_arr[14]).
Adding EN signal on $memory\tag_arr[13]$19294 ($dff) from module l1d (D = \commit_addr [63:12], Q = \tag_arr[13]).
Adding EN signal on $memory\tag_arr[12]$19292 ($dff) from module l1d (D = \commit_addr [63:12], Q = \tag_arr[12]).
Adding EN signal on $memory\tag_arr[11]$19290 ($dff) from module l1d (D = \commit_addr [63:12], Q = \tag_arr[11]).
Adding EN signal on $memory\tag_arr[10]$19288 ($dff) from module l1d (D = \commit_addr [63:12], Q = \tag_arr[10]).
Adding EN signal on $memory\tag_arr[9]$19286 ($dff) from module l1d (D = \commit_addr [63:12], Q = \tag_arr[9]).
Adding EN signal on $memory\tag_arr[8]$19284 ($dff) from module l1d (D = \commit_addr [63:12], Q = \tag_arr[8]).
Adding EN signal on $memory\tag_arr[7]$19282 ($dff) from module l1d (D = \commit_addr [63:12], Q = \tag_arr[7]).
Adding EN signal on $memory\tag_arr[6]$19280 ($dff) from module l1d (D = \commit_addr [63:12], Q = \tag_arr[6]).
Adding EN signal on $memory\tag_arr[5]$19278 ($dff) from module l1d (D = \commit_addr [63:12], Q = \tag_arr[5]).
Adding EN signal on $memory\tag_arr[4]$19276 ($dff) from module l1d (D = \commit_addr [63:12], Q = \tag_arr[4]).
Adding EN signal on $memory\tag_arr[3]$19274 ($dff) from module l1d (D = \commit_addr [63:12], Q = \tag_arr[3]).
Adding EN signal on $memory\tag_arr[2]$19272 ($dff) from module l1d (D = \commit_addr [63:12], Q = \tag_arr[2]).
Adding EN signal on $memory\tag_arr[1]$19270 ($dff) from module l1d (D = \commit_addr [63:12], Q = \tag_arr[1]).
Adding EN signal on $memory\tag_arr[0]$19268 ($dff) from module l1d (D = \commit_addr [63:12], Q = \tag_arr[0]).
Adding EN signal on $memory\way_r[0]$21946 ($dff) from module $paramod$3b3ebe2a805de999e571f1f6aa39b69c15a9144c\mshr (D = \alloc_way, Q = \way_r[0]).
Adding EN signal on $memory\filldata_r[0]$21560 ($dff) from module $paramod$3b3ebe2a805de999e571f1f6aa39b69c15a9144c\mshr (D = \mem_resp_rdata, Q = \filldata_r[0]).
Adding EN signal on $memory\filldata_r[1]$21562 ($dff) from module $paramod$3b3ebe2a805de999e571f1f6aa39b69c15a9144c\mshr (D = \mem_resp_rdata, Q = \filldata_r[1]).
Adding EN signal on $memory\filldata_r[2]$21564 ($dff) from module $paramod$3b3ebe2a805de999e571f1f6aa39b69c15a9144c\mshr (D = \mem_resp_rdata, Q = \filldata_r[2]).
Adding EN signal on $memory\filldata_r[3]$21566 ($dff) from module $paramod$3b3ebe2a805de999e571f1f6aa39b69c15a9144c\mshr (D = \mem_resp_rdata, Q = \filldata_r[3]).
Adding EN signal on $memory\way_r[1]$21948 ($dff) from module $paramod$3b3ebe2a805de999e571f1f6aa39b69c15a9144c\mshr (D = \alloc_way, Q = \way_r[1]).
Adding EN signal on $memory\vaddr_r[3]$22078 ($dff) from module $paramod$3b3ebe2a805de999e571f1f6aa39b69c15a9144c\mshr (D = \alloc_victim_addr, Q = \vaddr_r[3]).
Adding EN signal on $memory\way_r[2]$21950 ($dff) from module $paramod$3b3ebe2a805de999e571f1f6aa39b69c15a9144c\mshr (D = \alloc_way, Q = \way_r[2]).
Adding EN signal on $memory\way_r[3]$21952 ($dff) from module $paramod$3b3ebe2a805de999e571f1f6aa39b69c15a9144c\mshr (D = \alloc_way, Q = \way_r[3]).
Adding EN signal on $memory\wdata_r[0]$21609 ($dff) from module $paramod$3b3ebe2a805de999e571f1f6aa39b69c15a9144c\mshr (D = \alloc_wdata, Q = \wdata_r[0]).
Adding EN signal on $memory\wdata_r[1]$21611 ($dff) from module $paramod$3b3ebe2a805de999e571f1f6aa39b69c15a9144c\mshr (D = \alloc_wdata, Q = \wdata_r[1]).
Adding EN signal on $memory\wdata_r[2]$21613 ($dff) from module $paramod$3b3ebe2a805de999e571f1f6aa39b69c15a9144c\mshr (D = \alloc_wdata, Q = \wdata_r[2]).
Adding EN signal on $memory\wdata_r[3]$21615 ($dff) from module $paramod$3b3ebe2a805de999e571f1f6aa39b69c15a9144c\mshr (D = \alloc_wdata, Q = \wdata_r[3]).
Adding EN signal on $memory\size_r[0]$21658 ($dff) from module $paramod$3b3ebe2a805de999e571f1f6aa39b69c15a9144c\mshr (D = \alloc_size, Q = \size_r[0]).
Adding EN signal on $memory\size_r[1]$21660 ($dff) from module $paramod$3b3ebe2a805de999e571f1f6aa39b69c15a9144c\mshr (D = \alloc_size, Q = \size_r[1]).
Adding EN signal on $memory\size_r[2]$21662 ($dff) from module $paramod$3b3ebe2a805de999e571f1f6aa39b69c15a9144c\mshr (D = \alloc_size, Q = \size_r[2]).
Adding EN signal on $memory\size_r[3]$21664 ($dff) from module $paramod$3b3ebe2a805de999e571f1f6aa39b69c15a9144c\mshr (D = \alloc_size, Q = \size_r[3]).
Adding EN signal on $memory\we_r[0]$21691 ($dff) from module $paramod$3b3ebe2a805de999e571f1f6aa39b69c15a9144c\mshr (D = \alloc_we, Q = \we_r[0]).
Adding EN signal on $memory\we_r[1]$21693 ($dff) from module $paramod$3b3ebe2a805de999e571f1f6aa39b69c15a9144c\mshr (D = \alloc_we, Q = \we_r[1]).
Adding EN signal on $memory\we_r[2]$21695 ($dff) from module $paramod$3b3ebe2a805de999e571f1f6aa39b69c15a9144c\mshr (D = \alloc_we, Q = \we_r[2]).
Adding EN signal on $memory\we_r[3]$21697 ($dff) from module $paramod$3b3ebe2a805de999e571f1f6aa39b69c15a9144c\mshr (D = \alloc_we, Q = \we_r[3]).
Adding EN signal on $memory\addr_r[0]$21988 ($dff) from module $paramod$3b3ebe2a805de999e571f1f6aa39b69c15a9144c\mshr (D = \alloc_addr, Q = \addr_r[0]).
Adding EN signal on $memory\addr_r[1]$21990 ($dff) from module $paramod$3b3ebe2a805de999e571f1f6aa39b69c15a9144c\mshr (D = \alloc_addr, Q = \addr_r[1]).
Adding EN signal on $memory\tag_r[0]$21724 ($dff) from module $paramod$3b3ebe2a805de999e571f1f6aa39b69c15a9144c\mshr (D = \alloc_reqtag, Q = \tag_r[0]).
Adding EN signal on $memory\tag_r[1]$21726 ($dff) from module $paramod$3b3ebe2a805de999e571f1f6aa39b69c15a9144c\mshr (D = \alloc_reqtag, Q = \tag_r[1]).
Adding EN signal on $memory\tag_r[2]$21728 ($dff) from module $paramod$3b3ebe2a805de999e571f1f6aa39b69c15a9144c\mshr (D = \alloc_reqtag, Q = \tag_r[2]).
Adding EN signal on $memory\tag_r[3]$21730 ($dff) from module $paramod$3b3ebe2a805de999e571f1f6aa39b69c15a9144c\mshr (D = \alloc_reqtag, Q = \tag_r[3]).
Adding EN signal on $memory\addr_r[2]$21992 ($dff) from module $paramod$3b3ebe2a805de999e571f1f6aa39b69c15a9144c\mshr (D = \alloc_addr, Q = \addr_r[2]).
Adding EN signal on $memory\addr_r[3]$21994 ($dff) from module $paramod$3b3ebe2a805de999e571f1f6aa39b69c15a9144c\mshr (D = \alloc_addr, Q = \addr_r[3]).
Adding EN signal on $memory\vaddr_r[0]$22072 ($dff) from module $paramod$3b3ebe2a805de999e571f1f6aa39b69c15a9144c\mshr (D = \alloc_victim_addr, Q = \vaddr_r[0]).
Adding EN signal on $memory\vaddr_r[2]$22076 ($dff) from module $paramod$3b3ebe2a805de999e571f1f6aa39b69c15a9144c\mshr (D = \alloc_victim_addr, Q = \vaddr_r[2]).
Adding EN signal on $memory\vdata_r[0]$21757 ($dff) from module $paramod$3b3ebe2a805de999e571f1f6aa39b69c15a9144c\mshr (D = \alloc_victim_data, Q = \vdata_r[0]).
Adding EN signal on $memory\vdata_r[1]$21759 ($dff) from module $paramod$3b3ebe2a805de999e571f1f6aa39b69c15a9144c\mshr (D = \alloc_victim_data, Q = \vdata_r[1]).
Adding EN signal on $memory\vdata_r[2]$21761 ($dff) from module $paramod$3b3ebe2a805de999e571f1f6aa39b69c15a9144c\mshr (D = \alloc_victim_data, Q = \vdata_r[2]).
Adding EN signal on $memory\vdata_r[3]$21763 ($dff) from module $paramod$3b3ebe2a805de999e571f1f6aa39b69c15a9144c\mshr (D = \alloc_victim_data, Q = \vdata_r[3]).
Adding EN signal on $memory\vaddr_r[1]$22074 ($dff) from module $paramod$3b3ebe2a805de999e571f1f6aa39b69c15a9144c\mshr (D = \alloc_victim_addr, Q = \vaddr_r[1]).
Adding SRST signal on $memory\st[0]$21790 ($dff) from module $paramod$3b3ebe2a805de999e571f1f6aa39b69c15a9144c\mshr (D = $memory\st$wrmux[0][2][0]$y$21841 [1:0], Q = \st[0] [1:0], rval = 2'00).
Adding SRST signal on $memory\st[0]$21790 ($dff) from module $paramod$3b3ebe2a805de999e571f1f6aa39b69c15a9144c\mshr (D = $memory\st$wrmux[0][3][0]$y$21845 [2], Q = \st[0] [2], rval = 1'0).
Adding EN signal on $auto$ff.cc:337:slice$22857 ($sdff) from module $paramod$3b3ebe2a805de999e571f1f6aa39b69c15a9144c\mshr (D = $memory\st$wrmux[0][3][0]$y$21845 [2], Q = \st[0] [2]).
Adding EN signal on $auto$ff.cc:337:slice$22854 ($sdff) from module $paramod$3b3ebe2a805de999e571f1f6aa39b69c15a9144c\mshr (D = $memory\st$wrmux[0][2][0]$y$21841 [1:0], Q = \st[0] [1:0]).
Adding SRST signal on $memory\st[1]$21792 ($dff) from module $paramod$3b3ebe2a805de999e571f1f6aa39b69c15a9144c\mshr (D = $memory\st$wrmux[1][2][0]$y$21875 [1:0], Q = \st[1] [1:0], rval = 2'00).
Adding SRST signal on $memory\st[1]$21792 ($dff) from module $paramod$3b3ebe2a805de999e571f1f6aa39b69c15a9144c\mshr (D = $memory\st$wrmux[1][3][0]$y$21879 [2], Q = \st[1] [2], rval = 1'0).
Adding EN signal on $auto$ff.cc:337:slice$22867 ($sdff) from module $paramod$3b3ebe2a805de999e571f1f6aa39b69c15a9144c\mshr (D = $memory\st$wrmux[1][3][0]$y$21879 [2], Q = \st[1] [2]).
Adding EN signal on $auto$ff.cc:337:slice$22864 ($sdff) from module $paramod$3b3ebe2a805de999e571f1f6aa39b69c15a9144c\mshr (D = $memory\st$wrmux[1][2][0]$y$21875 [1:0], Q = \st[1] [1:0]).
Adding SRST signal on $memory\st[2]$21794 ($dff) from module $paramod$3b3ebe2a805de999e571f1f6aa39b69c15a9144c\mshr (D = $memory\st$wrmux[2][2][0]$y$21907 [1:0], Q = \st[2] [1:0], rval = 2'00).
Adding SRST signal on $memory\st[2]$21794 ($dff) from module $paramod$3b3ebe2a805de999e571f1f6aa39b69c15a9144c\mshr (D = $memory\st$wrmux[2][3][0]$y$21911 [2], Q = \st[2] [2], rval = 1'0).
Adding EN signal on $auto$ff.cc:337:slice$22877 ($sdff) from module $paramod$3b3ebe2a805de999e571f1f6aa39b69c15a9144c\mshr (D = $memory\st$wrmux[2][3][0]$y$21911 [2], Q = \st[2] [2]).
Adding EN signal on $auto$ff.cc:337:slice$22874 ($sdff) from module $paramod$3b3ebe2a805de999e571f1f6aa39b69c15a9144c\mshr (D = $memory\st$wrmux[2][2][0]$y$21907 [1:0], Q = \st[2] [1:0]).
Adding SRST signal on $memory\st[3]$21796 ($dff) from module $paramod$3b3ebe2a805de999e571f1f6aa39b69c15a9144c\mshr (D = $memory\st$wrmux[3][2][0]$y$21935 [1:0], Q = \st[3] [1:0], rval = 2'00).
Adding SRST signal on $memory\st[3]$21796 ($dff) from module $paramod$3b3ebe2a805de999e571f1f6aa39b69c15a9144c\mshr (D = $memory\st$wrmux[3][3][0]$y$21939 [2], Q = \st[3] [2], rval = 1'0).
Adding EN signal on $auto$ff.cc:337:slice$22887 ($sdff) from module $paramod$3b3ebe2a805de999e571f1f6aa39b69c15a9144c\mshr (D = $memory\st$wrmux[3][3][0]$y$21939 [2], Q = \st[3] [2]).
Adding EN signal on $auto$ff.cc:337:slice$22884 ($sdff) from module $paramod$3b3ebe2a805de999e571f1f6aa39b69c15a9144c\mshr (D = $memory\st$wrmux[3][2][0]$y$21935 [1:0], Q = \st[3] [1:0]).
Adding EN signal on $memory\vdirty_r[3]$22045 ($dff) from module $paramod$3b3ebe2a805de999e571f1f6aa39b69c15a9144c\mshr (D = \alloc_victim_dirty, Q = \vdirty_r[3]).
Adding EN signal on $memory\vdirty_r[2]$22043 ($dff) from module $paramod$3b3ebe2a805de999e571f1f6aa39b69c15a9144c\mshr (D = \alloc_victim_dirty, Q = \vdirty_r[2]).
Adding EN signal on $memory\vdirty_r[1]$22041 ($dff) from module $paramod$3b3ebe2a805de999e571f1f6aa39b69c15a9144c\mshr (D = \alloc_victim_dirty, Q = \vdirty_r[1]).
Adding EN signal on $memory\vdirty_r[0]$22039 ($dff) from module $paramod$3b3ebe2a805de999e571f1f6aa39b69c15a9144c\mshr (D = \alloc_victim_dirty, Q = \vdirty_r[0]).

4.19.16. Executing OPT_CLEAN pass (remove unused cells and wires).
Finding unused cells or wires in module \l1d..
Finding unused cells or wires in module $paramod$3b3ebe2a805de999e571f1f6aa39b69c15a9144c\mshr..
Removed 172 unused cells and 176 unused wires.
<suppressed ~174 debug messages>

4.19.17. Executing OPT_EXPR pass (perform const folding).
Optimizing module l1d.
<suppressed ~384 debug messages>
Optimizing module $paramod$3b3ebe2a805de999e571f1f6aa39b69c15a9144c\mshr.
<suppressed ~6 debug messages>

4.19.18. Rerunning OPT passes. (Maybe there is more to do..)

4.19.19. Executing OPT_MUXTREE pass (detect dead branches in mux trees).
Running muxtree optimizer on module \l1d..
  Creating internal representation of mux trees.
  Evaluating internal representation of mux trees.
  Analyzing evaluation results.
Running muxtree optimizer on module $paramod$3b3ebe2a805de999e571f1f6aa39b69c15a9144c\mshr..
  Creating internal representation of mux trees.
  Evaluating internal representation of mux trees.
  Analyzing evaluation results.
Removed 0 multiplexer ports.
<suppressed ~3304 debug messages>

4.19.20. Executing OPT_REDUCE pass (consolidate $*mux and $reduce_* inputs).
  Optimizing cells in module \l1d.
  Optimizing cells in module $paramod$3b3ebe2a805de999e571f1f6aa39b69c15a9144c\mshr.
    Consolidated identical input bits for $mux cell $memory\st$wrmux[1][1][0]$21866:
      Old ports: A=3'000, B={ 1'0 $auto$rtlil.cc:3369:Mux$6233 [1:0] }, Y=$memory\st$wrmux[1][1][0]$y$21867
      New ports: A=2'00, B=$auto$rtlil.cc:3369:Mux$6233 [1:0], Y=$memory\st$wrmux[1][1][0]$y$21867 [1:0]
      New connections: $memory\st$wrmux[1][1][0]$y$21867 [2] = 1'0
    Consolidated identical input bits for $mux cell $memory\st$wrmux[0][1][0]$21830:
      Old ports: A=3'000, B={ 1'0 $auto$rtlil.cc:3369:Mux$6233 [1:0] }, Y=$memory\st$wrmux[0][1][0]$y$21831
      New ports: A=2'00, B=$auto$rtlil.cc:3369:Mux$6233 [1:0], Y=$memory\st$wrmux[0][1][0]$y$21831 [1:0]
      New connections: $memory\st$wrmux[0][1][0]$y$21831 [2] = 1'0
    Consolidated identical input bits for $mux cell $memory\st$wrmux[3][2][0]$21934:
      Old ports: A=$memory\st$wrmux[3][1][0]$y$21929, B={ 2'01 $0$memwr$\st$../rtl/cache/mshr.sv:163$1862_EN[2:0]$2057 [0] }, Y=$memory\st$wrmux[3][2][0]$y$21935
      New ports: A=$auto$rtlil.cc:3369:Mux$6233 [1:0], B={ 1'1 $0$memwr$\st$../rtl/cache/mshr.sv:163$1862_EN[2:0]$2057 [0] }, Y=$memory\st$wrmux[3][2][0]$y$21935 [1:0]
      New connections: $memory\st$wrmux[3][2][0]$y$21935 [2] = 1'0
    Consolidated identical input bits for $mux cell $memory\st$wrmux[2][1][0]$21898:
      Old ports: A=3'000, B={ 1'0 $auto$rtlil.cc:3369:Mux$6233 [1:0] }, Y=$memory\st$wrmux[2][1][0]$y$21899
      New ports: A=2'00, B=$auto$rtlil.cc:3369:Mux$6233 [1:0], Y=$memory\st$wrmux[2][1][0]$y$21899 [1:0]
      New connections: $memory\st$wrmux[2][1][0]$y$21899 [2] = 1'0
  Optimizing cells in module $paramod$3b3ebe2a805de999e571f1f6aa39b69c15a9144c\mshr.
    Consolidated identical input bits for $mux cell $memory\st$wrmux[0][2][0]$21840:
      Old ports: A=$memory\st$wrmux[0][1][0]$y$21831, B={ 2'01 $0$memwr$\st$../rtl/cache/mshr.sv:163$1862_EN[2:0]$2057 [0] }, Y=$memory\st$wrmux[0][2][0]$y$21841
      New ports: A=$memory\st$wrmux[0][1][0]$y$21831 [1:0], B={ 1'1 $0$memwr$\st$../rtl/cache/mshr.sv:163$1862_EN[2:0]$2057 [0] }, Y=$memory\st$wrmux[0][2][0]$y$21841 [1:0]
      New connections: $memory\st$wrmux[0][2][0]$y$21841 [2] = 1'0
    Consolidated identical input bits for $mux cell $memory\st$wrmux[1][2][0]$21874:
      Old ports: A=$memory\st$wrmux[1][1][0]$y$21867, B={ 2'01 $0$memwr$\st$../rtl/cache/mshr.sv:163$1862_EN[2:0]$2057 [0] }, Y=$memory\st$wrmux[1][2][0]$y$21875
      New ports: A=$memory\st$wrmux[1][1][0]$y$21867 [1:0], B={ 1'1 $0$memwr$\st$../rtl/cache/mshr.sv:163$1862_EN[2:0]$2057 [0] }, Y=$memory\st$wrmux[1][2][0]$y$21875 [1:0]
      New connections: $memory\st$wrmux[1][2][0]$y$21875 [2] = 1'0
    Consolidated identical input bits for $mux cell $memory\st$wrmux[2][2][0]$21906:
      Old ports: A=$memory\st$wrmux[2][1][0]$y$21899, B={ 2'01 $0$memwr$\st$../rtl/cache/mshr.sv:163$1862_EN[2:0]$2057 [0] }, Y=$memory\st$wrmux[2][2][0]$y$21907
      New ports: A=$memory\st$wrmux[2][1][0]$y$21899 [1:0], B={ 1'1 $0$memwr$\st$../rtl/cache/mshr.sv:163$1862_EN[2:0]$2057 [0] }, Y=$memory\st$wrmux[2][2][0]$y$21907 [1:0]
      New connections: $memory\st$wrmux[2][2][0]$y$21907 [2] = 1'0
  Optimizing cells in module $paramod$3b3ebe2a805de999e571f1f6aa39b69c15a9144c\mshr.
Performed a total of 7 changes.

4.19.21. Executing OPT_MERGE pass (detect identical cells).
Finding identical cells in module `\l1d'.
Computing hashes of 5318 cells of `\l1d'.
Finding duplicate cells in `\l1d'.
Computing hashes of 5286 cells of `\l1d'.
Finding duplicate cells in `\l1d'.
<suppressed ~96 debug messages>
Finding identical cells in module `$paramod$3b3ebe2a805de999e571f1f6aa39b69c15a9144c\mshr'.
Computing hashes of 275 cells of `$paramod$3b3ebe2a805de999e571f1f6aa39b69c15a9144c\mshr'.
Finding duplicate cells in `$paramod$3b3ebe2a805de999e571f1f6aa39b69c15a9144c\mshr'.
Removed a total of 32 cells.

4.19.22. Executing OPT_SHARE pass.

4.19.23. Executing OPT_DFF pass (perform DFF optimizations).

4.19.24. Executing OPT_CLEAN pass (remove unused cells and wires).
Finding unused cells or wires in module \l1d..
Finding unused cells or wires in module $paramod$3b3ebe2a805de999e571f1f6aa39b69c15a9144c\mshr..
Removed 0 unused cells and 228 unused wires.
<suppressed ~2 debug messages>

4.19.25. Executing OPT_EXPR pass (perform const folding).
Optimizing module l1d.
Optimizing module $paramod$3b3ebe2a805de999e571f1f6aa39b69c15a9144c\mshr.

4.19.26. Rerunning OPT passes. (Maybe there is more to do..)

4.19.27. Executing OPT_MUXTREE pass (detect dead branches in mux trees).
Running muxtree optimizer on module \l1d..
  Creating internal representation of mux trees.
  Evaluating internal representation of mux trees.
  Analyzing evaluation results.
Running muxtree optimizer on module $paramod$3b3ebe2a805de999e571f1f6aa39b69c15a9144c\mshr..
  Creating internal representation of mux trees.
  Evaluating internal representation of mux trees.
  Analyzing evaluation results.
Removed 0 multiplexer ports.
<suppressed ~3304 debug messages>

4.19.28. Executing OPT_REDUCE pass (consolidate $*mux and $reduce_* inputs).
  Optimizing cells in module \l1d.
  Optimizing cells in module $paramod$3b3ebe2a805de999e571f1f6aa39b69c15a9144c\mshr.
Performed a total of 0 changes.

4.19.29. Executing OPT_MERGE pass (detect identical cells).
Finding identical cells in module `\l1d'.
Computing hashes of 5286 cells of `\l1d'.
Finding duplicate cells in `\l1d'.
Finding identical cells in module `$paramod$3b3ebe2a805de999e571f1f6aa39b69c15a9144c\mshr'.
Computing hashes of 275 cells of `$paramod$3b3ebe2a805de999e571f1f6aa39b69c15a9144c\mshr'.
Finding duplicate cells in `$paramod$3b3ebe2a805de999e571f1f6aa39b69c15a9144c\mshr'.
Removed a total of 0 cells.

4.19.30. Executing OPT_SHARE pass.

4.19.31. Executing OPT_DFF pass (perform DFF optimizations).

4.19.32. Executing OPT_CLEAN pass (remove unused cells and wires).
Finding unused cells or wires in module \l1d..
Finding unused cells or wires in module $paramod$3b3ebe2a805de999e571f1f6aa39b69c15a9144c\mshr..

4.19.33. Executing OPT_EXPR pass (perform const folding).
Optimizing module l1d.
Optimizing module $paramod$3b3ebe2a805de999e571f1f6aa39b69c15a9144c\mshr.

4.19.34. Finished fast OPT passes. (There is nothing left to do.)

4.20. Executing TECHMAP pass (map to technology primitives).

4.20.1. Executing Verilog-2005 frontend: /home/bomma/oss-cad-suite/lib/../share/yosys/techmap.v
Parsing Verilog input from `/home/bomma/oss-cad-suite/lib/../share/yosys/techmap.v' to AST representation.
Generating RTLIL representation for module `\_90_simplemap_bool_ops'.
Generating RTLIL representation for module `\_90_simplemap_reduce_ops'.
Generating RTLIL representation for module `\_90_simplemap_logic_ops'.
Generating RTLIL representation for module `\_90_simplemap_compare_ops'.
Generating RTLIL representation for module `\_90_simplemap_various'.
Generating RTLIL representation for module `\_90_simplemap_registers'.
Generating RTLIL representation for module `\_90_shift_ops_shr_shl_sshl_sshr'.
Generating RTLIL representation for module `\_90_shift_shiftx'.
Generating RTLIL representation for module `\_90_fa'.
Generating RTLIL representation for module `\_90_lcu_brent_kung'.
Generating RTLIL representation for module `\_90_alu'.
Generating RTLIL representation for module `\_90_macc'.
Generating RTLIL representation for module `\_90_alumacc'.
Generating RTLIL representation for module `$__div_mod_u'.
Generating RTLIL representation for module `$__div_mod_trunc'.
Generating RTLIL representation for module `\_90_div'.
Generating RTLIL representation for module `\_90_mod'.
Generating RTLIL representation for module `$__div_mod_floor'.
Generating RTLIL representation for module `\_90_divfloor'.
Generating RTLIL representation for module `\_90_modfloor'.
Generating RTLIL representation for module `\_90_pow'.
Generating RTLIL representation for module `\_90_demux'.
Generating RTLIL representation for module `\_90_lut'.
Generating RTLIL representation for module `$connect'.
Generating RTLIL representation for module `$input_port'.
Successfully finished Verilog frontend.

4.20.2. Continuing TECHMAP pass.
Using extmapper simplemap for cells of type $dffe.
Using extmapper simplemap for cells of type $reduce_bool.
Using extmapper simplemap for cells of type $sdffe.
Using extmapper simplemap for cells of type $reduce_or.
Using extmapper simplemap for cells of type $ne.
Using extmapper simplemap for cells of type $and.
Using extmapper simplemap for cells of type $not.
Using template $paramod$7e708ae28ab761f11d0fb59d3ffc72f6a4baf5d9\_90_alu for cells of type $alu.
Using extmapper simplemap for cells of type $or.
Using extmapper simplemap for cells of type $mux.
Using template $paramod$3ef7d3dd227da7627a99c5e5a6a4deb817573e39\_90_alu for cells of type $alu.
Using extmapper simplemap for cells of type $reduce_and.
Using extmapper simplemap for cells of type $logic_not.
Using extmapper simplemap for cells of type $eq.
Using extmapper simplemap for cells of type $logic_or.
Using extmapper simplemap for cells of type $logic_and.
Using extmapper simplemap for cells of type $pos.
Using template $paramod\_90_fa\WIDTH=32'00000000000000000000000000000011 for cells of type $fa.
Using template $paramod\_90_lcu_brent_kung\WIDTH=32'00000000000000000000000000000011 for cells of type $lcu.
Using extmapper simplemap for cells of type $xor.
Using template $paramod\_90_fa\WIDTH=32'00000000000000000000000000000010 for cells of type $fa.
Using template $paramod\_90_lcu_brent_kung\WIDTH=32'00000000000000000000000000000010 for cells of type $lcu.
Using template $paramod$1d1e68f77481583066c6d429218f48ea9d5739b3\_90_alu for cells of type $alu.
Using template $paramod$672a140277c71df8314410f22acc08d55222c3c7\_90_alu for cells of type $alu.
Using template $paramod$3ac6e4268d0279df14823f25676acf685165517e\_90_alu for cells of type $alu.
Using template $paramod$103b4016182df467cceab67bcf3e18e6361ec0fd\_90_alu for cells of type $alu.
Using template $paramod$91e48372c4727ea71d55ab176117dd734d7fabbc\_90_alu for cells of type $alu.
Using template $paramod$6a42b6fefed750f8a1c58eab59479d960557103c\_90_alu for cells of type $alu.
Using template $paramod$dad13a281fa6a9ffd6dd427a87dc9a952e80e9ea\_90_alu for cells of type $alu.
Using extmapper maccmap for cells of type $macc_v2.
  add \fifo_cnt (6 bits, unsigned)
  sub \do_pop (1 bits, unsigned)
  add \num_push (2 bits, unsigned)
  packed 1 (1) bits / 1 words into adder tree
Using extmapper simplemap for cells of type $bmux.
Using extmapper simplemap for cells of type $sdff.
Using template $paramod$constmap:cd60aba434edd453c45ccf214f4b52ee3936d62e$paramod$729053c34d920e18d2192295dbd881988fd62a6c\_90_shift_shiftx for cells of type $shift.
Analyzing pattern of constant bits for this cell:
Creating constmapped module `$paramod$constmap:b91c81247bc485e1b204a74411b951929304bbb5$paramod$729053c34d920e18d2192295dbd881988fd62a6c\_90_shift_shiftx'.

4.20.38. Executing OPT_MUXTREE pass (detect dead branches in mux trees).
Running muxtree optimizer on module $paramod$constmap:b91c81247bc485e1b204a74411b951929304bbb5$paramod$729053c34d920e18d2192295dbd881988fd62a6c\_90_shift_shiftx..
  Creating internal representation of mux trees.
  Evaluating internal representation of mux trees.
  Analyzing evaluation results.
    dead port 2/2 on $mux $procmux$180569.
    dead port 2/2 on $mux $procmux$180575.
    dead port 2/2 on $mux $procmux$180581.
    dead port 2/2 on $mux $procmux$180587.
    dead port 2/2 on $mux $procmux$180593.
    dead port 2/2 on $mux $procmux$180599.
    dead port 2/2 on $mux $procmux$180605.
    dead port 2/2 on $mux $procmux$180611.
    dead port 2/2 on $mux $procmux$180617.
    dead port 2/2 on $mux $procmux$180623.
Removed 10 multiplexer ports.
<suppressed ~3412 debug messages>

4.20.39. Executing OPT_EXPR pass (perform const folding).
Optimizing module $paramod$constmap:b91c81247bc485e1b204a74411b951929304bbb5$paramod$729053c34d920e18d2192295dbd881988fd62a6c\_90_shift_shiftx.
<suppressed ~24 debug messages>
Removed 0 unused cells and 15 unused wires.
Using template $paramod$constmap:b91c81247bc485e1b204a74411b951929304bbb5$paramod$729053c34d920e18d2192295dbd881988fd62a6c\_90_shift_shiftx for cells of type $shift.
Using template $paramod$constmap:17775513e6c4c23cb52a882296ac366d677ff89e$paramod$6bf7b4e4d072eeff006a008286fb70df246477e6\_90_shift_shiftx for cells of type $shift.
Analyzing pattern of constant bits for this cell:
Creating constmapped module `$paramod$constmap:08967a8f426cb8a5816f1e5c4f0fe574b9a64b47$paramod$6bf7b4e4d072eeff006a008286fb70df246477e6\_90_shift_shiftx'.

4.20.45. Executing OPT_MUXTREE pass (detect dead branches in mux trees).
Running muxtree optimizer on module $paramod$constmap:08967a8f426cb8a5816f1e5c4f0fe574b9a64b47$paramod$6bf7b4e4d072eeff006a008286fb70df246477e6\_90_shift_shiftx..
  Creating internal representation of mux trees.
  Evaluating internal representation of mux trees.
  Analyzing evaluation results.
    dead port 2/2 on $mux $procmux$183290.
    dead port 2/2 on $mux $procmux$183296.
    dead port 2/2 on $mux $procmux$183302.
    dead port 2/2 on $mux $procmux$183308.
    dead port 2/2 on $mux $procmux$183314.
    dead port 2/2 on $mux $procmux$183320.
    dead port 2/2 on $mux $procmux$183326.
    dead port 2/2 on $mux $procmux$183332.
    dead port 2/2 on $mux $procmux$183338.
    dead port 2/2 on $mux $procmux$183344.
Removed 10 multiplexer ports.
<suppressed ~570 debug messages>

4.20.46. Executing OPT_EXPR pass (perform const folding).
Optimizing module $paramod$constmap:08967a8f426cb8a5816f1e5c4f0fe574b9a64b47$paramod$6bf7b4e4d072eeff006a008286fb70df246477e6\_90_shift_shiftx.
<suppressed ~24 debug messages>
Removed 0 unused cells and 15 unused wires.
Using template $paramod$constmap:08967a8f426cb8a5816f1e5c4f0fe574b9a64b47$paramod$6bf7b4e4d072eeff006a008286fb70df246477e6\_90_shift_shiftx for cells of type $shift.
Using template $paramod$constmap:6cd8f90721c88644dc26020a777b0852d3620e18$paramod$c3074ebf10f4d9279c8fcaff5babfb6674335b21\_90_shift_shiftx for cells of type $shift.
Analyzing pattern of constant bits for this cell:
Creating constmapped module `$paramod$constmap:8d612b521fc2385a6a818bff9675d62bbff9e4c4$paramod$c3074ebf10f4d9279c8fcaff5babfb6674335b21\_90_shift_shiftx'.

4.20.52. Executing OPT_MUXTREE pass (detect dead branches in mux trees).
Running muxtree optimizer on module $paramod$constmap:8d612b521fc2385a6a818bff9675d62bbff9e4c4$paramod$c3074ebf10f4d9279c8fcaff5babfb6674335b21\_90_shift_shiftx..
  Creating internal representation of mux trees.
  Evaluating internal representation of mux trees.
  Analyzing evaluation results.
    dead port 2/2 on $mux $procmux$185499.
    dead port 2/2 on $mux $procmux$185505.
    dead port 2/2 on $mux $procmux$185511.
    dead port 2/2 on $mux $procmux$185517.
    dead port 2/2 on $mux $procmux$185523.
    dead port 2/2 on $mux $procmux$185529.
    dead port 2/2 on $mux $procmux$185535.
    dead port 2/2 on $mux $procmux$185541.
    dead port 2/2 on $mux $procmux$185547.
    dead port 2/2 on $mux $procmux$185553.
Removed 10 multiplexer ports.
<suppressed ~587 debug messages>

4.20.53. Executing OPT_EXPR pass (perform const folding).
Optimizing module $paramod$constmap:8d612b521fc2385a6a818bff9675d62bbff9e4c4$paramod$c3074ebf10f4d9279c8fcaff5babfb6674335b21\_90_shift_shiftx.
<suppressed ~24 debug messages>
Removed 0 unused cells and 15 unused wires.
Using template $paramod$constmap:8d612b521fc2385a6a818bff9675d62bbff9e4c4$paramod$c3074ebf10f4d9279c8fcaff5babfb6674335b21\_90_shift_shiftx for cells of type $shift.
Using template $paramod$constmap:e116a16a7890c2aaf3e52fcc01378d369b37d9da$paramod$04ac01ac970300ba6022cb5556736727b1cc316b\_90_shift_shiftx for cells of type $shift.
Analyzing pattern of constant bits for this cell:
Creating constmapped module `$paramod$constmap:7f765b6969704388e40021614dc7e7cff5c3bf25$paramod$04ac01ac970300ba6022cb5556736727b1cc316b\_90_shift_shiftx'.

4.20.59. Executing OPT_MUXTREE pass (detect dead branches in mux trees).
Running muxtree optimizer on module $paramod$constmap:7f765b6969704388e40021614dc7e7cff5c3bf25$paramod$04ac01ac970300ba6022cb5556736727b1cc316b\_90_shift_shiftx..
  Creating internal representation of mux trees.
  Evaluating internal representation of mux trees.
  Analyzing evaluation results.
    dead port 2/2 on $mux $procmux$187709.
    dead port 2/2 on $mux $procmux$187715.
    dead port 2/2 on $mux $procmux$187721.
    dead port 2/2 on $mux $procmux$187727.
    dead port 2/2 on $mux $procmux$187733.
    dead port 2/2 on $mux $procmux$187739.
    dead port 2/2 on $mux $procmux$187745.
    dead port 2/2 on $mux $procmux$187751.
    dead port 2/2 on $mux $procmux$187757.
    dead port 2/2 on $mux $procmux$187763.
Removed 10 multiplexer ports.
<suppressed ~619 debug messages>

4.20.60. Executing OPT_EXPR pass (perform const folding).
Optimizing module $paramod$constmap:7f765b6969704388e40021614dc7e7cff5c3bf25$paramod$04ac01ac970300ba6022cb5556736727b1cc316b\_90_shift_shiftx.
<suppressed ~24 debug messages>
Removed 0 unused cells and 15 unused wires.
Using template $paramod$constmap:7f765b6969704388e40021614dc7e7cff5c3bf25$paramod$04ac01ac970300ba6022cb5556736727b1cc316b\_90_shift_shiftx for cells of type $shift.
Using template $paramod$constmap:7e626211d59364b54689c032e48053b801fd6672$paramod$9353b97b89d8c399c619c3a09f1649dd09f27539\_90_shift_shiftx for cells of type $shiftx.
Using template $paramod$constmap:e01fbbad0f515ee0180264e1353dcbc71013aa54$paramod$886dd584f20c2af8f2b7c40699fd991ce735f493\_90_shift_shiftx for cells of type $shiftx.
Using template $paramod$constmap:15c10ca581bae323dc133b4cff4aa1f57a01c015$paramod$1ea1b4e32efab16e2ab9b880e1331a0b3ab308d2\_90_shift_shiftx for cells of type $shiftx.
Using extmapper simplemap for cells of type $pmux.
Using extmapper simplemap for cells of type $dff.
Using template $paramod\_90_fa\WIDTH=32'00000000000000000000000000000110 for cells of type $fa.
Using template $paramod$00298f3f8094950cb9a5ff2fda48d0d8bde8806c\_90_alu for cells of type $alu.
Using template $paramod\_90_fa\WIDTH=32'00000000000000000000000000000101 for cells of type $fa.
Using template $paramod\_90_lcu_brent_kung\WIDTH=32'00000000000000000000000000000101 for cells of type $lcu.
Using template $paramod\_90_fa\WIDTH=32'00000000000000000000000000100001 for cells of type $fa.
Using template $paramod\_90_lcu_brent_kung\WIDTH=32'00000000000000000000000000100001 for cells of type $lcu.
Using template $paramod\_90_fa\WIDTH=32'00000000000000000000000000100000 for cells of type $fa.
Using template $paramod\_90_lcu_brent_kung\WIDTH=32'00000000000000000000000000100000 for cells of type $lcu.
Using template $paramod\_90_fa\WIDTH=32'00000000000000000000000000000111 for cells of type $fa.
Using template $paramod\_90_lcu_brent_kung\WIDTH=32'00000000000000000000000000000111 for cells of type $lcu.
Using template $paramod\_90_lcu_brent_kung\WIDTH=32'00000000000000000000000000000110 for cells of type $lcu.
No more expansions possible.
<suppressed ~6618 debug messages>

4.21. Executing OPT pass (performing simple optimizations).

4.21.1. Executing OPT_EXPR pass (perform const folding).
Optimizing module l1d.
<suppressed ~294774 debug messages>
Optimizing module $paramod$3b3ebe2a805de999e571f1f6aa39b69c15a9144c\mshr.
<suppressed ~213 debug messages>

4.21.2. Executing OPT_MERGE pass (detect identical cells).
Finding identical cells in module `\l1d'.
Computing hashes of 443772 cells of `\l1d'.
Finding duplicate cells in `\l1d'.
Computing hashes of 440582 cells of `\l1d'.
Finding duplicate cells in `\l1d'.
Computing hashes of 437750 cells of `\l1d'.
Finding duplicate cells in `\l1d'.
Computing hashes of 435047 cells of `\l1d'.
Finding duplicate cells in `\l1d'.
Computing hashes of 432317 cells of `\l1d'.
Finding duplicate cells in `\l1d'.
Computing hashes of 429411 cells of `\l1d'.
Finding duplicate cells in `\l1d'.
Computing hashes of 426073 cells of `\l1d'.
Finding duplicate cells in `\l1d'.
Computing hashes of 423903 cells of `\l1d'.
Finding duplicate cells in `\l1d'.
Computing hashes of 419941 cells of `\l1d'.
Finding duplicate cells in `\l1d'.
Computing hashes of 412549 cells of `\l1d'.
Finding duplicate cells in `\l1d'.
Computing hashes of 408951 cells of `\l1d'.
Finding duplicate cells in `\l1d'.
Computing hashes of 408937 cells of `\l1d'.
Finding duplicate cells in `\l1d'.
Computing hashes of 408923 cells of `\l1d'.
Finding duplicate cells in `\l1d'.
Computing hashes of 408909 cells of `\l1d'.
Finding duplicate cells in `\l1d'.
Computing hashes of 408895 cells of `\l1d'.
Finding duplicate cells in `\l1d'.
Computing hashes of 408881 cells of `\l1d'.
Finding duplicate cells in `\l1d'.
Computing hashes of 408867 cells of `\l1d'.
Finding duplicate cells in `\l1d'.
Computing hashes of 408853 cells of `\l1d'.
Finding duplicate cells in `\l1d'.
Computing hashes of 408839 cells of `\l1d'.
Finding duplicate cells in `\l1d'.
Computing hashes of 408825 cells of `\l1d'.
Finding duplicate cells in `\l1d'.
Computing hashes of 408811 cells of `\l1d'.
Finding duplicate cells in `\l1d'.
Computing hashes of 408797 cells of `\l1d'.
Finding duplicate cells in `\l1d'.
Computing hashes of 408783 cells of `\l1d'.
Finding duplicate cells in `\l1d'.
Computing hashes of 408665 cells of `\l1d'.
Finding duplicate cells in `\l1d'.
Computing hashes of 408429 cells of `\l1d'.
Finding duplicate cells in `\l1d'.
Computing hashes of 408227 cells of `\l1d'.
Finding duplicate cells in `\l1d'.
Computing hashes of 408059 cells of `\l1d'.
Finding duplicate cells in `\l1d'.
Computing hashes of 407905 cells of `\l1d'.
Finding duplicate cells in `\l1d'.
Computing hashes of 407751 cells of `\l1d'.
Finding duplicate cells in `\l1d'.
Computing hashes of 407597 cells of `\l1d'.
Finding duplicate cells in `\l1d'.
Computing hashes of 407443 cells of `\l1d'.
Finding duplicate cells in `\l1d'.
Computing hashes of 407429 cells of `\l1d'.
Finding duplicate cells in `\l1d'.
<suppressed ~109029 debug messages>
Finding identical cells in module `$paramod$3b3ebe2a805de999e571f1f6aa39b69c15a9144c\mshr'.
Computing hashes of 10113 cells of `$paramod$3b3ebe2a805de999e571f1f6aa39b69c15a9144c\mshr'.
Finding duplicate cells in `$paramod$3b3ebe2a805de999e571f1f6aa39b69c15a9144c\mshr'.
Computing hashes of 10070 cells of `$paramod$3b3ebe2a805de999e571f1f6aa39b69c15a9144c\mshr'.
Finding duplicate cells in `$paramod$3b3ebe2a805de999e571f1f6aa39b69c15a9144c\mshr'.
Computing hashes of 10054 cells of `$paramod$3b3ebe2a805de999e571f1f6aa39b69c15a9144c\mshr'.
Finding duplicate cells in `$paramod$3b3ebe2a805de999e571f1f6aa39b69c15a9144c\mshr'.
Computing hashes of 10049 cells of `$paramod$3b3ebe2a805de999e571f1f6aa39b69c15a9144c\mshr'.
Finding duplicate cells in `$paramod$3b3ebe2a805de999e571f1f6aa39b69c15a9144c\mshr'.
<suppressed ~192 debug messages>
Removed a total of 36407 cells.

4.21.3. Executing OPT_DFF pass (perform DFF optimizations).

4.21.4. Executing OPT_CLEAN pass (remove unused cells and wires).
Finding unused cells or wires in module \l1d..
Finding unused cells or wires in module $paramod$3b3ebe2a805de999e571f1f6aa39b69c15a9144c\mshr..
Removed 7532 unused cells and 3542 unused wires.
<suppressed ~7534 debug messages>

4.21.5. Finished fast OPT passes.

4.22. Executing ABC pass (technology mapping using ABC).

4.22.1. Extracting gate netlist of module `\l1d' to `<abc-temp-dir>/input.blif'..
Replacing 112 occurrences of constant undef bits with constant zero bits

4.22.1.1. Executed ABC.
Extracted 324951 gates and 401149 wires to a netlist network with 76195 inputs and 69733 outputs.
Running ABC script: <abc-temp-dir>/abc.script
ABC: UC Berkeley, ABC 1.01 (compiled Sep 12 2026 05:01:00)
ABC: abc 01> empty
ABC: abc 01> source <abc-temp-dir>/abc.script
ABC: + read_blif <abc-temp-dir>/input.blif 
ABC: + read_library <abc-temp-dir>/stdcells.genlib 
ABC: + strash 
ABC: + &get -n 
ABC: + &fraig -x 
ABC: + &put 
ABC: + scorr 
ABC: Warning: The network is combinational (run "fraig" or "fraig_sweep").
ABC: + dc2 
ABC: + dretime 
ABC: + strash 
ABC: + &get -n 
ABC: + &dch -f 
ABC: + &nf 
ABC: + &put 
ABC: + write_blif <abc-temp-dir>/output.blif 
ABC: 
ABC: YOSYS_ABC_DONE 

4.22.1.2. Re-integrating ABC results.
ABC RESULTS:               AND cells:   145376
ABC RESULTS:            ANDNOT cells:     1287
ABC RESULTS:               MUX cells:   118322
ABC RESULTS:              NAND cells:   229340
ABC RESULTS:               NOR cells:     1096
ABC RESULTS:               NOT cells:      296
ABC RESULTS:                OR cells:    12141
ABC RESULTS:             ORNOT cells:    10700
ABC RESULTS:              XNOR cells:       31
ABC RESULTS:               XOR cells:      191
ABC RESULTS:        internal signals:   255221
ABC RESULTS:           input signals:    76195
ABC RESULTS:          output signals:    69733
Removing temp directory.

4.22.2. Extracting gate netlist of module `$paramod$3b3ebe2a805de999e571f1f6aa39b69c15a9144c\mshr' to `<abc-temp-dir>/input.blif'..

4.22.2.1. Executed ABC.
Extracted 5104 gates and 10085 wires to a netlist network with 4979 inputs and 1272 outputs.
Running ABC script: <abc-temp-dir>/abc.script
ABC: UC Berkeley, ABC 1.01 (compiled Sep 12 2026 05:01:00)
ABC: abc 01> empty
ABC: abc 01> source <abc-temp-dir>/abc.script
ABC: + read_blif <abc-temp-dir>/input.blif 
ABC: + read_library <abc-temp-dir>/stdcells.genlib 
ABC: + strash 
ABC: + &get -n 
ABC: + &fraig -x 
ABC: + &put 
ABC: + scorr 
ABC: Warning: The network is combinational (run "fraig" or "fraig_sweep").
ABC: + dc2 
ABC: + dretime 
ABC: + strash 
ABC: + &get -n 
ABC: + &dch -f 
ABC: + &nf 
ABC: + &put 
ABC: + write_blif <abc-temp-dir>/output.blif 
ABC: 
ABC: YOSYS_ABC_DONE 

4.22.2.2. Re-integrating ABC results.
ABC RESULTS:               AND cells:     3239
ABC RESULTS:            ANDNOT cells:       18
ABC RESULTS:               MUX cells:       60
ABC RESULTS:              NAND cells:     6479
ABC RESULTS:               NOR cells:        3
ABC RESULTS:               NOT cells:       15
ABC RESULTS:                OR cells:       31
ABC RESULTS:             ORNOT cells:      357
ABC RESULTS:              XNOR cells:      293
ABC RESULTS:        internal signals:     3834
ABC RESULTS:           input signals:     4979
ABC RESULTS:          output signals:     1272
Removing temp directory.
Removing global temp directory.

4.23. Executing OPT pass (performing simple optimizations).

4.23.1. Executing OPT_EXPR pass (perform const folding).
Optimizing module l1d.
<suppressed ~29738 debug messages>
Optimizing module $paramod$3b3ebe2a805de999e571f1f6aa39b69c15a9144c\mshr.

4.23.2. Executing OPT_MERGE pass (detect identical cells).
Finding identical cells in module `\l1d'.
Computing hashes of 593756 cells of `\l1d'.
Finding duplicate cells in `\l1d'.
Finding identical cells in module `$paramod$3b3ebe2a805de999e571f1f6aa39b69c15a9144c\mshr'.
Computing hashes of 15410 cells of `$paramod$3b3ebe2a805de999e571f1f6aa39b69c15a9144c\mshr'.
Finding duplicate cells in `$paramod$3b3ebe2a805de999e571f1f6aa39b69c15a9144c\mshr'.
Removed a total of 0 cells.

4.23.3. Executing OPT_DFF pass (perform DFF optimizations).

4.23.4. Executing OPT_CLEAN pass (remove unused cells and wires).
Finding unused cells or wires in module \l1d..
Finding unused cells or wires in module $paramod$3b3ebe2a805de999e571f1f6aa39b69c15a9144c\mshr..
Removed 0 unused cells and 94372 unused wires.
<suppressed ~20 debug messages>

4.23.5. Finished fast OPT passes.

4.24. Executing HIERARCHY pass (managing design hierarchy).
Attribute `top' found on module `l1d'. Setting top module to l1d.

4.24.1. Analyzing design hierarchy..
Top module:  \l1d
Used module:     $paramod$3b3ebe2a805de999e571f1f6aa39b69c15a9144c\mshr

4.24.2. Analyzing design hierarchy..
Top module:  \l1d
Used module:     $paramod$3b3ebe2a805de999e571f1f6aa39b69c15a9144c\mshr
Removed 0 unused modules.

4.25. Printing statistics.

=== l1d ===

        +----------Local Count, excluding submodules.
        | 
   518117 wires
   596984 wire bits
      712 public wires
    79172 public wire bits
       26 ports
     1462 port bits
   593755 cells
     1287   $_ANDNOT_
   145376   $_AND_
    74468   $_DFFE_PP_
      320   $_DFF_P_
   118322   $_MUX_
   229340   $_NAND_
     1096   $_NOR_
      296   $_NOT_
    10700   $_ORNOT_
    12141   $_OR_
        5   $_SDFFE_PN0N_
      168   $_SDFFE_PN0P_
       14   $_SDFF_PN0_
       31   $_XNOR_
      191   $_XOR_
        1 submodules
        1   $paramod$3b3ebe2a805de999e571f1f6aa39b69c15a9144c\mshr

=== $paramod$3b3ebe2a805de999e571f1f6aa39b69c15a9144c\mshr ===

        +----------Local Count, excluding submodules.
        | 
     9342 wires
    16709 wire bits
       84 public wires
     7449 public wire bits
       35 ports
     2530 port bits
    15410 cells
       18   $_ANDNOT_
     3239   $_AND_
     4902   $_DFFE_PP_
       60   $_MUX_
     6479   $_NAND_
        3   $_NOR_
       15   $_NOT_
      357   $_ORNOT_
       31   $_OR_
       13   $_SDFFE_PP0P_
      293   $_XNOR_

=== design hierarchy ===

        +----------Count including submodules.
        | 
   609165 l1d
    15410 $paramod$3b3ebe2a805de999e571f1f6aa39b69c15a9144c\mshr

        +----------Count including submodules.
        | 
   527459 wires
   613693 wire bits
      796 public wires
    86621 public wire bits
       61 ports
     3992 port bits
        - memories
        - memory bits
        - processes
   609165 cells
     1305   $_ANDNOT_
   148615   $_AND_
    79370   $_DFFE_PP_
      320   $_DFF_P_
   118382   $_MUX_
   235819   $_NAND_
     1099   $_NOR_
      311   $_NOT_
    11057   $_ORNOT_
    12172   $_OR_
        5   $_SDFFE_PN0N_
      168   $_SDFFE_PN0P_
       13   $_SDFFE_PP0P_
       14   $_SDFF_PN0_
      324   $_XNOR_
      191   $_XOR_
        1 submodules
        1   $paramod$3b3ebe2a805de999e571f1f6aa39b69c15a9144c\mshr

4.26. Executing CHECK pass (checking for obvious problems).
Checking module l1d...
Warning: multiple conflicting drivers for l1d.\cnt_writebacks [31]:
    port Q[0] of cell $auto$ff.cc:337:slice$110957 ($_DFFE_PP_)
    port Q[0] of cell $auto$ff.cc:337:slice$110757 ($_SDFFE_PN0P_)
Warning: multiple conflicting drivers for l1d.\cnt_writebacks [0]:
    port Q[0] of cell $auto$ff.cc:337:slice$110926 ($_DFFE_PP_)
    port Q[0] of cell $auto$ff.cc:337:slice$110726 ($_SDFFE_PN0P_)
Warning: multiple conflicting drivers for l1d.\cnt_writebacks [1]:
    port Q[0] of cell $auto$ff.cc:337:slice$110927 ($_DFFE_PP_)
    port Q[0] of cell $auto$ff.cc:337:slice$110727 ($_SDFFE_PN0P_)
Warning: multiple conflicting drivers for l1d.\cnt_writebacks [2]:
    port Q[0] of cell $auto$ff.cc:337:slice$110928 ($_DFFE_PP_)
    port Q[0] of cell $auto$ff.cc:337:slice$110728 ($_SDFFE_PN0P_)
Warning: multiple conflicting drivers for l1d.\cnt_writebacks [3]:
    port Q[0] of cell $auto$ff.cc:337:slice$110929 ($_DFFE_PP_)
    port Q[0] of cell $auto$ff.cc:337:slice$110729 ($_SDFFE_PN0P_)
Warning: multiple conflicting drivers for l1d.\cnt_writebacks [4]:
    port Q[0] of cell $auto$ff.cc:337:slice$110930 ($_DFFE_PP_)
    port Q[0] of cell $auto$ff.cc:337:slice$110730 ($_SDFFE_PN0P_)
Warning: multiple conflicting drivers for l1d.\cnt_writebacks [5]:
    port Q[0] of cell $auto$ff.cc:337:slice$110931 ($_DFFE_PP_)
    port Q[0] of cell $auto$ff.cc:337:slice$110731 ($_SDFFE_PN0P_)
Warning: multiple conflicting drivers for l1d.\cnt_writebacks [6]:
    port Q[0] of cell $auto$ff.cc:337:slice$110932 ($_DFFE_PP_)
    port Q[0] of cell $auto$ff.cc:337:slice$110732 ($_SDFFE_PN0P_)
Warning: multiple conflicting drivers for l1d.\cnt_writebacks [7]:
    port Q[0] of cell $auto$ff.cc:337:slice$110933 ($_DFFE_PP_)
    port Q[0] of cell $auto$ff.cc:337:slice$110733 ($_SDFFE_PN0P_)
Warning: multiple conflicting drivers for l1d.\cnt_writebacks [8]:
    port Q[0] of cell $auto$ff.cc:337:slice$110934 ($_DFFE_PP_)
    port Q[0] of cell $auto$ff.cc:337:slice$110734 ($_SDFFE_PN0P_)
Warning: multiple conflicting drivers for l1d.\cnt_writebacks [9]:
    port Q[0] of cell $auto$ff.cc:337:slice$110935 ($_DFFE_PP_)
    port Q[0] of cell $auto$ff.cc:337:slice$110735 ($_SDFFE_PN0P_)
Warning: multiple conflicting drivers for l1d.\cnt_writebacks [10]:
    port Q[0] of cell $auto$ff.cc:337:slice$110936 ($_DFFE_PP_)
    port Q[0] of cell $auto$ff.cc:337:slice$110736 ($_SDFFE_PN0P_)
Warning: multiple conflicting drivers for l1d.\cnt_writebacks [11]:
    port Q[0] of cell $auto$ff.cc:337:slice$110937 ($_DFFE_PP_)
    port Q[0] of cell $auto$ff.cc:337:slice$110737 ($_SDFFE_PN0P_)
Warning: multiple conflicting drivers for l1d.\cnt_writebacks [12]:
    port Q[0] of cell $auto$ff.cc:337:slice$110938 ($_DFFE_PP_)
    port Q[0] of cell $auto$ff.cc:337:slice$110738 ($_SDFFE_PN0P_)
Warning: multiple conflicting drivers for l1d.\cnt_writebacks [13]:
    port Q[0] of cell $auto$ff.cc:337:slice$110939 ($_DFFE_PP_)
    port Q[0] of cell $auto$ff.cc:337:slice$110739 ($_SDFFE_PN0P_)
Warning: multiple conflicting drivers for l1d.\cnt_writebacks [14]:
    port Q[0] of cell $auto$ff.cc:337:slice$110940 ($_DFFE_PP_)
    port Q[0] of cell $auto$ff.cc:337:slice$110740 ($_SDFFE_PN0P_)
Warning: multiple conflicting drivers for l1d.\cnt_writebacks [15]:
    port Q[0] of cell $auto$ff.cc:337:slice$110941 ($_DFFE_PP_)
    port Q[0] of cell $auto$ff.cc:337:slice$110741 ($_SDFFE_PN0P_)
Warning: multiple conflicting drivers for l1d.\cnt_writebacks [16]:
    port Q[0] of cell $auto$ff.cc:337:slice$110942 ($_DFFE_PP_)
    port Q[0] of cell $auto$ff.cc:337:slice$110742 ($_SDFFE_PN0P_)
Warning: multiple conflicting drivers for l1d.\cnt_writebacks [17]:
    port Q[0] of cell $auto$ff.cc:337:slice$110943 ($_DFFE_PP_)
    port Q[0] of cell $auto$ff.cc:337:slice$110743 ($_SDFFE_PN0P_)
Warning: multiple conflicting drivers for l1d.\cnt_writebacks [18]:
    port Q[0] of cell $auto$ff.cc:337:slice$110944 ($_DFFE_PP_)
    port Q[0] of cell $auto$ff.cc:337:slice$110744 ($_SDFFE_PN0P_)
Warning: multiple conflicting drivers for l1d.\cnt_writebacks [19]:
    port Q[0] of cell $auto$ff.cc:337:slice$110945 ($_DFFE_PP_)
    port Q[0] of cell $auto$ff.cc:337:slice$110745 ($_SDFFE_PN0P_)
Warning: multiple conflicting drivers for l1d.\cnt_writebacks [20]:
    port Q[0] of cell $auto$ff.cc:337:slice$110946 ($_DFFE_PP_)
    port Q[0] of cell $auto$ff.cc:337:slice$110746 ($_SDFFE_PN0P_)
Warning: multiple conflicting drivers for l1d.\cnt_writebacks [21]:
    port Q[0] of cell $auto$ff.cc:337:slice$110947 ($_DFFE_PP_)
    port Q[0] of cell $auto$ff.cc:337:slice$110747 ($_SDFFE_PN0P_)
Warning: multiple conflicting drivers for l1d.\cnt_writebacks [22]:
    port Q[0] of cell $auto$ff.cc:337:slice$110948 ($_DFFE_PP_)
    port Q[0] of cell $auto$ff.cc:337:slice$110748 ($_SDFFE_PN0P_)
Warning: multiple conflicting drivers for l1d.\cnt_writebacks [23]:
    port Q[0] of cell $auto$ff.cc:337:slice$110949 ($_DFFE_PP_)
    port Q[0] of cell $auto$ff.cc:337:slice$110749 ($_SDFFE_PN0P_)
Warning: multiple conflicting drivers for l1d.\cnt_writebacks [24]:
    port Q[0] of cell $auto$ff.cc:337:slice$110950 ($_DFFE_PP_)
    port Q[0] of cell $auto$ff.cc:337:slice$110750 ($_SDFFE_PN0P_)
Warning: multiple conflicting drivers for l1d.\cnt_writebacks [25]:
    port Q[0] of cell $auto$ff.cc:337:slice$110951 ($_DFFE_PP_)
    port Q[0] of cell $auto$ff.cc:337:slice$110751 ($_SDFFE_PN0P_)
Warning: multiple conflicting drivers for l1d.\cnt_writebacks [26]:
    port Q[0] of cell $auto$ff.cc:337:slice$110952 ($_DFFE_PP_)
    port Q[0] of cell $auto$ff.cc:337:slice$110752 ($_SDFFE_PN0P_)
Warning: multiple conflicting drivers for l1d.\cnt_writebacks [27]:
    port Q[0] of cell $auto$ff.cc:337:slice$110953 ($_DFFE_PP_)
    port Q[0] of cell $auto$ff.cc:337:slice$110753 ($_SDFFE_PN0P_)
Warning: multiple conflicting drivers for l1d.\cnt_writebacks [28]:
    port Q[0] of cell $auto$ff.cc:337:slice$110954 ($_DFFE_PP_)
    port Q[0] of cell $auto$ff.cc:337:slice$110754 ($_SDFFE_PN0P_)
Warning: multiple conflicting drivers for l1d.\cnt_writebacks [29]:
    port Q[0] of cell $auto$ff.cc:337:slice$110955 ($_DFFE_PP_)
    port Q[0] of cell $auto$ff.cc:337:slice$110755 ($_SDFFE_PN0P_)
Warning: multiple conflicting drivers for l1d.\cnt_writebacks [30]:
    port Q[0] of cell $auto$ff.cc:337:slice$110956 ($_DFFE_PP_)
    port Q[0] of cell $auto$ff.cc:337:slice$110756 ($_SDFFE_PN0P_)
Checking module $paramod$3b3ebe2a805de999e571f1f6aa39b69c15a9144c\mshr...
Found and reported 32 problems.

5. Executing DFFLIBMAP pass (mapping DFF/DLATCH cells to sequential cells from liberty file).
  cell sg13g2_dfrbpq_1 (noninv, pins=4, area=48.99) is a direct match for cell type $_DFF_PN0_.
  cell sg13g2_dlhq_1 (noninv, pins=3, area=30.84) is a direct match for cell type $_DLATCH_P_.
  cell sg13g2_dllrq_1 (noninv, pins=4, area=29.03) is a direct match for cell type $_DLATCH_NN0_.
  cell sg13g2_dlhrq_1 (noninv, pins=4, area=27.22) is a direct match for cell type $_DLATCH_PN0_.
  final dff/dlatch cell mappings:
    unmapped dff/dlatch cell: $_DFF_N_
    unmapped dff/dlatch cell: $_DFF_P_
    unmapped dff/dlatch cell: $_DFF_NN0_
    unmapped dff/dlatch cell: $_DFF_NN1_
    unmapped dff/dlatch cell: $_DFF_NP0_
    unmapped dff/dlatch cell: $_DFF_NP1_
    \sg13g2_dfrbpq_1 _DFF_PN0_ (.CLK( C), .D( D), .Q( Q), .RESET_B( R));
    unmapped dff/dlatch cell: $_DFF_PN1_
    unmapped dff/dlatch cell: $_DFF_PP0_
    unmapped dff/dlatch cell: $_DFF_PP1_
    unmapped dff/dlatch cell: $_DFFE_NN_
    unmapped dff/dlatch cell: $_DFFE_NP_
    unmapped dff/dlatch cell: $_DFFE_PN_
    unmapped dff/dlatch cell: $_DFFE_PP_
    unmapped dff/dlatch cell: $_DFFSR_NNN_
    unmapped dff/dlatch cell: $_DFFSR_NNP_
    unmapped dff/dlatch cell: $_DFFSR_NPN_
    unmapped dff/dlatch cell: $_DFFSR_NPP_
    unmapped dff/dlatch cell: $_DFFSR_PNN_
    unmapped dff/dlatch cell: $_DFFSR_PNP_
    unmapped dff/dlatch cell: $_DFFSR_PPN_
    unmapped dff/dlatch cell: $_DFFSR_PPP_
    unmapped dff/dlatch cell: $_DLATCH_N_
    \sg13g2_dlhq_1 _DLATCH_P_ (.D( D), .GATE( E), .Q( Q));
    \sg13g2_dllrq_1 _DLATCH_NN0_ (.D( D), .GATE_N( E), .Q( Q), .RESET_B( R));
    unmapped dff/dlatch cell: $_DLATCH_NN1_
    unmapped dff/dlatch cell: $_DLATCH_NP0_
    unmapped dff/dlatch cell: $_DLATCH_NP1_
    \sg13g2_dlhrq_1 _DLATCH_PN0_ (.D( D), .GATE( E), .Q( Q), .RESET_B( R));
    unmapped dff/dlatch cell: $_DLATCH_PN1_
    unmapped dff/dlatch cell: $_DLATCH_PP0_
    unmapped dff/dlatch cell: $_DLATCH_PP1_
    unmapped dff/dlatch cell: $_DLATCHSR_NNN_
    unmapped dff/dlatch cell: $_DLATCHSR_NNP_
    unmapped dff/dlatch cell: $_DLATCHSR_NPN_
    unmapped dff/dlatch cell: $_DLATCHSR_NPP_
    unmapped dff/dlatch cell: $_DLATCHSR_PNN_
    unmapped dff/dlatch cell: $_DLATCHSR_PNP_
    unmapped dff/dlatch cell: $_DLATCHSR_PPN_
    unmapped dff/dlatch cell: $_DLATCHSR_PPP_

5.1. Executing DFFLEGALIZE pass (convert FFs and LATCHes to types supported by the target).
<suppressed ~4 debug messages>
Mapping DFF/DLATCH cells in module `\l1d':
  mapped 74975 $_DFF_PN0_ cells to \sg13g2_dfrbpq_1 cells.
Mapping DFF/DLATCH cells in module `$paramod$3b3ebe2a805de999e571f1f6aa39b69c15a9144c\mshr':
  mapped 4915 $_DFF_PN0_ cells to \sg13g2_dfrbpq_1 cells.

6. Executing ABC pass (technology mapping using ABC).

6.1. Extracting gate netlist of module `\l1d' to `<abc-temp-dir>/input.blif'..
ABC: using cached merged SCL: /tmp/yosys-liberty-scl-cache-1000/yosys_merged_0a0e92c0.scl (1 files)

6.1.1. Executed ABC.
Extracted 593608 gates and 669925 wires to a netlist network with 76316 inputs and 76124 outputs.
Running ABC script: <abc-temp-dir>/abc.script
ABC: UC Berkeley, ABC 1.01 (compiled Sep 12 2026 05:01:00)
ABC: abc 01> empty
ABC: abc 01> source <abc-temp-dir>/abc.script
ABC: + read_blif <abc-temp-dir>/input.blif 
ABC: + read_scl /tmp/yosys-liberty-scl-cache-1000/yosys_merged_0a0e92c0.scl 
ABC: + strash 
ABC: + &get -n 
ABC: + &fraig -x 
ABC: + &put 
ABC: + scorr 
ABC: Warning: The network is combinational (run "fraig" or "fraig_sweep").
ABC: + dc2 
ABC: + dretime 
ABC: + strash 
ABC: + &get -n 
ABC: + &dch -f 
ABC: + &nf 
ABC: + &put 
ABC: + write_blif <abc-temp-dir>/output.blif 
ABC: 
ABC: YOSYS_ABC_DONE 

6.1.2. Re-integrating ABC results.
ABC RESULTS:     sg13g2_a21o_1 cells:    18507
ABC RESULTS:    sg13g2_a21oi_1 cells:    50232
ABC RESULTS:   sg13g2_a221oi_1 cells:    11781
ABC RESULTS:    sg13g2_a22oi_1 cells:   119885
ABC RESULTS:     sg13g2_and2_1 cells:    11970
ABC RESULTS:     sg13g2_and3_1 cells:      282
ABC RESULTS:     sg13g2_and4_1 cells:      509
ABC RESULTS:      sg13g2_inv_1 cells:    15475
ABC RESULTS:     sg13g2_mux2_1 cells:     8746
ABC RESULTS:     sg13g2_mux4_1 cells:     9944
ABC RESULTS:    sg13g2_nand2_1 cells:    23974
ABC RESULTS:   sg13g2_nand2b_1 cells:      666
ABC RESULTS:    sg13g2_nand3_1 cells:    16509
ABC RESULTS:   sg13g2_nand3b_1 cells:       73
ABC RESULTS:    sg13g2_nand4_1 cells:     5126
ABC RESULTS:     sg13g2_nor2_1 cells:    17715
ABC RESULTS:    sg13g2_nor2b_1 cells:      298
ABC RESULTS:     sg13g2_nor3_1 cells:     1297
ABC RESULTS:     sg13g2_nor4_1 cells:     2064
ABC RESULTS:    sg13g2_o21ai_1 cells:    75070
ABC RESULTS:      sg13g2_or2_1 cells:      625
ABC RESULTS:      sg13g2_or3_1 cells:      164
ABC RESULTS:      sg13g2_or4_1 cells:      198
ABC RESULTS:    sg13g2_xnor2_1 cells:       48
ABC RESULTS:     sg13g2_xor2_1 cells:       11
ABC RESULTS:        internal signals:   517485
ABC RESULTS:           input signals:    76316
ABC RESULTS:          output signals:    76124
Removing temp directory.

6.2. Extracting gate netlist of module `$paramod$3b3ebe2a805de999e571f1f6aa39b69c15a9144c\mshr' to `<abc-temp-dir>/input.blif'..
ABC: using cached merged SCL: /tmp/yosys-liberty-scl-cache-1000/yosys_merged_0a0e92c0.scl (1 files)

6.2.1. Executed ABC.
Extracted 15423 gates and 21628 wires to a netlist network with 6203 inputs and 6150 outputs.
Running ABC script: <abc-temp-dir>/abc.script
ABC: UC Berkeley, ABC 1.01 (compiled Sep 12 2026 05:01:00)
ABC: abc 01> empty
ABC: abc 01> source <abc-temp-dir>/abc.script
ABC: + read_blif <abc-temp-dir>/input.blif 
ABC: + read_scl /tmp/yosys-liberty-scl-cache-1000/yosys_merged_0a0e92c0.scl 
ABC: + strash 
ABC: + &get -n 
ABC: + &fraig -x 
ABC: + &put 
ABC: + scorr 
ABC: Warning: The network is combinational (run "fraig" or "fraig_sweep").
ABC: + dc2 
ABC: + dretime 
ABC: + strash 
ABC: + &get -n 
ABC: + &dch -f 
ABC: + &nf 
ABC: + &put 
ABC: + write_blif <abc-temp-dir>/output.blif 
ABC: 
ABC: YOSYS_ABC_DONE 

6.2.2. Re-integrating ABC results.
ABC RESULTS:     sg13g2_a21o_1 cells:       59
ABC RESULTS:    sg13g2_a21oi_1 cells:      138
ABC RESULTS:   sg13g2_a221oi_1 cells:       88
ABC RESULTS:    sg13g2_a22oi_1 cells:     2581
ABC RESULTS:     sg13g2_and2_1 cells:       11
ABC RESULTS:     sg13g2_and3_1 cells:        5
ABC RESULTS:     sg13g2_and4_1 cells:        9
ABC RESULTS:      sg13g2_inv_1 cells:      225
ABC RESULTS:     sg13g2_mux2_1 cells:     4808
ABC RESULTS:    sg13g2_nand2_1 cells:     1357
ABC RESULTS:   sg13g2_nand2b_1 cells:       59
ABC RESULTS:    sg13g2_nand3_1 cells:       99
ABC RESULTS:   sg13g2_nand3b_1 cells:       11
ABC RESULTS:    sg13g2_nand4_1 cells:       92
ABC RESULTS:     sg13g2_nor2_1 cells:       86
ABC RESULTS:    sg13g2_nor2b_1 cells:      142
ABC RESULTS:     sg13g2_nor3_1 cells:       23
ABC RESULTS:     sg13g2_nor4_1 cells:       53
ABC RESULTS:    sg13g2_o21ai_1 cells:       49
ABC RESULTS:      sg13g2_or2_1 cells:        5
ABC RESULTS:      sg13g2_or3_1 cells:        2
ABC RESULTS:      sg13g2_or4_1 cells:        1
ABC RESULTS:    sg13g2_xnor2_1 cells:       76
ABC RESULTS:     sg13g2_xor2_1 cells:      120
ABC RESULTS:        internal signals:     9275
ABC RESULTS:           input signals:     6203
ABC RESULTS:          output signals:     6150
Removing temp directory.
Removing global temp directory.

7. Executing OPT_CLEAN pass (remove unused cells and wires).
Finding unused cells or wires in module \l1d..
Finding unused cells or wires in module $paramod$3b3ebe2a805de999e571f1f6aa39b69c15a9144c\mshr..
Removed 0 unused cells and 691323 unused wires.
<suppressed ~5 debug messages>

8. Printing statistics.

=== l1d ===

        +----------Local Count, excluding submodules.
        |        +-Local Area, excluding submodules.
        |        | 
   390732        - wires
   469192        - wire bits
      710        - public wires
    79170        - public wire bits
       26        - ports
     1462        - port bits
   466144 7.82E+06 cells
    18507 2.35E+05   sg13g2_a21o_1
    50232 4.56E+05   sg13g2_a21oi_1
    11781 1.71E+05   sg13g2_a221oi_1
   119885  1.3E+06   sg13g2_a22oi_1
    11970 1.09E+05   sg13g2_and2_1
      282 3.58E+03   sg13g2_and3_1
      509 7.39E+03   sg13g2_and4_1
    74975 3.67E+06   sg13g2_dfrbpq_1
    15475 8.42E+04   sg13g2_inv_1
     8746 1.59E+05   sg13g2_mux2_1
     9944 3.79E+05   sg13g2_mux4_1
    23974 1.74E+05   sg13g2_nand2_1
      666 6.04E+03   sg13g2_nand2b_1
    16509  1.5E+05   sg13g2_nand3_1
       73  927.158   sg13g2_nand3b_1
     5126 5.58E+04   sg13g2_nand4_1
    17715 1.29E+05   sg13g2_nor2_1
      298  2.7E+03   sg13g2_nor2b_1
     1297 1.18E+04   sg13g2_nor3_1
     2064 2.25E+04   sg13g2_nor4_1
    75070 6.81E+05   sg13g2_o21ai_1
      625     5670   sg13g2_or2_1
      164 2.08E+03   sg13g2_or3_1
      198  2874.01   sg13g2_or4_1
       48   696.73   sg13g2_xnor2_1
       11  159.667   sg13g2_xor2_1
        1        - submodules
        1        -   $paramod$3b3ebe2a805de999e571f1f6aa39b69c15a9144c\mshr

   Chip area for module '\l1d': 7821216.862196
     of which used for sequential elements: 3672935.279997 (46.96%)

=== $paramod$3b3ebe2a805de999e571f1f6aa39b69c15a9144c\mshr ===

        +----------Local Count, excluding submodules.
        |        +-Local Area, excluding submodules.
        |        | 
     8947        - wires
    16311        - wire bits
       83        - public wires
     7447        - public wire bits
       35        - ports
     2530        - port bits
    15014 3.79E+05 cells
       59  749.347   sg13g2_a21o_1
      138 1.25E+03   sg13g2_a21oi_1
       88 1.28E+03   sg13g2_a221oi_1
     2581  2.8E+04   sg13g2_a22oi_1
       11   99.792   sg13g2_and2_1
        5   63.504   sg13g2_and3_1
        9  130.637   sg13g2_and4_1
     4915 2.41E+05   sg13g2_dfrbpq_1
      225  1224.72   sg13g2_inv_1
     4808 8.72E+04   sg13g2_mux2_1
     1357 9.85E+03   sg13g2_nand2_1
       59  535.248   sg13g2_nand2b_1
       99  898.128   sg13g2_nand3_1
       11  139.709   sg13g2_nand3b_1
       92    1E+03   sg13g2_nand4_1
       86  624.154   sg13g2_nor2_1
      142 1.29E+03   sg13g2_nor2b_1
       23  208.656   sg13g2_nor3_1
       53  576.979   sg13g2_nor4_1
       49  444.528   sg13g2_o21ai_1
        5    45.36   sg13g2_or2_1
        2   25.402   sg13g2_or3_1
        1   14.515   sg13g2_or4_1
       76  1.1E+03   sg13g2_xnor2_1
      120 1.74E+03   sg13g2_xor2_1

   Chip area for module '$paramod$3b3ebe2a805de999e571f1f6aa39b69c15a9144c\mshr': 379309.807800
     of which used for sequential elements: 240779.952000 (63.48%)

=== design hierarchy ===

        +----------Count including submodules.
        |        +-Area including submodules.
        |        | 
   481158  8.2E+06 l1d
    15014 3.79E+05 $paramod$3b3ebe2a805de999e571f1f6aa39b69c15a9144c\mshr

        +----------Count including submodules.
        |        +-Area including submodules.
        |        | 
   399679        - wires
   485503        - wire bits
      793        - public wires
    86617        - public wire bits
       61        - ports
     3992        - port bits
        -        - memories
        -        - memory bits
        -        - processes
   481158  8.2E+06 cells
    18566 2.36E+05   sg13g2_a21o_1
    50370 4.57E+05   sg13g2_a21oi_1
    11869 1.72E+05   sg13g2_a221oi_1
   122466 1.33E+06   sg13g2_a22oi_1
    11981 1.09E+05   sg13g2_and2_1
      287  3645.13   sg13g2_and3_1
      518 7.52E+03   sg13g2_and4_1
    79890 3.91E+06   sg13g2_dfrbpq_1
    15700 8.55E+04   sg13g2_inv_1
    13554 2.46E+05   sg13g2_mux2_1
     9944 3.79E+05   sg13g2_mux4_1
    25331 1.84E+05   sg13g2_nand2_1
      725   6577.2   sg13g2_nand2b_1
    16608 1.51E+05   sg13g2_nand3_1
       84 1.07E+03   sg13g2_nand3b_1
     5218 5.68E+04   sg13g2_nand4_1
    17801 1.29E+05   sg13g2_nor2_1
      440  3991.68   sg13g2_nor2b_1
     1320  1.2E+04   sg13g2_nor3_1
     2117  2.3E+04   sg13g2_nor4_1
    75119 6.81E+05   sg13g2_o21ai_1
      630  5715.36   sg13g2_or2_1
      166 2.11E+03   sg13g2_or3_1
      199 2.89E+03   sg13g2_or4_1
      124  1.8E+03   sg13g2_xnor2_1
      131  1.9E+03   sg13g2_xor2_1
        1 3.79E+05 submodules
        1 3.79E+05   $paramod$3b3ebe2a805de999e571f1f6aa39b69c15a9144c\mshr

   Chip area for top module '\l1d': 8200526.670052
     of which used for sequential elements: 3913715.231997 (47.73%)

9. Executing Verilog backend.

9.1. Executing BMUXMAP pass.

9.2. Executing DEMUXMAP pass.
Dumping module `$paramod$3b3ebe2a805de999e571f1f6aa39b69c15a9144c\mshr'.
Dumping module `\l1d'.

10. Executing JSON backend.

Warnings: 64 unique messages, 64 total
End of script. Logfile hash: c155aa316f, time: 829.24s, user: 48.61s, system: 3.62s, MEM: 1702.72 MB peak
Yosys 0.69+24 (git sha1 d0e71cfb7-dirty, Release, Clang /usr/bin/clang++ 21.1.8)
Time spent: 95% 2x abc (796 sec), 1% 29x opt_clean (15 sec), ...
